code,name,icao,iata,wmo,msc_id,country,province_territory,lat,lon,station_type,sources_available,data_provider
09AA-M1,Tagish Tower,09AA-M1,09AA-M1,,YT-DE-WRB_09AA-M1,Canada,YT,60.28167,-134.17603,airport,geomet,MSC
09AA-M3,Montana Mountain,09AA-M3,09AA-M3,,YT-DE-WRB_09AA-M3,Canada,YT,60.13385,-134.71945,airport,geomet,MSC
09BA-M7,Twin Creeks B,09BA-M7,09BA-M7,,YT-DE-WRB_09BA-M7,Canada,YT,62.61939,-131.26337,airport,geomet,MSC
09BB-M2,Mac Millan Pass,09BB-M2,09BB-M2,,YT-DE-WRB_09BB-M2,Canada,YT,63.2425,-130.043,airport,geomet,MSC
09DB-M1,Withers Lake,09DB-M1,09DB-M1,,YT-DE-WRB_09DB-M1,Canada,YT,63.98017,-132.29792,airport,geomet,MSC
09EA-M1,King Solomon Dome,09EA-M1,09EA-M1,,YT-DE-WRB_09EA-M1,Canada,YT,63.87439,-138.93145,airport,geomet,MSC
09FA-M1,Fishing Branch River,09FA-M1,09FA-M1,,YT-DE-WRB_09FA-M1,Canada,YT,66.52587,-139.24715,airport,geomet,MSC
1,Main Brook,1,1,,NL-DFFA_001,Canada,NL,51.121364,-56.36245,airport,geomet,MSC
10,S of Berry Hill Pond,10,10,,NL-DFFA_010,Canada,NL,48.292861,-55.468667,airport,geomet,MSC
1002,TS ELPHINSTONE,1002,1002,,BC_WMB_1002,Canada,BC,49.42805,-123.56484,airport,geomet,MSC
101,MACHMELL,101,101,,BC_WMB_101,Canada,BC,51.59312,-126.45077,airport,geomet,MSC
1024,SKOONKA,1024,1024,,BC_WMB_1024,Canada,BC,50.43869,-121.5515,airport,geomet,MSC
1025,TS THEODOSIA,1025,1025,,BC_WMB_1025,Canada,BC,50.10348,-124.61373,airport,geomet,MSC
1029,FIVE MILE,1029,1029,,BC_WMB_1029,Canada,BC,50.91089,-122.68889,airport,geomet,MSC
104,Burns Lake Fire Centre_60,104,104,,BC_ENV-AQ_104,Canada,BC,54.2307,-125.7643,airport,geomet,MSC
1040,BIG SILVER 2,1040,1040,,BC_WMB_1040,Canada,BC,49.691,-121.85962,airport,geomet,MSC
1045,OSBORN,1045,1045,,BC_WMB_1045,Canada,BC,56.55833,-120.38194,airport,geomet,MSC
105,ROSSWOOD,105,105,,BC_WMB_105,Canada,BC,54.91693,-128.85965,airport,geomet,MSC
1055,SPLINTLUM,1055,1055,,BC_WMB_1055,Canada,BC,50.3513,-121.65495,airport,geomet,MSC
1056,TS MAURELLE,1056,1056,,BC_WMB_1056,Canada,BC,50.27092,-125.1309,airport,geomet,MSC
106,KITPARK,106,106,,BC_WMB_106,Canada,BC,54.1694,-128.5758,airport,geomet,MSC
1066,TS MCNABB,1066,1066,,BC_WMB_1066,Canada,BC,49.5855,-123.38722,airport,geomet,MSC
107,Pine River Gas Plant_60,107,107,,BC_ENV-AQ_107,Canada,BC,55.57,-121.9288,airport,geomet,MSC
1075,KOOCANUSA,1075,1075,,BC_WMB_1075,Canada,BC,49.04694,-115.22528,airport,geomet,MSC
108,DEASE LAKE FS,108,108,,BC_WMB_108,Canada,BC,58.4,-130.0,airport,geomet,MSC
1082,MAYSON,1082,1082,,BC_WMB_1082,Canada,BC,51.21111,-120.41197,airport,geomet,MSC
1083,MEAGER CREEK,1083,1083,,BC_WMB_1083,Canada,BC,50.61972,-123.41,airport,geomet,MSC
1092,RORY CREEK,1092,1092,,BC_WMB_1092,Canada,BC,50.61262,-116.79332,airport,geomet,MSC
1093,QUINSAM BASE FWX (TRIAL),1093,1093,,BC_WMB_1093,Canada,BC,50.02723,-125.29401,airport,geomet,MSC
10AD-M2,Hyland River B,10AD-M2,10AD-M2,,YT-DE-WRB_10AD-M2,Canada,YT,61.58019,-128.30507,airport,geomet,MSC
11,Winterland,11,11,,NL-DFFA_011,Canada,NL,47.131778,-55.32875,airport,geomet,MSC
110,Pine River Hasler_60,110,110,,BC_ENV-AQ_110,Canada,BC,55.6017,-121.9935,airport,geomet,MSC
1108,BLUE RIVER 2,1108,1108,,BC_WMB_1108,Canada,BC,52.12225,-119.2935833,airport,geomet,MSC
11091,BRANDYWINE,11091,11091,,BC_TRAN_11091,Canada,BC,50.05417,-123.11806,airport,geomet,MSC
11092,TANTALUS,11092,11092,,BC_TRAN_11092,Canada,BC,49.84347,-123.14339,airport,geomet,MSC
111,ATLIN,111,111,,BC_WMB_111,Canada,BC,59.58333,-133.66667,airport,geomet,MSC
11121,MT. STRACHAN PRECIP,11121,11121,,BC_TRAN_11121,Canada,BC,49.40431,-123.19144,airport,geomet,MSC
11122,MT. STRACHAN,11122,11122,,BC_TRAN_11122,Canada,BC,49.41003,-123.19636,airport,geomet,MSC
11128,PORTEAU COVE,11128,11128,,BC_TRAN_11128,Canada,BC,49.54671,-123.23985,airport,geomet,MSC
11191,EAGLE RIDGE,11191,11191,,BC_TRAN_11191,Canada,BC,49.37186,-123.26969,airport,geomet,MSC
112,ISKUT,112,112,,BC_WMB_112,Canada,BC,57.85667,-130.00833,airport,geomet,MSC
113,BOB QUINN LAKE,113,113,,BC_WMB_113,Canada,BC,56.9809,-130.2508,airport,geomet,MSC
1132,STATION BAY,1132,1132,,BC_WMB_1132,Canada,BC,50.50025,-119.7013889,airport,geomet,MSC
1144,FORD MOUNTAIN,1144,1144,,BC_WMB_1144,Canada,BC,49.1040278,-121.6375278,airport,geomet,MSC
1165,SEVEREID,1165,1165,,BC_WMB_1165,Canada,BC,54.16957,-121.65168,airport,geomet,MSC
117,Port Mellon_60,117,117,,BC_ENV-AQ_117,Canada,BC,49.5228,-123.4822,airport,geomet,MSC
1176,MUDPIT,1176,1176,,BC_WMB_1176,Canada,BC,51.31308,-119.3925,airport,geomet,MSC
118,HELMUT,118,118,,BC_WMB_118,Canada,BC,59.421,-120.78892,airport,geomet,MSC
1181,NORTH SLOQUET,1181,1181,,BC_WMB_1181,Canada,BC,49.74833,-122.28638,airport,geomet,MSC
119,NELSON FORKS,119,119,,BC_WMB_119,Canada,BC,59.61728,-124.09851,airport,geomet,MSC
12,Gander,12,12,,NL-DFFA_012,Canada,NL,48.944111,-54.557,airport,geomet,MSC
120,SILVER,120,120,,BC_WMB_120,Canada,BC,57.49678,-121.29695,airport,geomet,MSC
1203,DARKWOODS,1203,1203,,BC_WMB_1203,Canada,BC,49.3576111,-116.95025,airport,geomet,MSC
12092,TROUT LAKE,12092,12092,,BC_TRAN_12092,Canada,BC,49.50725,-123.87978,airport,geomet,MSC
121,PADDY,121,121,,BC_WMB_121,Canada,BC,57.78181,-120.2368,airport,geomet,MSC
1218,POWELL RIVER WEST LAKE,1218,1218,,BC_WMB_1218,Canada,BC,49.81806,-124.44944,airport,geomet,MSC
1221,MOUNT CAYLEY,1221,1221,,BC_WMB_1221,Canada,BC,50.0708,-123.2771,airport,geomet,MSC
124,GRAHAM,124,124,,BC_WMB_124,Canada,BC,56.43464,-122.45767,airport,geomet,MSC
1248,PG CENTRAL,1248,1248,,BC_WMB_1248,Canada,BC,53.90249,-122.796239,airport,geomet,MSC
1251,NARROWS INLET,1251,1251,,BC_WMB_1251,Canada,BC,49.751775,-123.7051389,airport,geomet,MSC
126,TOAD RIVER,126,126,,BC_WMB_126,Canada,BC,58.86585,-125.3107,airport,geomet,MSC
1268,VALEMOUNT AIRPORT,1268,1268,,BC_WMB_1268,Canada,BC,52.8597222,-119.3386111,airport,geomet,MSC
127,TUMBLER (DENISON),127,127,,BC_WMB_127,Canada,BC,55.02736,-120.93405,airport,geomet,MSC
1270,OLD FADDY,1270,1270,,BC_WMB_1270,Canada,BC,59.8928,-129.09333,airport,geomet,MSC
1275,APE LAKE,1275,1275,,BC_WMB_1275,Canada,BC,52.1345694,-126.2626806,airport,geomet,MSC
1276,MACHMELL KLINIKLINI,1276,1276,,BC_WMB_1276,Canada,BC,51.6555806,-126.1407444,airport,geomet,MSC
1277,WEST KELOWNA,1277,1277,,BC_WMB_1277,Canada,BC,49.8832,-119.5695,airport,geomet,MSC
1283,CHEAKAMUS,1283,1283,,BC_WMB_1283,Canada,BC,50.0825056,-123.0412722,airport,geomet,MSC
129,PINK MOUNTAIN,129,129,,BC_WMB_129,Canada,BC,57.07653,-122.55906,airport,geomet,MSC
13,Harcourt,13,13,,NL-DFFA_013,Canada,NL,48.241972,-53.876694,airport,geomet,MSC
131,MUSKWA,131,131,,BC_WMB_131,Canada,BC,57.88425,-123.6163,airport,geomet,MSC
132,HUDSON HOPE,132,132,,BC_WMB_132,Canada,BC,56.0347,-121.99021,airport,geomet,MSC
1323,LARCH HILLS WEST,1323,1323,,BC_WMB_1323,Canada,BC,50.6905556,-119.1761111,airport,geomet,MSC
1330,LODESTONE EXT,1330,1330,,BC_WMB_1330,Canada,BC,49.4696944,-120.7925,airport,geomet,MSC
1331,INKANEEP EXT,1331,1331,,BC_WMB_1331,Canada,BC,49.1046111,-119.3914167,airport,geomet,MSC
1332,GRIZZLY EXT,1332,1332,,BC_WMB_1332,Canada,BC,49.27,-119.2202778,airport,geomet,MSC
1345,SAWTOOTH,1345,1345,,BC_WMB_1345,Canada,BC,55.3072222,-125.3666667,airport,geomet,MSC
1348,KLINAKLINI,1348,1348,,BC_WMB_1348,Canada,BC,51.38002,-125.76953,airport,geomet,MSC
1349,HOMATHKO,1349,1349,,BC_WMB_1349,Canada,BC,51.10187,-124.950181,airport,geomet,MSC
1350,LOWER CAIN,1350,1350,,BC_WMB_1350,Canada,BC,50.22575,-126.3563,airport,geomet,MSC
1359,STATION BAY 2,1359,1359,,BC_WMB_1359,Canada,BC,50.50025,-119.7013889,airport,geomet,MSC
136,WONOWON,136,136,,BC_WMB_136,Canada,BC,56.7185,-121.76543,airport,geomet,MSC
1375,FRANK CREEK,1375,1375,,BC_WMB_1375,Canada,BC,49.8744444,-122.2811111,airport,geomet,MSC
1377,FORRESTKERR,1377,1377,,BC_WMB_1377,Canada,BC,56.7116389,-130.6783611,airport,geomet,MSC
1378,TS ATLUCK,1378,1378,,BC_WMB_1378,Canada,BC,50.2678056,-127.0796111,airport,geomet,MSC
138,Prince George Glenview School Met_60,138,138,,BC_ENV-AQ_138,Canada,BC,53.996,-122.776,airport,geomet,MSC
1383,CHEF CREEK TEST,1383,1383,,BC_WMB_1383,Canada,BC,50.0825,-123.0413,airport,geomet,MSC
1387,PLUMMER HUT,1387,1387,,BC_WMB_1387,Canada,BC,51.3735,-125.1645,airport,geomet,MSC
14,Salmonier,14,14,,NL-DFFA_014,Canada,NL,47.234064,-53.320153,airport,geomet,MSC
140,LEMORAY,140,140,,BC_WMB_140,Canada,BC,55.52498,-122.5171,airport,geomet,MSC
14092,PORT MANN BRIDGE MID SPAN,14092,14092,,BC_TRAN_14092,Canada,BC,49.21778,-122.81194,airport,geomet,MSC
14093,PORT MANN BRIDGE JOHNSTON HILL,14093,14093,,BC_TRAN_14093,Canada,BC,49.20528,-122.80202,airport,geomet,MSC
14094,RICEMILL ROAD,14094,14094,,BC_TRAN_14094,Canada,BC,49.12671,-123.07947,airport,geomet,MSC
14095,ALEX FRASER BRIDGE,14095,14095,,BC_TRAN_14095,Canada,BC,49.16003,-122.94308,airport,geomet,MSC
14096,ALEX FRASER TOP,14096,14096,,BC_TRAN_14096,Canada,BC,49.16187,-122.94392,airport,geomet,MSC
14097,ALEX FRASER CROSS BEAM,14097,14097,,BC_TRAN_14097,Canada,BC,49.1618,-122.94391,airport,geomet,MSC
14098,ANNACIS ISLAND,14098,14098,,BC_TRAN_14098,Canada,BC,49.17153,-122.9516,airport,geomet,MSC
141,MANSON,141,141,,BC_WMB_141,Canada,BC,55.57988,-124.23198,airport,geomet,MSC
144,Prince George Plaza 400 Met_60,144,144,,BC_ENV-AQ_144,Canada,BC,53.9147,-122.7419,airport,geomet,MSC
14419,Shand Dam Climate Station,14419,14419,,ON_GRCA_14419,Canada,ON,43.734891,-80.330514,airport,geomet,MSC
14447,Arthur Climate Station,14447,14447,,ON_GRCA_14447,Canada,ON,43.831159,-80.548643,airport,geomet,MSC
14459,Elora Climate Station,14459,14459,,ON_GRCA_14459,Canada,ON,43.679845,-80.434755,airport,geomet,MSC
145,INGENIKA POINT,145,145,,BC_WMB_145,Canada,BC,57.01942,-125.18039,airport,geomet,MSC
14519,Dundalk,14519,14519,,ON_GRCA_14519,Canada,ON,44.140011,-80.363008,airport,geomet,MSC
146,Prince George Pulp Met_60,146,146,,BC_ENV-AQ_146,Canada,BC,53.9244,-122.6861,airport,geomet,MSC
14610,Brant Climate Station,14610,14610,,ON_GRCA_14610,Canada,ON,43.146626,-80.308865,airport,geomet,MSC
14624,Burford Climate Station,14624,14624,,ON_GRCA_14624,Canada,ON,43.115456,-80.477342,airport,geomet,MSC
14683,Listowel,14683,14683,,ON_GRCA_14683,Canada,ON,43.729075,-80.971652,airport,geomet,MSC
14698,Millbank Climate Station,14698,14698,,ON_GRCA_14698,Canada,ON,43.587635,-80.871644,airport,geomet,MSC
14711,Mount Forest,14711,14711,,ON_GRCA_14711,Canada,ON,43.985073,-80.74963,airport,geomet,MSC
14718,Baden Climate Station,14718,14718,,ON_GRCA_14718,Canada,ON,43.39553353,-80.6601003,airport,geomet,MSC
14724,Paris Climate Station,14724,14724,,ON_GRCA_14724,Canada,ON,43.214517,-80.383179,airport,geomet,MSC
148,BLACKPINE,148,148,,BC_WMB_148,Canada,BC,56.31878,-125.36797,airport,geomet,MSC
14803,Byng Island Climate Station,14803,14803,,ON_GRCA_14803,Canada,ON,42.89389,-79.62807,airport,geomet,MSC
14827,York,14827,14827,,ON_GRCA_14827,Canada,ON,43.022275,-79.892037,airport,geomet,MSC
14884,Head Office Climate Station,14884,14884,,ON_GRCA_14884,Canada,ON,43.37609047,-80.2860881,airport,geomet,MSC
149,BEAR LAKE,149,149,,BC_WMB_149,Canada,BC,54.50922,-122.69103,airport,geomet,MSC
14929,Conestogo Climate Station,14929,14929,,ON_GRCA_14929,Canada,ON,43.684182,-80.710332,airport,geomet,MSC
14994,Guelph Lake Climate Station,14994,14994,,ON_GRCA_14994,Canada,ON,43.604366,-80.264394,airport,geomet,MSC
15,New Harbour Barrens,15,15,,NL-DFFA_015,Canada,NL,47.581528,-53.335194,airport,geomet,MSC
15021,Laurel Creek Climate Station,15021,15021,,ON_GRCA_15021,Canada,ON,43.474868,-80.574326,airport,geomet,MSC
15071,Luther Marsh Climate Station,15071,15071,,ON_GRCA_15071,Canada,ON,43.962844,-80.401168,airport,geomet,MSC
15074,Dundalk Climate Station,15074,15074,,ON_GRCA_15074,Canada,ON,44.140125,-80.36313611,airport,geomet,MSC
15092,BRADNER ROAD,15092,15092,,BC_TRAN_15092,Canada,BC,49.07556,-122.42528,airport,geomet,MSC
15093,NICOLUM CREEK,15093,15093,,BC_TRAN_15093,Canada,BC,49.3629,-121.35638,airport,geomet,MSC
15095,New Hamburg Fairgrounds,15095,15095,,ON_GRCA_15095,Canada,ON,43.37432,-80.703105,airport,geomet,MSC
151,NABESHE,151,151,,BC_WMB_151,Canada,BC,56.36433,-123.36556,airport,geomet,MSC
15113,Shades Mills Climate Station,15113,15113,,ON_GRCA_15113,Canada,ON,43.376082,-80.286084,airport,geomet,MSC
15118,Upper Ayr Reservoir,15118,15118,,ON_GRCA_15118,Canada,ON,43.288626,-80.446851,airport,geomet,MSC
15122,HELLS GATE ROADSIDE,15122,15122,,BC_TRAN_15122,Canada,BC,49.75703,-121.41803,airport,geomet,MSC
15124,JACKASS,15124,15124,,BC_TRAN_15124,Canada,BC,50.07611,-121.5475,airport,geomet,MSC
15132,Wellesley Dam,15132,15132,,ON_GRCA_15132,Canada,ON,43.475594,-80.765943,airport,geomet,MSC
15171,Woolwich Dam Climate Station,15171,15171,,ON_GRCA_15171,Canada,ON,43.622569,-80.564452,airport,geomet,MSC
152,SIFTON,152,152,,BC_WMB_152,Canada,BC,57.85175,-126.11676,airport,geomet,MSC
15218,Bridgeport WQ Station,15218,15218,,ON_GRCA_15218,Canada,ON,43.483425,-80.474983,airport,geomet,MSC
15241,Glen Morris WQ Station,15241,15241,,ON_GRCA_15241,Canada,ON,43.277475,-80.3475944,airport,geomet,MSC
15285,Road 32 WQ Station,15285,15285,,ON_GRCA_15285,Canada,ON,43.484483,-80.32822028,airport,geomet,MSC
153,MCLEOD LAKE,153,153,,BC_WMB_153,Canada,BC,54.72553,-123.07867,airport,geomet,MSC
15321,FOUNDATION MINES,15321,15321,,BC_TRAN_15321,Canada,BC,49.23,-121.08417,airport,geomet,MSC
15392,ALLISON PASS,15392,15392,,BC_TRAN_15392,Canada,BC,49.11564,-120.86744,airport,geomet,MSC
15394,SIMILKAMEEN FALLS,15394,15394,,BC_TRAN_15394,Canada,BC,49.16609,-120.56784,airport,geomet,MSC
154,WITCH,154,154,,BC_WMB_154,Canada,BC,55.02303,-124.26661,airport,geomet,MSC
155,MACKENZIE FS,155,155,,BC_WMB_155,Canada,BC,55.32211,-123.09317,airport,geomet,MSC
156,SUSTUT,156,156,,BC_WMB_156,Canada,BC,56.32873,-127.03425,airport,geomet,MSC
158,VANDERHOOF HUB,158,158,,BC_WMB_158,Canada,BC,54.05581,-124.00886,airport,geomet,MSC
159,NORTH CHILCO,159,159,,BC_WMB_159,Canada,BC,54.15463,-123.75413,airport,geomet,MSC
16,Williams Lake Columneetza School,16,16,,BC_ENV-AQ_16,Canada,BC,52.14428,-122.150391,airport,geomet,MSC
161,GRASSY PLAINS HUB,161,161,,BC_WMB_161,Canada,BC,53.94667,-125.86667,airport,geomet,MSC
162,HOUSTON (DUNGATE),162,162,,BC_WMB_162,Canada,BC,54.41167,-126.62667,airport,geomet,MSC
163,LOVELL COVE,163,163,,BC_WMB_163,Canada,BC,55.68822,-126.05261,airport,geomet,MSC
165,MOOSE LAKE,165,165,,BC_WMB_165,Canada,BC,53.07146,-125.41215,airport,geomet,MSC
166,KLUSKUS,166,166,,BC_WMB_166,Canada,BC,53.38305,-124.51208,airport,geomet,MSC
167,AUGIER LAKE,167,167,,BC_WMB_167,Canada,BC,54.36189,-125.52531,airport,geomet,MSC
169,UPPER FULTON,169,169,,BC_WMB_169,Canada,BC,55.03333,-126.8,airport,geomet,MSC
17,Cashe River,17,17,,NL-DFFA_017,Canada,NL,53.261194,-62.442639,airport,geomet,MSC
170,EAST OOTSA,170,170,,BC_WMB_170,Canada,BC,53.50167,-125.77167,airport,geomet,MSC
171,LEO CREEK,171,171,,BC_WMB_171,Canada,BC,55.08183,-125.4774,airport,geomet,MSC
172,NILKITKWA,172,172,,BC_WMB_172,Canada,BC,55.55333,-126.57833,airport,geomet,MSC
173,NORTH BABINE,173,173,,BC_WMB_173,Canada,BC,55.13667,-126.21167,airport,geomet,MSC
175,BEDNESTI,175,175,,BC_WMB_175,Canada,BC,53.86539,-123.32317,airport,geomet,MSC
17772,Fairchild Near Brantford,17772,17772,,ON_GRCA_17772,Canada,ON,43.147353,-80.154888,airport,geomet,MSC
178,PEDEN,178,178,,BC_WMB_178,Canada,BC,53.98667,-126.52167,airport,geomet,MSC
179,Taylor Townsite,179,179,,BC_ENV-AQ_179,Canada,BC,56.1502,-120.687,airport,geomet,MSC
18,Grand Lake,18,18,,NL-DFFA_018,Canada,NL,53.600806,-60.82725,airport,geomet,MSC
180,MCBRIDE LAKE,180,180,,BC_WMB_180,Canada,BC,54.07472,-127.39942,airport,geomet,MSC
181,BURNS LAKE 850M,181,181,,BC_WMB_181,Canada,BC,54.25667,-125.755,airport,geomet,MSC
182,Telkwa_60,182,182,,BC_ENV-AQ_182,Canada,BC,54.6915,-127.0543,airport,geomet,MSC
183,PARROTT,183,183,,BC_WMB_183,Canada,BC,54.01867,-126.38889,airport,geomet,MSC
187,HIXON,187,187,,BC_WMB_187,Canada,BC,53.41128,-122.59575,airport,geomet,MSC
189,Trail Butler Park Met_60,189,189,,BC_ENV-AQ_189,Canada,BC,49.0962,-117.6978,airport,geomet,MSC
19,Golden Lady Grey School Met_60,19,19,,BC_ENV-AQ_19,Canada,BC,51.2956,-116.9717,airport,geomet,MSC
190,JERRY,190,190,,BC_WMB_190,Canada,BC,53.52594,-122.1055,airport,geomet,MSC
192,Trail Columbia Gardens Airport_60,192,192,,BC_ENV-AQ_192,Canada,BC,49.0464,-117.6071,airport,geomet,MSC
193,BOWRON HAGGEN,193,193,,BC_WMB_193,Canada,BC,53.46314,-121.56033,airport,geomet,MSC
194,Vernon Science Centre_60,194,194,,BC_ENV-AQ_194,Canada,BC,50.2606,-119.2707,airport,geomet,MSC
195,MCBRIDE HUB,195,195,,BC_WMB_195,Canada,BC,53.29483,-120.15278,airport,geomet,MSC
199,CATFISH,199,199,,BC_WMB_199,Canada,BC,53.57644,-120.85844,airport,geomet,MSC
1A01P,Yellowhead Lake,1A01P,1A01P,,BC-ENV-ASW_1A01P,Canada,BC,52.90622,-118.5475,airport,geomet,MSC
1A02P,McBride Upper,1A02P,1A02P,,BC-ENV-ASW_1A02P,Canada,BC,53.30604,-120.31926,airport,geomet,MSC
1A03P,Barkerville,1A03P,1A03P,,BC-ENV-ASW_1A03P,Canada,BC,53.057338,-121.491828,airport,geomet,MSC
1A05P,Longworth Upper,1A05P,1A05P,,BC-ENV-ASW_1A05P,Canada,BC,53.95083,-121.4431,airport,geomet,MSC
1A12P,Kaza Lake,1A12P,1A12P,,BC-ENV-ASW_1A12P,Canada,BC,56.0211917,-126.2975972,airport,geomet,MSC
1A14P,Hedrick Lake,1A14P,1A14P,,BC-ENV-ASW_1A14P,Canada,BC,54.10572,-121.0,airport,geomet,MSC
1A15P,Knudsen Lake,1A15P,1A15P,,BC-ENV-ASW_1A15P,Canada,BC,54.30266,-120.782813,airport,geomet,MSC
1A17P,Revolution Creek,1A17P,1A17P,,BC-ENV-ASW_1A17P,Canada,BC,53.78422,-120.3752,airport,geomet,MSC
1A19P,Dome Mountain,1A19P,1A19P,,BC-ENV-ASW_1A19P,Canada,BC,53.626945,-121.016944,airport,geomet,MSC
1B01P,Mount Wells,1B01P,1B01P,,BC-ENV-ASW_1B01P,Canada,BC,53.72861,-126.423614,airport,geomet,MSC
1B02P,Tahtsa Lake,1B02P,1B02P,,BC-ENV-ASW_1B02P,Canada,BC,53.593055,-127.64389,airport,geomet,MSC
1B08P,Mt. Pondosy,1B08P,1B08P,,BC-ENV-ASW_1B08P,Canada,BC,53.1525,-126.881111,airport,geomet,MSC
1C05P,McGillivray Pass,1C05P,1C05P,,BC-ENV-ASW_1C05P,Canada,BC,50.6985556,-122.625375,airport,geomet,MSC
1C12P,Green Mountain,1C12P,1C12P,,BC-ENV-ASW_1C12P,Canada,BC,50.7956333,-122.9245417,airport,geomet,MSC
1C14P,Bralorne,1C14P,1C14P,,BC-ENV-ASW_1C14P,Canada,BC,50.7751889,-122.7888194,airport,geomet,MSC
1C17P,Mount Timothy,1C17P,1C17P,,BC-ENV-ASW_1C17P,Canada,BC,51.90453,-121.25604,airport,geomet,MSC
1C18P,Mission Ridge,1C18P,1C18P,,BC-ENV-ASW_1C18P,Canada,BC,50.7625556,-122.2076944,airport,geomet,MSC
1C20P,Boss Mountain Mine,1C20P,1C20P,,BC-ENV-ASW_1C20P,Canada,BC,52.1069,-120.86727,airport,geomet,MSC
1C23P,Penfold Creek,1C23P,1C23P,,BC-ENV-ASW_1C23P,Canada,BC,52.74882,-120.56057,airport,geomet,MSC
1C29P,Shovelnose Mountain,1C29P,1C29P,,BC-ENV-ASW_1C29P,Canada,BC,49.855951,-120.862891,airport,geomet,MSC
1C32P,Deadman River,1C32P,1C32P,,BC-ENV-ASW_1C32P,Canada,BC,51.098512,-120.609694,airport,geomet,MSC
1C38P,Downton Lake Upper,1C38P,1C38P,,BC-ENV-ASW_1C38P,Canada,BC,50.8597917,-123.1836333,airport,geomet,MSC
1C40P,North Tyaughton,1C40P,1C40P,,BC-ENV-ASW_1C40P,Canada,BC,51.147525,-122.7937528,airport,geomet,MSC
1C41P,Yanks Peak,1C41P,1C41P,,BC-ENV-ASW_1C41P,Canada,BC,52.83201,-121.35564,airport,geomet,MSC
1C43P,Bridge Glacier Proglacial Lake,1C43P,1C43P,,BC-ENV-ASW_1C43P,Canada,BC,50.831492,-123.486422,airport,geomet,MSC
1C45P,July Mountain,1C45P,1C45P,,BC-ENV-ASW_1C45P,Canada,BC,49.707639,-121.085472,airport,geomet,MSC
1D06P,Tenquille Lake,1D06P,1D06P,,BC-ENV-ASW_1D06P,Canada,BC,50.53625,-122.92996,airport,geomet,MSC
1D08P,Lamont Creek Upper,1D08P,1D08P,,BC-ENV-ASW_1D08P,Canada,BC,49.581909,-122.314283,airport,geomet,MSC
1D09P,Wahleach Lake,1D09P,1D09P,,BC-ENV-ASW_1D09P,Canada,BC,49.23275,-121.5798833,airport,geomet,MSC
1D17P,Chilliwack River,1D17P,1D17P,,BC-ENV-ASW_1D17P,Canada,BC,49.0315,-121.7121,airport,geomet,MSC
1D18P,Disappointment Lake,1D18P,1D18P,,BC-ENV-ASW_1D18P,Canada,BC,49.555,-122.758333,airport,geomet,MSC
1D19P,Spuzzum,1D19P,1D19P,,BC-ENV-ASW_1D19P,Canada,BC,49.660831,-121.660835,airport,geomet,MSC
1E02P,Mount Cook,1E02P,1E02P,,BC-ENV-ASW_1E02P,Canada,BC,52.18214,-119.3227,airport,geomet,MSC
1E03AP,Trophy Mountain,1E03AP,1E03AP,,BC-ENV-ASW_1E03AP,Canada,BC,51.808369,-119.940639,airport,geomet,MSC
1E08P,Azure River,1E08P,1E08P,,BC-ENV-ASW_1E08P,Canada,BC,52.595917,-119.722694,airport,geomet,MSC
1E10P,Kostal Lake,1E10P,1E10P,,BC-ENV-ASW_1E10P,Canada,BC,52.203334,-120.016944,airport,geomet,MSC
1E14P,Cook Creek,1E14P,1E14P,,BC-ENV-ASW_1E14P,Canada,BC,52.167777,-119.303888,airport,geomet,MSC
1F03P,Park Mountain,1F03P,1F03P,,BC-ENV-ASW_1F03P,Canada,BC,50.44961,-118.61856,airport,geomet,MSC
1F04P,Enderby,1F04P,1F04P,,BC-ENV-ASW_1F04P,Canada,BC,50.653025,-118.926903,airport,geomet,MSC
1F06P,Celista,1F06P,1F06P,,BC-ENV-ASW_1F06P,Canada,BC,51.406665,-118.999725,airport,geomet,MSC
2,Spring Tilt Rd,2,2,,NL-DFFA_002,Canada,NL,50.384233,-57.315761,airport,geomet,MSC
20,Port Hope Simpson,20,20,,NL-DFFA_020,Canada,NL,52.614056,-56.429556,airport,geomet,MSC
200,VALEMOUNT 2,200,200,,BC_WMB_200,Canada,BC,52.78805,-119.31481,airport,geomet,MSC
201,HOLMES,201,201,,BC_WMB_201,Canada,BC,53.34543,-119.71323,airport,geomet,MSC
206,TAUTRI,206,206,,BC_WMB_206,Canada,BC,52.535,-123.25,airport,geomet,MSC
208,TATLA LAKE HUB,208,208,,BC_WMB_208,Canada,BC,51.90667,-124.605,airport,geomet,MSC
209,Valemount Met_60,209,209,,BC_ENV-AQ_209,Canada,BC,52.833,-119.268,airport,geomet,MSC
21,WOSS CAMP,21,21,,BC_WMB_21,Canada,BC,50.21312,-126.60705,airport,geomet,MSC
210,RISKE CREEK,210,210,,BC_WMB_210,Canada,BC,51.96,-122.51,airport,geomet,MSC
21091,WALLOPER,21091,21091,,BC_TRAN_21091,Canada,BC,50.52897,-120.47988,airport,geomet,MSC
211,NAZKO,211,211,,BC_WMB_211,Canada,BC,52.9575,-123.5958,airport,geomet,MSC
21123,BARRIERE,21123,21123,,BC_TRAN_21123,Canada,BC,51.11271,-120.13582,airport,geomet,MSC
21192,MAD RIVER,21192,21192,,BC_TRAN_21192,Canada,BC,51.66977,-119.56575,airport,geomet,MSC
212,Vanderhoof Courthouse,212,212,,BC_ENV-AQ_212,Canada,BC,54.0165,-124.0057,airport,geomet,MSC
213,ANAHIM LAKE HUB,213,213,,BC_WMB_213,Canada,BC,52.45667,-125.30333,airport,geomet,MSC
216,NEMIAH,216,216,,BC_WMB_216,Canada,BC,51.48,-123.81833,airport,geomet,MSC
218,LONE BUTTE,218,218,,BC_WMB_218,Canada,BC,51.507,-121.162,airport,geomet,MSC
22,Kenamu River,22,22,,NL-DFFA_022,Canada,NL,52.86423,-60.15837,airport,geomet,MSC
22095,Annis Pit,22095,22095,,BC_TRAN_22095,Canada,BC,50.78958,-119.07934,airport,geomet,MSC
22096,MALAKWA,22096,22096,,BC_TRAN_22096,Canada,BC,50.93416,-118.78866,airport,geomet,MSC
221,BALDFACE,221,221,,BC_WMB_221,Canada,BC,52.7101,-124.48225,airport,geomet,MSC
22123,SQUILAX,22123,22123,,BC_TRAN_22123,Canada,BC,50.87278,-119.57111,airport,geomet,MSC
222,GASPARD,222,222,,BC_WMB_222,Canada,BC,51.45167,-122.66167,airport,geomet,MSC
225,KNIFE,225,225,,BC_WMB_225,Canada,BC,52.04972,-121.87383,airport,geomet,MSC
226,MIDDLE LAKE,226,226,,BC_WMB_226,Canada,BC,51.70167,-124.875,airport,geomet,MSC
227,GAVIN,227,227,,BC_WMB_227,Canada,BC,52.47,-121.74167,airport,geomet,MSC
228,BENSON,228,228,,BC_WMB_228,Canada,BC,52.91,-122.065,airport,geomet,MSC
23,Churchill Falls,23,23,,NL-DFFA_023,Canada,NL,53.45214,-63.53204,airport,geomet,MSC
230,HORSEFLY,230,230,,BC_WMB_230,Canada,BC,52.33,-121.39667,airport,geomet,MSC
23097,KALAMALKA LOOKOUT,23097,23097,,BC_TRAN_23097,Canada,BC,50.2112,-119.30607,airport,geomet,MSC
232,COLDSCAUR LAKE,232,232,,BC_WMB_232,Canada,BC,51.72378,-120.38993,airport,geomet,MSC
23221,SUMMERLAND SLIDE,23221,23221,,BC_TRAN_23221,Canada,BC,49.66532,-119.70539,airport,geomet,MSC
233,TALCHAKO,233,233,,BC_WMB_233,Canada,BC,52.25135,-126.02837,airport,geomet,MSC
234,TIMOTHY,234,234,,BC_WMB_234,Canada,BC,51.913,-121.389,airport,geomet,MSC
235,YOUNG LAKE,235,235,,BC_WMB_235,Canada,BC,51.23777,-120.99762,airport,geomet,MSC
236,MEADOW LAKE,236,236,,BC_WMB_236,Canada,BC,51.375,-121.71667,airport,geomet,MSC
239,CLEARWATER HUB,239,239,,BC_WMB_239,Canada,BC,51.6289,-120.09457,airport,geomet,MSC
24093,Bromley Rock,24093,24093,,BC_TRAN_24093,Canada,BC,49.40616,-120.26299,airport,geomet,MSC
24094,RACETRACK,24094,24094,,BC_TRAN_24094,Canada,BC,49.6725,-120.60468,airport,geomet,MSC
24126,APEX ROADSIDE,24126,24126,,BC_TRAN_24126,Canada,BC,49.39693,-119.9008,airport,geomet,MSC
24191,YELLOW LAKE,24191,24191,,BC_TRAN_24191,Canada,BC,49.34247,-119.72846,airport,geomet,MSC
24225,RED BLUFFS,24225,24225,,BC_TRAN_24225,Canada,BC,49.47619,-120.62431,airport,geomet,MSC
243,EAST BARRIERE,243,243,,BC_WMB_243,Canada,BC,51.25313,-119.88168,airport,geomet,MSC
244,WINDY MOUNTAIN,244,244,,BC_WMB_244,Canada,BC,51.67,-120.65,airport,geomet,MSC
250,HARBOUR LAKE,250,250,,BC_WMB_250,Canada,BC,51.52267,-119.11335,airport,geomet,MSC
25092,HELMER LK,25092,25092,,BC_TRAN_25092,Canada,BC,50.32083,-120.63661,airport,geomet,MSC
25093,LARSON HILL,25093,25093,,BC_TRAN_25093,Canada,BC,49.83111,-120.935,airport,geomet,MSC
25094,Desmond Hill,25094,25094,,BC_TRAN_25094,Canada,BC,50.43999,-120.5987,airport,geomet,MSC
25095,Comstock,25095,25095,,BC_TRAN_25095,Canada,BC,50.01749,-120.83608,airport,geomet,MSC
251,DECEPTION,251,251,,BC_WMB_251,Canada,BC,51.967,-120.608,airport,geomet,MSC
2513,NORTH ADAMS,2513,2513,,BC_WMB_2513,Canada,BC,51.3967,-119.4675,airport,geomet,MSC
25221,COQUIHALLA SUMMIT,25221,25221,,BC_TRAN_25221,Canada,BC,49.5941,-121.09948,airport,geomet,MSC
25225,GREAT BEAR,25225,25225,,BC_TRAN_25225,Canada,BC,49.59582,-121.17805,airport,geomet,MSC
25229,LITTLE BEAR,25229,25229,,BC_TRAN_25229,Canada,BC,49.59924,-121.17801,airport,geomet,MSC
253,CAHILTY,253,253,,BC_WMB_253,Canada,BC,50.88788,-119.83832,airport,geomet,MSC
255,LIKELY RS,255,255,,BC_WMB_255,Canada,BC,52.615,-121.51333,airport,geomet,MSC
26090,GLADWIN RAIN GAUGE,26090,26090,,BC_TRAN_26090,Canada,BC,50.24784,-121.49904,airport,geomet,MSC
26091,GLADWIN,26091,26091,,BC_TRAN_26091,Canada,BC,50.24784,-121.49904,airport,geomet,MSC
26124,BLUENOSE,26124,26124,,BC_TRAN_26124,Canada,BC,50.81386,-122.18831,airport,geomet,MSC
26125,Gold Bridge,26125,26125,,BC_TRAN_26125,Canada,BC,50.85442,-122.83625,airport,geomet,MSC
262,BIG VALLEY,262,262,,BC_WMB_262,Canada,BC,53.26167,-121.76167,airport,geomet,MSC
26221,BLOWDOWN PEAK,26221,26221,,BC_TRAN_26221,Canada,BC,50.40694,-122.25556,airport,geomet,MSC
26222,BLOWDOWN MID,26222,26222,,BC_TRAN_26222,Canada,BC,50.40222,-122.26472,airport,geomet,MSC
26223,CHANNEL CREEK RAIN GAUGE,26223,26223,,BC_TRAN_26223,Canada,BC,50.44405,-122.25327,airport,geomet,MSC
26224,CAYOOSH SUMMIT,26224,26224,,BC_TRAN_26224,Canada,BC,50.37978,-122.47403,airport,geomet,MSC
263,Port Alberni Elementary,263,263,,BC_ENV-AQ_263,Canada,BC,49.261,-124.8066,airport,geomet,MSC
264,PRAIRIE CREEK,264,264,,BC_WMB_264,Canada,BC,52.39127,-120.985,airport,geomet,MSC
26501,FOUNTAIN SLIDE,26501,26501,,BC_TRAN_26501,Canada,BC,50.74,-121.86167,airport,geomet,MSC
26521,HIGHLINE,26521,26521,,BC_TRAN_26521,Canada,BC,50.62331,-122.44316,airport,geomet,MSC
266,WELLS GRAY,266,266,,BC_WMB_266,Canada,BC,52.34263,-120.24375,airport,geomet,MSC
267,Kamloops Federal Building,267,267,,BC_ENV-AQ_267,Canada,BC,50.67477,-120.334016,airport,geomet,MSC
270,GOSNEL,270,270,,BC_WMB_270,Canada,BC,52.4526,-119.17533,airport,geomet,MSC
271,Kitimat Haisla Village,271,271,,BC_ENV-AQ_271,Canada,BC,53.9732,-128.6508,airport,geomet,MSC
279,THYNNE,279,279,,BC_WMB_279,Canada,BC,49.71515,-120.86605,airport,geomet,MSC
280,LILLOOET,280,280,,BC_WMB_280,Canada,BC,50.67202,-121.88818,airport,geomet,MSC
28071,BIG BAR,28071,28071,,BC_TRAN_28071,Canada,BC,51.14693,-121.50162,airport,geomet,MSC
28093,BEGBIE SUMMIT,28093,28093,,BC_TRAN_28093,Canada,BC,51.47611,-121.37083,airport,geomet,MSC
283,BRENDA MINES,283,283,,BC_WMB_283,Canada,BC,49.86842,-119.99252,airport,geomet,MSC
284,Colwood City Hall,284,284,,BC_ENV-AQ_284,Canada,BC,48.42389,-123.49278,airport,geomet,MSC
286,TURTLE,286,286,,BC_WMB_286,Canada,BC,50.80333,-119.63,airport,geomet,MSC
29092,PENNASK SUMMIT,29092,29092,,BC_TRAN_29092,Canada,BC,49.90672,-120.01336,airport,geomet,MSC
29093,Pothole Lake,29093,29093,,BC_TRAN_29093,Canada,BC,49.93951,-120.54637,airport,geomet,MSC
29094,Brenda Mine,29094,29094,,BC_TRAN_29094,Canada,BC,49.86973,-119.93686,airport,geomet,MSC
291,GLIMPSE,291,291,,BC_WMB_291,Canada,BC,50.27045,-120.2883,airport,geomet,MSC
292,D'ARCY,292,292,,BC_WMB_292,Canada,BC,50.52167,-122.49806,airport,geomet,MSC
294,MERRITT HUB,294,294,,BC_WMB_294,Canada,BC,50.08745,-120.74573,airport,geomet,MSC
298,FINTRY,298,298,,BC_WMB_298,Canada,BC,50.20667,-119.48,airport,geomet,MSC
29AB-M3,Wolf Creek - Buckbrush Taiga,29AB-M3,29AB-M3,,YT-DE-WRB_29AB-M3,Canada,YT,60.521533,-135.19684,airport,geomet,MSC
2A06P,Mount Revelstoke,2A06P,2A06P,,BC-ENV-ASW_2A06P,Canada,BC,51.0363417,-118.1516028,airport,geomet,MSC
2A18P,Keystone Creek,2A18P,2A18P,,BC-ENV-ASW_2A18P,Canada,BC,51.4112889,-118.3606556,airport,geomet,MSC
2A21P,Molson Creek,2A21P,2A21P,,BC-ENV-ASW_2A21P,Canada,BC,52.2205556,-118.2258333,airport,geomet,MSC
2A30P,Colpitti Creek,2A30P,2A30P,,BC-ENV-ASW_2A30P,Canada,BC,51.6077222,-117.6108611,airport,geomet,MSC
2A31P,Caribou Creek,2A31P,2A31P,,BC-ENV-ASW_2A31P,Canada,BC,51.1090278,-117.2284167,airport,geomet,MSC
2A32P,Wildcat Creek,2A32P,2A32P,,BC-ENV-ASW_2A32P,Canada,BC,51.6963028,-116.6294111,airport,geomet,MSC
2A33P,Conrad Glacier,2A33P,2A33P,,BC-ENV-ASW_2A33P,Canada,BC,50.812033,-116.93975,airport,geomet,MSC
2A34P,Glacier NP Rogers Pass Lower,2A34P,2A34P,,BC-ENV-ASW_2A34P,Canada,BC,51.270116,-117.509425,airport,geomet,MSC
2A35P,Fred Laing Lower,2A35P,2A35P,,BC-ENV-ASW_2A35P,Canada,BC,52.05381,-118.58594,airport,geomet,MSC
2B06P,Barnes Creek,2B06P,2B06P,,BC-ENV-ASW_2B06P,Canada,BC,50.068553,-118.351122,airport,geomet,MSC
2B08P,St. Leon Creek,2B08P,2B08P,,BC-ENV-ASW_2B08P,Canada,BC,50.4341722,-117.7012139,airport,geomet,MSC
2B10P,Fauquier Water Treatment Plant,2B10P,2B10P,,BC-ENV-ASW_2B10P,Canada,BC,49.864182,-118.074228,airport,geomet,MSC
2C09Q,Morrissey Ridge,2C09Q,2C09Q,,BC-ENV-ASW_2C09Q,Canada,BC,49.447222,-114.975,airport,geomet,MSC
2C10P,Moyie Mountain,2C10P,2C10P,,BC-ENV-ASW_2C10P,Canada,BC,49.2515,-115.7739,airport,geomet,MSC
2C14P,Floe Lake,2C14P,2C14P,,BC-ENV-ASW_2C14P,Canada,BC,51.0599167,-116.1371167,airport,geomet,MSC
2C21P,Fernie,2C21P,2C21P,,BC-ENV-ASW_2C21P,Canada,BC,49.48825,-115.0726111,airport,geomet,MSC
2D05P,Gray Creek Lower,2D05P,2D05P,,BC-ENV-ASW_2D05P,Canada,BC,49.61142,-116.6788,airport,geomet,MSC
2D07AP,Duncan Lake Dam 2,2D07AP,2D07AP,,BC-ENV-ASW_2D07AP,Canada,BC,50.238723,-116.971343,airport,geomet,MSC
2D08P,East Creek,2D08P,2D08P,,BC-ENV-ASW_2D08P,Canada,BC,50.6396,-116.9297333,airport,geomet,MSC
2D10P,Gray Creek Upper,2D10P,2D10P,,BC-ENV-ASW_2D10P,Canada,BC,49.61656,-116.6589,airport,geomet,MSC
2D14P,Redfish Creek,2D14P,2D14P,,BC-ENV-ASW_2D14P,Canada,BC,49.69008,-117.0865,airport,geomet,MSC
2D15P,Kaslo Airport,2D15P,2D15P,,BC-ENV-ASW_2D15P,Canada,BC,49.90375,-116.9282778,airport,geomet,MSC
2D16P,New Denver East,2D16P,2D16P,,BC-ENV-ASW_2D16P,Canada,BC,49.996657,-117.358372,airport,geomet,MSC
2E07P,Grano Creek,2E07P,2E07P,,BC-ENV-ASW_2E07P,Canada,BC,49.55197,-118.6773,airport,geomet,MSC
2F01AP,Trout Creek West,2F01AP,2F01AP,,BC-ENV-ASW_2F01AP,Canada,BC,49.74017,-120.1891,airport,geomet,MSC
2F05P,Mission Creek,2F05P,2F05P,,BC-ENV-ASW_2F05P,Canada,BC,49.94467,-118.9497,airport,geomet,MSC
2F08P,Greyback Reservoir,2F08P,2F08P,,BC-ENV-ASW_2F08P,Canada,BC,49.616344,-119.422678,airport,geomet,MSC
2F09P,Whiterocks Mountain,2F09P,2F09P,,BC-ENV-ASW_2F09P,Canada,BC,50.01669,-119.7461,airport,geomet,MSC
2F10P,Silver Star Mountain,2F10P,2F10P,,BC-ENV-ASW_2F10P,Canada,BC,50.37136,-119.06211,airport,geomet,MSC
2F18P,Brenda Mine,2F18P,2F18P,,BC-ENV-ASW_2F18P,Canada,BC,49.8623611,-119.9821111,airport,geomet,MSC
2F19P,Oyama Lake,2F19P,2F19P,,BC-ENV-ASW_2F19P,Canada,BC,50.11633,-119.279,airport,geomet,MSC
2G03P,Blackwall Peak,2G03P,2G03P,,BC-ENV-ASW_2G03P,Canada,BC,49.09414,-120.7725,airport,geomet,MSC
3,Houston Firehall_60,3,3,,BC_ENV-AQ_3,Canada,BC,54.3983,-126.6416,airport,geomet,MSC
301,PEMBERTON BASE,301,301,,BC_WMB_301,Canada,BC,50.30593,-122.72878,airport,geomet,MSC
302,ASPEN GROVE,302,302,,BC_WMB_302,Canada,BC,49.94811,-120.62107,airport,geomet,MSC
305,SPARKS LAKE,305,305,,BC_WMB_305,Canada,BC,50.9237,-120.86715,airport,geomet,MSC
306,FRENCH BAR,306,306,,BC_WMB_306,Canada,BC,51.17747,-122.24893,airport,geomet,MSC
307,LEIGHTON LAKE,307,307,,BC_WMB_307,Canada,BC,50.61525,-120.8361,airport,geomet,MSC
309,GWYNETH LAKE,309,309,,BC_WMB_309,Canada,BC,50.79633,-122.88047,airport,geomet,MSC
31091,HALL CREEK,31091,31091,,BC_TRAN_31091,Canada,BC,49.37333,-117.2425,airport,geomet,MSC
31092,BEASLEY BLUFFS,31092,31092,,BC_TRAN_31092,Canada,BC,49.48772,-117.41986,airport,geomet,MSC
311,MCLEAN LAKE,311,311,,BC_WMB_311,Canada,BC,50.7923,-121.35815,airport,geomet,MSC
31321,SOUTHRIDGE,31321,31321,,BC_TRAN_31321,Canada,BC,49.41778,-117.16111,airport,geomet,MSC
316,NAHATLATCH,316,316,,BC_WMB_316,Canada,BC,49.90178,-122.0207,airport,geomet,MSC
317,ALLISON PASS,317,317,,BC_WMB_317,Canada,BC,49.0623,-120.7674,airport,geomet,MSC
32091,MEADOWS JUNCTION,32091,32091,,BC_TRAN_32091,Canada,BC,49.18708,-117.44001,airport,geomet,MSC
321,GREENSTONE HUB,321,321,,BC_WMB_321,Canada,BC,50.61127,-120.64155,airport,geomet,MSC
322,AFTON,322,322,,BC_WMB_322,Canada,BC,50.67333,-120.48167,airport,geomet,MSC
32221,STRAWBERRY PASS,32221,32221,,BC_TRAN_32221,Canada,BC,49.20444,-117.89664,airport,geomet,MSC
326,PASKA LAKE,326,326,,BC_WMB_326,Canada,BC,50.504,-120.674,airport,geomet,MSC
328,PENTICTON RS,328,328,,BC_WMB_328,Canada,BC,49.51833,-119.55333,airport,geomet,MSC
33093,ANARCHIST SUMMIT,33093,33093,,BC_TRAN_33093,Canada,BC,49.0052,-119.31458,airport,geomet,MSC
33095,EHOLT SUMMIT,33095,33095,,BC_TRAN_33095,Canada,BC,49.14818,-118.53021,airport,geomet,MSC
33099,MCCULLOCH,33099,33099,,BC_TRAN_33099,Canada,BC,49.75778,-119.12639,airport,geomet,MSC
331,ASHNOLA,331,331,,BC_WMB_331,Canada,BC,49.13905,-120.1844,airport,geomet,MSC
33121,BLUEBERRY,33121,33121,,BC_TRAN_33121,Canada,BC,49.15997,-118.10936,airport,geomet,MSC
33122,PAULSON SUMMIT,33122,33122,,BC_TRAN_33122,Canada,BC,49.24368,-118.05205,airport,geomet,MSC
334,MCCUDDY,334,334,,BC_WMB_334,Canada,BC,49.14833,-119.415,airport,geomet,MSC
34091,MONASHEE PASS,34091,34091,,BC_TRAN_34091,Canada,BC,50.05055,-118.39633,airport,geomet,MSC
34126,FISH LAKE,34126,34126,,BC_TRAN_34126,Canada,BC,50.04631,-117.17914,airport,geomet,MSC
34127,DARDANELLE RIDGE,34127,34127,,BC_TRAN_34127,Canada,BC,50.0223,-117.18099,airport,geomet,MSC
34128,LONDON RIDGE LOW,34128,34128,,BC_TRAN_34128,Canada,BC,50.04589,-117.23481,airport,geomet,MSC
34224,LARDEAU,34224,34224,,BC_TRAN_34224,Canada,BC,50.15417,-116.9675,airport,geomet,MSC
34225,LARDEAU HIGH,34225,34225,,BC_TRAN_34225,Canada,BC,50.24889,-117.08028,airport,geomet,MSC
343,HOWARD,343,343,,BC_WMB_343,Canada,BC,52.37208,-118.66028,airport,geomet,MSC
344,SEYMOUR ARM,344,344,,BC_WMB_344,Canada,BC,51.27352,-118.9147,airport,geomet,MSC
346,SALMON ARM,346,346,,BC_WMB_346,Canada,BC,50.685,-119.235,airport,geomet,MSC
34621,COFFEE CREEK,34621,34621,,BC_TRAN_34621,Canada,BC,49.71441,-116.90724,airport,geomet,MSC
34791,SUMMIT LAKE,34791,34791,,BC_TRAN_34791,Canada,BC,50.1475,-117.5925,airport,geomet,MSC
34891,SLOCAN LAKE,34891,34891,,BC_TRAN_34891,Canada,BC,49.87759,-117.39829,airport,geomet,MSC
35091,CANAL FLATS,35091,35091,,BC_TRAN_35091,Canada,BC,49.99431,-115.76109,airport,geomet,MSC
35092,MOYIE,35092,35092,,BC_TRAN_35092,Canada,BC,49.32611,-115.82889,airport,geomet,MSC
35093,Kimberley,35093,35093,,BC_TRAN_35093,Canada,BC,49.66115,-115.96779,airport,geomet,MSC
35094,IRISHMAN,35094,35094,,BC_TRAN_35094,Canada,BC,49.17203,-116.00877,airport,geomet,MSC
352,CURWEN CREEK,352,352,,BC_WMB_352,Canada,BC,50.60215,-118.42292,airport,geomet,MSC
35980,Burford MOE Climate Station,35980,35980,,ON_GRCA_35980,Canada,ON,43.11695875,-80.47856424,airport,geomet,MSC
361,TSAR CREEK,361,361,,BC_WMB_361,Canada,BC,51.99722,-118.1025,airport,geomet,MSC
36124,MORRISSEY,36124,36124,,BC_TRAN_36124,Canada,BC,49.39,-115.02306,airport,geomet,MSC
36125,MORRISSEY HIGH,36125,36125,,BC_TRAN_36125,Canada,BC,49.37254,-115.04689,airport,geomet,MSC
36191,LINE CREEK,36191,36191,,BC_TRAN_36191,Canada,BC,49.88374,-114.8905,airport,geomet,MSC
36192,CROWSNEST,36192,36192,,BC_TRAN_36192,Canada,BC,49.65019,-114.71286,airport,geomet,MSC
36195,STEAMBOAT,36195,36195,,BC_TRAN_36195,Canada,BC,49.4744,-115.52456,airport,geomet,MSC
362,MABEL LAKE 2,362,362,,BC_WMB_362,Canada,BC,50.35167,-118.77333,airport,geomet,MSC
363,REVELSTOKE,363,363,,BC_WMB_363,Canada,BC,51.06033,-118.21717,airport,geomet,MSC
366,WHISKEY,366,366,,BC_WMB_366,Canada,BC,51.06533,-116.785,airport,geomet,MSC
367,MARION,367,367,,BC_WMB_367,Canada,BC,51.04217,-116.36383,airport,geomet,MSC
37,BEAVER CREEK,37,37,,BC_WMB_37,Canada,BC,49.37748,-124.93327,airport,geomet,MSC
37091,VERMILLION PIT,37091,37091,,BC_TRAN_37091,Canada,BC,50.7382,-116.1764,airport,geomet,MSC
37092,NORDIC 2,37092,37092,,BC_TRAN_37092,Canada,BC,51.507,-117.42179,airport,geomet,MSC
37093,QUARTZ CREEK,37093,37093,,BC_TRAN_37093,Canada,BC,51.47846,-117.35992,airport,geomet,MSC
37121,KICKING HORSE,37121,37121,,BC_TRAN_37121,Canada,BC,51.31514,-116.87847,airport,geomet,MSC
37122,KICKING HORSE SOLAR,37122,37122,,BC_TRAN_37122,Canada,BC,51.31056,-116.88467,airport,geomet,MSC
37124,Black Wall,37124,37124,,BC_TRAN_37124,Canada,BC,51.30582,-116.88507,airport,geomet,MSC
37126,TOP OF TEN MILE 2,37126,37126,,BC_TRAN_37126,Canada,BC,51.27483,-116.76653,airport,geomet,MSC
37191,Blaeberry,37191,37191,,BC_TRAN_37191,Canada,BC,51.4296,-117.06427,airport,geomet,MSC
37192,QUINN CREEK,37192,37192,,BC_TRAN_37192,Canada,BC,51.02732,-116.53516,airport,geomet,MSC
37221,TOBY CREEK,37221,37221,,BC_TRAN_37221,Canada,BC,50.45147,-116.25674,airport,geomet,MSC
37222,LITTLE DRAGON,37222,37222,,BC_TRAN_37222,Canada,BC,50.43361,-116.32,airport,geomet,MSC
37223,LITTLE DRAGON SNOW,37223,37223,,BC_TRAN_37223,Canada,BC,50.43048,-116.3196,airport,geomet,MSC
37291,PANORAMA,37291,37291,,BC_TRAN_37291,Canada,BC,50.46343,-116.23348,airport,geomet,MSC
374,SUCCOUR CREEK,374,374,,BC_WMB_374,Canada,BC,51.71617,-117.54167,airport,geomet,MSC
376,TABERNACLE (WIND),376,376,,BC_WMB_376,Canada,BC,51.75133,-117.76133,airport,geomet,MSC
379,GOLD HILL,379,379,,BC_WMB_379,Canada,BC,50.36583,-117.0645,airport,geomet,MSC
380,POWDER CREEK,380,380,,BC_WMB_380,Canada,BC,49.9065,-116.8551,airport,geomet,MSC
38021,REVELSTOKE YARD,38021,38021,,BC_TRAN_38021,Canada,BC,51.00006,-118.22872,airport,geomet,MSC
38121,3 VALLEY REMOTE,38121,38121,,BC_TRAN_38121,Canada,BC,50.92666,-118.44503,airport,geomet,MSC
38122,VICTOR MAIN,38122,38122,,BC_TRAN_38122,Canada,BC,50.93107,-118.40227,airport,geomet,MSC
38124,CLANWILLIAM,38124,38124,,BC_TRAN_38124,Canada,BC,50.96248,-118.37777,airport,geomet,MSC
38222,CORBIN PASS LOW,38222,38222,,BC_TRAN_38222,Canada,BC,51.19333,-117.77111,airport,geomet,MSC
38226,CORBIN PASS HIGH,38226,38226,,BC_TRAN_38226,Canada,BC,51.20083,-117.77778,airport,geomet,MSC
38227,ALBERT CANYON,38227,38227,,BC_TRAN_38227,Canada,BC,51.17986,-117.76453,airport,geomet,MSC
38228,LAURIE,38228,38228,,BC_TRAN_38228,Canada,BC,51.18992,-117.71083,airport,geomet,MSC
383,FALLS CREEK,383,383,,BC_WMB_383,Canada,BC,50.383,-117.8799,airport,geomet,MSC
38323,CARIBOU RIDGE,38323,38323,,BC_TRAN_38323,Canada,BC,51.51833,-118.46167,airport,geomet,MSC
38324,50 MILE,38324,38324,,BC_TRAN_38324,Canada,BC,51.59917,-118.60139,airport,geomet,MSC
38325,FRED LAING RIDGE,38325,38325,,BC_TRAN_38325,Canada,BC,52.04028,-118.57083,airport,geomet,MSC
38326,MICA,38326,38326,,BC_TRAN_38326,Canada,BC,51.95778,-118.56222,airport,geomet,MSC
38327,FRED LAING LOWER,38327,38327,,BC_TRAN_38327,Canada,BC,52.05307,-118.58543,airport,geomet,MSC
38424,GALENA PASS,38424,38424,,BC_TRAN_38424,Canada,BC,50.70806,-117.755,airport,geomet,MSC
38491,BLANKET,38491,38491,,BC_TRAN_38491,Canada,BC,50.80856,-118.06795,airport,geomet,MSC
38495,GALENA ROAD,38495,38495,,BC_TRAN_38495,Canada,BC,50.70083,-117.74403,airport,geomet,MSC
385,DUNCAN,385,385,,BC_WMB_385,Canada,BC,50.78083,-117.1805,airport,geomet,MSC
387,TROUT LAKE,387,387,,BC_WMB_387,Canada,BC,50.62133,-117.4645,airport,geomet,MSC
388,KETTLE 2,388,388,,BC_WMB_388,Canada,BC,49.95998,-118.62603,airport,geomet,MSC
39,Crofton Substation,39,39,,BC_ENV-AQ_39,Canada,BC,48.874529,-123.653929,airport,geomet,MSC
390,BEAVERDELL,390,390,,BC_WMB_390,Canada,BC,49.457,-119.08833,airport,geomet,MSC
391,EIGHT MILE,391,391,,BC_WMB_391,Canada,BC,49.43283,-118.57833,airport,geomet,MSC
39121,KOOTENAY PASS,39121,39121,,BC_TRAN_39121,Canada,BC,49.05806,-117.04,airport,geomet,MSC
39123,STAGLEAP,39123,39123,,BC_TRAN_39123,Canada,BC,49.07161,-117.08389,airport,geomet,MSC
39124,CRAGS RIDGE,39124,39124,,BC_TRAN_39124,Canada,BC,49.07644,-117.00218,airport,geomet,MSC
392,GRAND FORKS,392,392,,BC_WMB_392,Canada,BC,49.0307,-118.4156,airport,geomet,MSC
39291,GOATFELL,39291,39291,,BC_TRAN_39291,Canada,BC,49.10933,-116.16947,airport,geomet,MSC
393,NICOLL,393,393,,BC_WMB_393,Canada,BC,49.52667,-118.36033,airport,geomet,MSC
394,ROCK CREEK,394,394,,BC_WMB_394,Canada,BC,49.052,-118.93667,airport,geomet,MSC
396,OCTOPUS CREEK,396,396,,BC_WMB_396,Canada,BC,49.699,-118.081,airport,geomet,MSC
3A09P,Palisade Lake,3A09P,3A09P,,BC-ENV-ASW_3A09P,Canada,BC,49.454444,-123.031944,airport,geomet,MSC
3A19P,Orchid Lake,3A19P,3A19P,,BC-ENV-ASW_3A19P,Canada,BC,49.535833,-123.050834,airport,geomet,MSC
3A20P,Callaghan,3A20P,3A20P,,BC-ENV-ASW_3A20P,Canada,BC,50.137056,-123.102889,airport,geomet,MSC
3A22P,Nostetuko River,3A22P,3A22P,,BC-ENV-ASW_3A22P,Canada,BC,51.24325,-124.459583,airport,geomet,MSC
3A24P,Mosley Creek Upper,3A24P,3A24P,,BC-ENV-ASW_3A24P,Canada,BC,51.77617,-124.6218,airport,geomet,MSC
3A25P,Squamish River Upper,3A25P,3A25P,,BC-ENV-ASW_3A25P,Canada,BC,50.1543,-123.4361,airport,geomet,MSC
3A28P,Tetrahedron,3A28P,3A28P,,BC-ENV-ASW_3A28P,Canada,BC,49.59785,-123.60499,airport,geomet,MSC
3A29P,Loch Lomand,3A29P,3A29P,,BC-ENV-ASW_3A29P,Canada,BC,49.592,-123.0444,airport,geomet,MSC
3B17P,Wolf River Upper,3B17P,3B17P,,BC-ENV-ASW_3B17P,Canada,BC,49.7041389,-125.67925,airport,geomet,MSC
3B23P,Jump Creek,3B23P,3B23P,,BC-ENV-ASW_3B23P,Canada,BC,48.969505,-124.276182,airport,geomet,MSC
3B24P,Heather Mountain Upper,3B24P,3B24P,,BC-ENV-ASW_3B24P,Canada,BC,48.943875,-124.452113,airport,geomet,MSC
3B26P,Mount Arrowsmith,3B26P,3B26P,,BC-ENV-ASW_3B26P,Canada,BC,49.207376,-124.567776,airport,geomet,MSC
3C08P,Burnt Bridge Creek,3C08P,3C08P,,BC-ENV-ASW_3C08P,Canada,BC,52.480889,-126.247833,airport,geomet,MSC
4,Camp 185,4,4,,NL-DFFA_004,Canada,NL,48.637722,-58.18625,airport,geomet,MSC
401,GOATFELL,401,401,,BC_WMB_401,Canada,BC,49.12533,-116.16383,airport,geomet,MSC
402,PENDOREILLE,402,402,,BC_WMB_402,Canada,BC,49.05056,-117.41389,airport,geomet,MSC
404,SMALLWOOD,404,404,,BC_WMB_404,Canada,BC,49.49667,-117.4475,airport,geomet,MSC
406,SLOCAN,406,406,,BC_WMB_406,Canada,BC,49.78467,-117.44,airport,geomet,MSC
407,NANCY GREEN,407,407,,BC_WMB_407,Canada,BC,49.2545,-117.99417,airport,geomet,MSC
408,NORNS (WIND),408,408,,BC_WMB_408,Canada,BC,49.5025,-117.787,airport,geomet,MSC
41091,WEST TWIN CREEK,41091,41091,,BC_TRAN_41091,Canada,BC,53.43988,-120.50709,airport,geomet,MSC
41092,LINK CREEK,41092,41092,,BC_TRAN_41092,Canada,BC,55.50111,-122.65694,airport,geomet,MSC
41093,WHISKERS POINT,41093,41093,,BC_TRAN_41093,Canada,BC,54.90389,-122.9275,airport,geomet,MSC
41094,TAMARAC,41094,41094,,BC_TRAN_41094,Canada,BC,53.83139,-123.13222,airport,geomet,MSC
41095,SLIM CREEK,41095,41095,,BC_TRAN_41095,Canada,BC,53.72531,-121.13636,airport,geomet,MSC
411,PALLISER,411,411,,BC_WMB_411,Canada,BC,50.49461,-115.66644,airport,geomet,MSC
412,ELKO,412,412,,BC_WMB_412,Canada,BC,49.28767,-115.15456,airport,geomet,MSC
414,Courtenay Elementary School,414,414,,BC_ENV-AQ_414,Canada,BC,49.6825,-124.9961,airport,geomet,MSC
417,TOBY HUB,417,417,,BC_WMB_417,Canada,BC,50.51283,-116.05533,airport,geomet,MSC
418,Kitimat Yacht Club_60,418,418,,BC_ENV-AQ_418,Canada,BC,54.0,-128.692,airport,geomet,MSC
419,JOHNSON LAKE,419,419,,BC_WMB_419,Canada,BC,49.922,-115.73667,airport,geomet,MSC
42091,DRAGON LAKE,42091,42091,,BC_TRAN_42091,Canada,BC,52.93078,-122.43881,airport,geomet,MSC
42092,HUSH LAKE,42092,42092,,BC_TRAN_42092,Canada,BC,53.158,-122.36442,airport,geomet,MSC
421,DEWAR CREEK,421,421,,BC_WMB_421,Canada,BC,49.7845,-116.383,airport,geomet,MSC
42121,SLIDING MOUNTAIN,42121,42121,,BC_TRAN_42121,Canada,BC,53.15667,-121.47889,airport,geomet,MSC
42122,SLIDING MOUNTAIN PRECIP,42122,42122,,BC_TRAN_42122,Canada,BC,53.15396,-121.50606,airport,geomet,MSC
425,Prince Rupert Roosevelt Park School Met_60,425,425,,BC_ENV-AQ_425,Canada,BC,54.3064,-130.3269,airport,geomet,MSC
426,CRANBROOK FS,426,426,,BC_WMB_426,Canada,BC,49.6673,-115.848,airport,geomet,MSC
427,NASS CAMP,427,427,,BC_WMB_427,Canada,BC,55.28833,-128.99333,airport,geomet,MSC
428,KISPIOX HUB,428,428,,BC_WMB_428,Canada,BC,55.435,-127.64667,airport,geomet,MSC
429,CEDARVALE,429,429,,BC_WMB_429,Canada,BC,55.02667,-128.31333,airport,geomet,MSC
430,VAN DYKE,430,430,,BC_WMB_430,Canada,BC,56.01273,-129.09981,airport,geomet,MSC
43091,BRADEN ROAD,43091,43091,,BC_TRAN_43091,Canada,BC,55.7815,-120.76256,airport,geomet,MSC
43092,TUPPER,43092,43092,,BC_TRAN_43092,Canada,BC,55.4858,-120.03231,airport,geomet,MSC
431,UPPER KISPIOX,431,431,,BC_WMB_431,Canada,BC,55.6,-128.04167,airport,geomet,MSC
432,BELL-IRVING,432,432,,BC_WMB_432,Canada,BC,56.34849,-129.29283,airport,geomet,MSC
433,CRANBERRY,433,433,,BC_WMB_433,Canada,BC,55.57667,-128.705,airport,geomet,MSC
437,NOEL,437,437,,BC_WMB_437,Canada,BC,55.29576,-120.48606,airport,geomet,MSC
438,ELK MOUNTAIN,438,438,,BC_WMB_438,Canada,BC,59.33369,-125.51139,airport,geomet,MSC
439,Burns Lake Sheraton East Met_60,439,439,,BC_ENV-AQ_439,Canada,BC,54.1527,-125.4495,airport,geomet,MSC
440,FIRESIDE,440,440,,BC_WMB_440,Canada,BC,59.72267,-127.33514,airport,geomet,MSC
4400488,East Chedabucto Bay,,,4400488,9302000,Canada,XX,45.445,-60.95375,marine,geomet,Environment and Climate Change Canada (ECCC) in support of Ocean Protection Plan.
4400489,West Chedabucto Bay,,,4400489,9302001,Canada,XX,45.48686667,-61.14103333,marine,geomet,Environment and Climate Change Canada (ECCC) in support of Ocean Protection Plan.
4400490,West Bay of Fundy,,,4400490,9300300,Canada,XX,44.66055667,-66.36861167,marine,geomet,Environment and Climate Change Canada (ECCC) in support of Ocean Protection Plan.
44091,73 MILE,44091,44091,,BC_TRAN_44091,Canada,BC,56.54111,-121.25264,airport,geomet,MSC
44092,SOUTH TAYLOR HILL,44092,44092,,BC_TRAN_44092,Canada,BC,56.07938,-120.64055,airport,geomet,MSC
44093,POWELL ROAD,44093,44093,,BC_TRAN_44093,Canada,BC,56.04469,-121.88913,airport,geomet,MSC
44137,EAST SCOTIA SLOPE,,,44137,9300355,Canada,XX,42.2613,-61.9985,marine,geomet,Environment and Climate Change Canada (ECCC) in support of Ocean Protection Plan.
44138,SW GRAND BANKS,,,44138,9300658,Canada,XX,44.2513,-53.6332,marine,geomet,Environment and Climate Change Canada (ECCC) in support of Ocean Protection Plan.
44139,BANQUEREAU BANK,,,44139,9300243,Canada,XX,44.2402,-57.1032,marine,geomet,Environment and Climate Change Canada (ECCC) in support of Ocean Protection Plan.
44140,TAIL OF THE BANK,,,44140,9300720,Canada,XX,42.8684,-51.4665,marine,geomet,Environment and Climate Change Canada (ECCC) in support of Ocean Protection Plan.
44141,LAURENTIAN FAN,,,44141,9300587,Canada,XX,42.9928,-57.958,marine,geomet,Environment and Climate Change Canada (ECCC) in support of Ocean Protection Plan.
44150,LA HAVE BANK,,,44150,9300450,Canada,XX,42.5047,-64.0718,marine,geomet,Environment and Climate Change Canada (ECCC) in support of Ocean Protection Plan.
44251,NICKERSON BANK,,,44251,9300635,Canada,XX,46.4438,-53.3918,marine,geomet,Environment and Climate Change Canada (ECCC) in support of Ocean Protection Plan.
44255,NE BURGEO BANK,,,44255,9300630,Canada,XX,47.2669,-57.3356,marine,geomet,Environment and Climate Change Canada (ECCC) in support of Ocean Protection Plan.
44258,HALIFAX HARBOUR,,,44258,9300400,Canada,XX,44.5017,-63.4026,marine,geomet,Environment and Climate Change Canada (ECCC) in support of Ocean Protection Plan.
444,KETCHIKA,444,444,,BC_WMB_444,Canada,BC,58.72698,-127.12496,airport,geomet,MSC
445,BOYA LAKE,445,445,,BC_WMB_445,Canada,BC,59.36833,-129.11,airport,geomet,MSC
447,WATSON LAKE FS,447,447,,BC_WMB_447,Canada,BC,60.06667,-128.70833,airport,geomet,MSC
45,SALTSPRING 2,45,45,,BC_WMB_45,Canada,BC,48.77395,-123.4735,airport,geomet,MSC
450,Bessborough 237 Road,450,450,,BC_ENV-AQ_450,Canada,BC,55.791944,-120.483611,airport,geomet,MSC
45000,ONTARIO TEST 1,,,45000,9400000,Canada,XX,43.3255,-79.799,marine,geomet,Environment and Climate Change Canada (ECCC) in support of Ocean Protection Plan.
45001,ONTARIO TEST 2,,,45001,9400001,Canada,XX,43.3255,-79.799,marine,geomet,Environment and Climate Change Canada (ECCC) in support of Ocean Protection Plan.
45002,ATLANTIC TEST 1,,,45002,9300000,Canada,XX,44.7370762423336,-63.6479016571007,marine,geomet,Environment and Climate Change Canada (ECCC) in support of Ocean Protection Plan.
45003,ATLANTIC TEST 2,,,45003,9300001,Canada,XX,44.7370762423336,-63.6479016571007,marine,geomet,Environment and Climate Change Canada (ECCC) in support of Ocean Protection Plan.
45004,WINNIPEG TEST 1,,,45004,9400002,Canada,XX,49.8888768486421,-97.1341794150442,marine,geomet,Environment and Climate Change Canada (ECCC) in support of Ocean Protection Plan.
45005,WINNIPEG TEST 2,,,45005,9400003,Canada,XX,49.8888768486421,-97.1341794150442,marine,geomet,Environment and Climate Change Canada (ECCC) in support of Ocean Protection Plan.
45006,EDMONTON TEST,,,45006,9400004,Canada,XX,53.5331907561507,-113.413539345478,marine,geomet,Environment and Climate Change Canada (ECCC) in support of Ocean Protection Plan.
45007,PACIFIC TEST 1,,,45007,9100000,Canada,XX,49.182312054874,-123.078379399749,marine,geomet,Environment and Climate Change Canada (ECCC) in support of Ocean Protection Plan.
45008,PACIFIC TEST 2,,,45008,9100001,Canada,XX,49.182312054874,-123.078379399749,marine,geomet,Environment and Climate Change Canada (ECCC) in support of Ocean Protection Plan.
45091,FORT FRASER HILLS,45091,45091,,BC_TRAN_45091,Canada,BC,54.05579,-124.4777,airport,geomet,MSC
45092,SPENCER PIT,45092,45092,,BC_TRAN_45092,Canada,BC,54.3456,-124.27644,airport,geomet,MSC
45132,PORT STANLEY,,,45132,9401548,Canada,XX,42.4633,-81.2157,marine,geomet,Environment and Climate Change Canada (ECCC) in support of Ocean Protection Plan.
45135,PRINCE EDWARD PT,,,45135,9401578,Canada,XX,43.7844,-76.8678,marine,geomet,Environment and Climate Change Canada (ECCC) in support of Ocean Protection Plan.
45136,SLATE ISLAND,,,45136,9401810,Canada,XX,48.535,-86.9527,marine,geomet,Environment and Climate Change Canada (ECCC) in support of Ocean Protection Plan.
45137,GEORGIAN BAY,,,45137,9401345,Canada,XX,45.5443,-81.0149,marine,geomet,Environment and Climate Change Canada (ECCC) in support of Ocean Protection Plan.
45138,MONT LOUIS,,,45138,9300620,Canada,XX,49.5391,-65.7107,marine,geomet,Environment and Climate Change Canada (ECCC) in support of Ocean Protection Plan.
45139,WEST LAKE ONTARIO,,,45139,9402248,Canada,XX,43.2514,-79.5342,marine,geomet,Environment and Climate Change Canada (ECCC) in support of Ocean Protection Plan.
45140,LAKE WINNIPEG S. BASIN,,,45140,9401177,Canada,XX,50.7899,-96.7332,marine,geomet,Environment and Climate Change Canada (ECCC) in support of Ocean Protection Plan.
45141,GREAT SLAVE LAKE,,,45141,9400670,Canada,XX,61.1807,-115.3143,marine,geomet,Environment and Climate Change Canada (ECCC) in support of Ocean Protection Plan.
45142,PORT COLBORNE,,,45142,9401542,Canada,XX,42.7367,-79.2899,marine,geomet,Environment and Climate Change Canada (ECCC) in support of Ocean Protection Plan.
45143,SOUTH GEORGIAN BAY,,,45143,9401846,Canada,XX,44.9449,-80.6268,marine,geomet,Environment and Climate Change Canada (ECCC) in support of Ocean Protection Plan.
45144,LAKE WINNIPEG N.,,,45144,9401175,Canada,XX,53.23,-98.29,marine,geomet,Environment and Climate Change Canada (ECCC) in support of Ocean Protection Plan.
45145,LAKE WINNIPEG NARROWS,,,45145,9401176,Canada,XX,51.87,-96.97,marine,geomet,Environment and Climate Change Canada (ECCC) in support of Ocean Protection Plan.
45147,LAKE ST. CLAIR,,,45147,9401138,Canada,XX,42.43,-82.6833,marine,geomet,Environment and Climate Change Canada (ECCC) in support of Ocean Protection Plan.
45148,LAKE OF THE WOODS,,,45148,9401120,Canada,XX,49.6511,-94.5019,marine,geomet,Environment and Climate Change Canada (ECCC) in support of Ocean Protection Plan.
45149,SOUTHERN LAKE HURON (BAYFIELD),,,45149,9401849,Canada,XX,43.5417,-82.0749,marine,geomet,Environment and Climate Change Canada (ECCC) in support of Ocean Protection Plan.
45150,GT. SLAVE LK N. ARM,,,45150,9400671,Canada,XX,61.975,-114.129,marine,geomet,Environment and Climate Change Canada (ECCC) in support of Ocean Protection Plan.
45151,LAKE SIMCOE,,,45151,9401130,Canada,XX,44.5004,-79.3667,marine,geomet,Environment and Climate Change Canada (ECCC) in support of Ocean Protection Plan.
45152,LAKE NIPISSING,,,45152,9401110,Canada,XX,46.233,-79.7155,marine,geomet,Environment and Climate Change Canada (ECCC) in support of Ocean Protection Plan.
45154,NORTH CHANNEL EAST,,,45154,9401342,Canada,XX,46.0507,-82.6373,marine,geomet,Environment and Climate Change Canada (ECCC) in support of Ocean Protection Plan.
45155,PAN AM GAMES,,,45155,9401510,Canada,XX,43.5897,-79.39,marine,geomet,Environment and Climate Change Canada (ECCC) in support of Ocean Protection Plan.
45159,NW LAKE ONTARIO AJAX,,,45159,9401347,Canada,XX,43.7667,-78.9836,marine,geomet,Environment and Climate Change Canada (ECCC) in support of Ocean Protection Plan.
452,Fraser Lake Endako Mines_60,452,452,,BC_ENV-AQ_452,Canada,BC,54.034444,-125.095833,airport,geomet,MSC
4600303,Southern Georgia Strait,,,4600303,9102000,Canada,XX,49.025,-123.43,marine,geomet,Environment and Climate Change Canada (ECCC) in support of Ocean Protection Plan.
4600304,Entrance to English Bay,,,4600304,9102001,Canada,XX,49.301667,-123.35667,marine,geomet,Environment and Climate Change Canada (ECCC) in support of Ocean Protection Plan.
46004,MIDDLE NOMAD,,,46004,9100600,Canada,XX,50.9305,-136.0953,marine,geomet,Environment and Climate Change Canada (ECCC) in support of Ocean Protection Plan.
46036,SOUTH NOMAD,,,46036,9100640,Canada,XX,48.355,-133.9383,marine,geomet,Environment and Climate Change Canada (ECCC) in support of Ocean Protection Plan.
46094,CHAPPEL CREEK,46094,46094,,BC_TRAN_46094,Canada,BC,52.38556,-119.18008,airport,geomet,MSC
46127,ROBSON ROADSIDE,46127,46127,,BC_TRAN_46127,Canada,BC,53.03303,-119.2003,airport,geomet,MSC
46131,SENTRY SHOAL,,,46131,9100624,Canada,XX,49.9067,-124.9858,marine,geomet,Environment and Climate Change Canada (ECCC) in support of Ocean Protection Plan.
46132,SOUTH BROOKS,,,46132,9101624,Canada,XX,49.7383,-127.9317,marine,geomet,Environment and Climate Change Canada (ECCC) in support of Ocean Protection Plan.
46134,PAT BAY,,,46134,9100620,Canada,XX,48.6483,-123.495,marine,geomet,Environment and Climate Change Canada (ECCC) in support of Ocean Protection Plan.
46145,CENTRAL DIXON ENTRANCE,,,46145,9100280,Canada,XX,54.3667,-132.4439,marine,geomet,Environment and Climate Change Canada (ECCC) in support of Ocean Protection Plan.
46146,HALIBUT BANK,,,46146,9100552,Canada,XX,49.34,-123.7267,marine,geomet,Environment and Climate Change Canada (ECCC) in support of Ocean Protection Plan.
46147,SOUTH MORESBY,,,46147,9100637,Canada,XX,51.8283,-131.225,marine,geomet,Environment and Climate Change Canada (ECCC) in support of Ocean Protection Plan.
46181,NANAKWA SHOAL,,,46181,9100610,Canada,XX,53.8333,-128.8317,marine,geomet,Environment and Climate Change Canada (ECCC) in support of Ocean Protection Plan.
46183,NORTH HECATE STRAIT,,,46183,9100585,Canada,XX,53.6167,-131.105,marine,geomet,Environment and Climate Change Canada (ECCC) in support of Ocean Protection Plan.
46184,NORTH NOMAD,,,46184,9100614,Canada,XX,53.915,-138.8508,marine,geomet,Environment and Climate Change Canada (ECCC) in support of Ocean Protection Plan.
46185,SOUTH HECATE STRAIT,,,46185,9100631,Canada,XX,52.425,-129.7917,marine,geomet,Environment and Climate Change Canada (ECCC) in support of Ocean Protection Plan.
46191,Yellowhead,46191,46191,,BC_TRAN_46191,Canada,BC,52.88428,-118.46087,airport,geomet,MSC
46204,WEST SEA OTTER,,,46204,9100888,Canada,XX,51.3835,-128.7668,marine,geomet,Environment and Climate Change Canada (ECCC) in support of Ocean Protection Plan.
46205,WEST DIXON ENTRANCE,,,46205,9100795,Canada,XX,54.185,-134.323,marine,geomet,Environment and Climate Change Canada (ECCC) in support of Ocean Protection Plan.
46206,LA PEROUSE BANK,,,46206,9100580,Canada,XX,48.835,-125.9983,marine,geomet,Environment and Climate Change Canada (ECCC) in support of Ocean Protection Plan.
46207,EAST DELLWOOD,,,46207,9100340,Canada,XX,50.8742,-129.9158,marine,geomet,Environment and Climate Change Canada (ECCC) in support of Ocean Protection Plan.
46208,WEST MORESBY,,,46208,9100818,Canada,XX,52.515,-132.6925,marine,geomet,Environment and Climate Change Canada (ECCC) in support of Ocean Protection Plan.
464,Farmington Community Hall Met_60,464,464,,BC_ENV-AQ_464,Canada,BC,55.9132,-120.5316,airport,geomet,MSC
469,Fort St John Key Learning Centre,469,469,,BC_ENV-AQ_469,Canada,BC,56.244722,-120.856111,airport,geomet,MSC
47091,LEE'S HILL,47091,47091,,BC_TRAN_47091,Canada,BC,51.93747,-122.98586,airport,geomet,MSC
47092,ENTERPRISE,47092,47092,,BC_TRAN_47092,Canada,BC,51.96181,-121.79314,airport,geomet,MSC
47094,BULL MOUNTAIN ROAD,47094,47094,,BC_TRAN_47094,Canada,BC,52.24473,-122.11796,airport,geomet,MSC
47121,BELLA COOLA,47121,47121,,BC_TRAN_47121,Canada,BC,52.35569,-126.77178,airport,geomet,MSC
47122,HECKMAN PASS,47122,47122,,BC_TRAN_47122,Canada,BC,52.4347,-125.87449,airport,geomet,MSC
47123,BELLA COOLA PRECIP,47123,47123,,BC_TRAN_47123,Canada,BC,52.37055,-126.75435,airport,geomet,MSC
473,Terrace Skeena Middle School_60,473,473,,BC_ENV-AQ_473,Canada,BC,54.5217,-128.6075,airport,geomet,MSC
474,FROTH (WIND),474,474,,BC_WMB_474,Canada,BC,52.0105,-119.25502,airport,geomet,MSC
48021,TUKTOYAKTUK,,,48021,2203915,Canada,XX,70.35,-133.0,marine,geomet,Environment and Climate Change Canada (ECCC) in support of Ocean Protection Plan.
491,Squamish Elementary,491,491,,BC_ENV-AQ_491,Canada,BC,49.7052,-123.1513,airport,geomet,MSC
4A02P,Pine Pass,4A02P,4A02P,,BC-ENV-ASW_4A02P,Canada,BC,55.353,-122.6373333,airport,geomet,MSC
4A03P,Ware Upper,4A03P,4A03P,,BC-ENV-ASW_4A03P,Canada,BC,57.3961806,-125.7004694,airport,geomet,MSC
4A04P,Ware Lower,4A04P,4A04P,,BC-ENV-ASW_4A04P,Canada,BC,57.4075556,-125.6773389,airport,geomet,MSC
4A09P,Pulpit Lake,4A09P,4A09P,,BC-ENV-ASW_4A09P,Canada,BC,57.5485833,-126.7483139,airport,geomet,MSC
4A13P,Philip Lake,4A13P,4A13P,,BC-ENV-ASW_4A13P,Canada,BC,55.1238,-123.897927,airport,geomet,MSC
4A18P,Mount Sheba,4A18P,4A18P,,BC-ENV-ASW_4A18P,Canada,BC,54.5266667,-121.8041667,airport,geomet,MSC
4A20P,Monkman Creek,4A20P,4A20P,,BC-ENV-ASW_4A20P,Canada,BC,54.7252806,-121.2316972,airport,geomet,MSC
4A27P,Kwadacha North,4A27P,4A27P,,BC-ENV-ASW_4A27P,Canada,BC,57.623333,-125.073167,airport,geomet,MSC
4A30P,Aiken Lake,4A30P,4A30P,,BC-ENV-ASW_4A30P,Canada,BC,56.43686,-125.7417,airport,geomet,MSC
4A31P,Crying Girl Prairie,4A31P,4A31P,,BC-ENV-ASW_4A31P,Canada,BC,56.3858611,-122.8928333,airport,geomet,MSC
4A33P,Muskwa-Kechika,4A33P,4A33P,,BC-ENV-ASW_4A33P,Canada,BC,56.7813889,-123.1063889,airport,geomet,MSC
4A34P,Dowling Creek,4A34P,4A34P,,BC-ENV-ASW_4A34P,Canada,BC,55.8250833,-122.43625,airport,geomet,MSC
4A35P,Germansen Landing,4A35P,4A35P,,BC-ENV-ASW_4A35P,Canada,BC,55.7855278,-124.7014444,airport,geomet,MSC
4A36P,Parsnip Upper,4A36P,4A36P,,BC-ENV-ASW_4A36P,Canada,BC,54.6055556,-122.1375833,airport,geomet,MSC
4A37P,McQue Terrace,4A37P,4A37P,,BC-ENV-ASW_4A37P,Canada,BC,56.9815,-123.4041667,airport,geomet,MSC
4A38P,Horn Creek,4A38P,4A38P,,BC-ENV-ASW_4A38P,Canada,BC,56.734766,-123.606,airport,geomet,MSC
4A40P,Crocker Creek,4A40P,4A40P,,BC-ENV-ASW_4A40P,Canada,BC,54.93481,-122.18292,airport,geomet,MSC
4B02P,Johanson Lake,4B02P,4B02P,,BC-ENV-ASW_4B02P,Canada,BC,56.605415,-126.19401,airport,geomet,MSC
4B12P,Granduc Mine,4B12P,4B12P,,BC-ENV-ASW_4B12P,Canada,BC,56.2467,-130.0662,airport,geomet,MSC
4B15P,Lu Lake,4B15P,4B15P,,BC-ENV-ASW_4B15P,Canada,BC,54.19683,-126.3041,airport,geomet,MSC
4B16P,Shedin Creek,4B16P,4B16P,,BC-ENV-ASW_4B16P,Canada,BC,55.861653,-127.69842,airport,geomet,MSC
4B17P,Tsai Creek,4B17P,4B17P,,BC-ENV-ASW_4B17P,Canada,BC,54.645906,-127.674272,airport,geomet,MSC
4B18P,Cedar-Kiteen,4B18P,4B18P,,BC-ENV-ASW_4B18P,Canada,BC,55.152028,-128.711028,airport,geomet,MSC
4C01P,Sikanni Lake,4C01P,4C01P,,BC-ENV-ASW_4C01P,Canada,BC,57.2637556,-124.1319806,airport,geomet,MSC
4C20P,Sierra Climate,4C20P,4C20P,,BC-ENV-ASW_4C20P,Canada,BC,58.838191,-121.396516,airport,geomet,MSC
4C21P,Two Island Climate,4C21P,4C21P,,BC-ENV-ASW_4C21P,Canada,BC,59.344647,-122.085922,airport,geomet,MSC
4D10P,Tumeka Creek,4D10P,4D10P,,BC-ENV-ASW_4D10P,Canada,BC,57.238829,-129.706672,airport,geomet,MSC
4D11P,Kinaskan Lake,4D11P,4D11P,,BC-ENV-ASW_4D11P,Canada,BC,57.57869,-130.262739,airport,geomet,MSC
4D16P,Forrest Kerr Mid Elevation Snow,4D16P,4D16P,,BC-ENV-ASW_4D16P,Canada,BC,56.753333,-130.691111,airport,geomet,MSC
4D17P,Forrest Kerr High Elevation Snow,4D17P,4D17P,,BC-ENV-ASW_4D17P,Canada,BC,56.758889,-130.746389,airport,geomet,MSC
5,Mountainview,5,5,,NL-DFFA_005,Canada,NL,47.962528,-58.957917,airport,geomet,MSC
503,BAKER EAST/WEST HUB,503,503,,BC_WMB_503,Canada,BC,49.45616,-115.62633,airport,geomet,MSC
509,BEGBIE SF,509,509,,BC_WMB_509,Canada,BC,51.4733333,-121.36,airport,geomet,MSC
51124,WINDY POINT UPPER,51124,51124,,BC_TRAN_51124,Canada,BC,56.12057,-129.52755,airport,geomet,MSC
51125,DISRAELI,51125,51125,,BC_TRAN_51125,Canada,BC,56.09972,-129.75167,airport,geomet,MSC
51126,ENDGOAL,51126,51126,,BC_TRAN_51126,Canada,BC,56.09987,-129.51218,airport,geomet,MSC
51127,SUMMIT SLUFF WIND,51127,51127,,BC_TRAN_51127,Canada,BC,56.10631,-129.65389,airport,geomet,MSC
51128,KETTLE HOLE,51128,51128,,BC_TRAN_51128,Canada,BC,56.10347,-129.63297,airport,geomet,MSC
51129,STEWART,51129,51129,,BC_TRAN_51129,Canada,BC,55.94808,-129.98264,airport,geomet,MSC
51137,Windy Point Lower Snow,51137,51137,,BC_TRAN_51137,Canada,BC,56.11024,-129.51527,airport,geomet,MSC
51191,CRANBERRY JUNCTION,51191,51191,,BC_TRAN_51191,Canada,BC,55.63222,-128.67278,airport,geomet,MSC
51193,GITANYOW,51193,51193,,BC_TRAN_51193,Canada,BC,55.24679,-128.05074,airport,geomet,MSC
52091,LEGATE CREEK,52091,52091,,BC_TRAN_52091,Canada,BC,54.74639,-128.26111,airport,geomet,MSC
52092,ROSSWOOD,52092,52092,,BC_TRAN_52092,Canada,BC,54.93722,-128.89361,airport,geomet,MSC
52093,ONION LAKE,52093,52093,,BC_TRAN_52093,Canada,BC,54.30222,-128.53778,airport,geomet,MSC
52322,KASIKS HIGH,52322,52322,,BC_TRAN_52322,Canada,BC,54.30161,-129.44333,airport,geomet,MSC
52325,KASIKS LOW,52325,52325,,BC_TRAN_52325,Canada,BC,54.30361,-129.41833,airport,geomet,MSC
52326,SALVUS,52326,52326,,BC_TRAN_52326,Canada,BC,54.31444,-129.35361,airport,geomet,MSC
52391,RAINBOW EAST,52391,52391,,BC_TRAN_52391,Canada,BC,54.20842,-129.98169,airport,geomet,MSC
52401,SHAMES,52401,52401,,BC_TRAN_52401,Canada,BC,54.48497,-128.95586,airport,geomet,MSC
52521,IKNOUK,52521,52521,,BC_TRAN_52521,Canada,BC,55.01033,-129.77636,airport,geomet,MSC
52522,IKNOUK ROAD,52522,52522,,BC_TRAN_52522,Canada,BC,55.00186,-129.88126,airport,geomet,MSC
52591,GRIZZLY HILL,52591,52591,,BC_TRAN_52591,Canada,BC,55.01849,-129.61817,airport,geomet,MSC
528,Prince George Exploration Place,528,528,,BC_ENV-AQ_528,Canada,BC,53.9051,-122.734,airport,geomet,MSC
53122,SNOWBANK MID,53122,53122,,BC_TRAN_53122,Canada,BC,56.77667,-129.97253,airport,geomet,MSC
53123,GAMMA,53123,53123,,BC_TRAN_53123,Canada,BC,56.94667,-130.10694,airport,geomet,MSC
53125,SNOWBANK ROAD,53125,53125,,BC_TRAN_53125,Canada,BC,56.75389,-129.935,airport,geomet,MSC
53126,CARL'S CORNER,53126,53126,,BC_TRAN_53126,Canada,BC,56.92867,-130.0905,airport,geomet,MSC
53127,GAMMA HIGH,53127,53127,,BC_TRAN_53127,Canada,BC,56.95083,-130.095,airport,geomet,MSC
53128,REVISION,53128,53128,,BC_TRAN_53128,Canada,BC,56.79544,-129.97519,airport,geomet,MSC
53129,Dease Lake,53129,53129,,BC_TRAN_53129,Canada,BC,58.43425,-129.98617,airport,geomet,MSC
53131,NORTH BURRAGE,53131,53131,,BC_TRAN_53131,Canada,BC,57.30477,-130.25056,airport,geomet,MSC
53221,JADE CITY,53221,53221,,BC_TRAN_53221,Canada,BC,59.24917,-129.65722,airport,geomet,MSC
53222,JADE CITY WIND,53222,53222,,BC_TRAN_53222,Canada,BC,59.25861,-129.61833,airport,geomet,MSC
53321,TELEGRAPH,53321,53321,,BC_TRAN_53321,Canada,BC,57.91278,-131.13111,airport,geomet,MSC
54091,HUNGRY HILL,54091,54091,,BC_TRAN_54091,Canada,BC,54.48194,-126.74361,airport,geomet,MSC
54092,TROUT CREEK,54092,54092,,BC_TRAN_54092,Canada,BC,54.94143,-127.3261,airport,geomet,MSC
542,Duncan College Street,542,542,,BC_ENV-AQ_542,Canada,BC,48.786114,-123.717307,airport,geomet,MSC
543,Skookumchuck Farstad Way_60,543,543,,BC_ENV-AQ_543,Canada,BC,49.905404,-115.755613,airport,geomet,MSC
546,Prince Rupert Fairview,546,546,,BC_ENV-AQ_546,Canada,BC,54.292637,-130.35242,airport,geomet,MSC
549,Williams Lake Columneetza School_60,549,549,,BC_ENV-AQ_549,Canada,BC,52.1443,-122.1504,airport,geomet,MSC
550,Cranbrook Muriel Baxter,550,550,,BC_ENV-AQ_550,Canada,BC,49.507103,-115.753682,airport,geomet,MSC
55091,STEARNS,55091,55091,,BC_TRAN_55091,Canada,BC,54.19167,-125.53639,airport,geomet,MSC
55092,6 MILE HILL,55092,55092,,BC_TRAN_55092,Canada,BC,54.45944,-126.1961,airport,geomet,MSC
56,Grand Forks Airport Met_60,56,56,,BC_ENV-AQ_56,Canada,BC,49.0147,-118.4269,airport,geomet,MSC
563,Smithers Muheim Memorial_60,563,563,,BC_ENV-AQ_563,Canada,BC,54.7784861,-127.168542,airport,geomet,MSC
564,Crofton Elementary,564,564,,BC_ENV-AQ_564,Canada,BC,48.86,-123.6438889,airport,geomet,MSC
571,Kelowna KLO Road,571,571,,BC_ENV-AQ_571,Canada,BC,49.862119,-119.467461,airport,geomet,MSC
576,Kitimat Industrial Ave,576,576,,BC_ENV-AQ_576,Canada,BC,54.061,-128.688,airport,geomet,MSC
579,Willow Creek Mine,579,579,,BC_ENV-AQ_579,Canada,BC,55.6355,-122.235639,airport,geomet,MSC
580,Taylor South Hill,580,580,,BC_ENV-AQ_580,Canada,BC,56.105871,-120.662779,airport,geomet,MSC
582,Taylor Farm 247 Road,582,582,,BC_ENV-AQ_582,Canada,BC,56.1532,-120.61,airport,geomet,MSC
583,Quesnel Johnston Avenue,583,583,,BC_ENV-AQ_583,Canada,BC,52.969061,-122.494031,airport,geomet,MSC
585,Elkford Rocky Mountain Elementary School,585,585,,BC_ENV-AQ_585,Canada,BC,50.0077944,-114.93342,airport,geomet,MSC
587,Warfield Haley Park Met_60,587,587,,BC_ENV-AQ_587,Canada,BC,49.097286,-117.74366,airport,geomet,MSC
59,CEDAR,59,59,,BC_WMB_59,Canada,BC,49.04762,-123.87473,airport,geomet,MSC
590,Willow Flats Compressor Station 2,590,590,,BC_ENV-AQ_590,Canada,BC,55.6478,-122.2039,airport,geomet,MSC
599,Penticton Debeck Road,599,599,,BC_ENV-AQ_599,Canada,BC,49.4914,-119.5715,airport,geomet,MSC
6,Sitting Horse,6,6,,NL-DFFA_006,Canada,NL,49.646861,-56.411139,airport,geomet,MSC
60,Harmac Pacific Met_60,60,60,,BC_ENV-AQ_60,Canada,BC,49.1352,-123.8475,airport,geomet,MSC
62091,MALAHAT,62091,62091,,BC_TRAN_62091,Canada,BC,48.56794,-123.54176,airport,geomet,MSC
63021,CAMERON LAKE,63021,63021,,BC_TRAN_63021,Canada,BC,49.28907,-124.61096,airport,geomet,MSC
63022,MT UNDERWOOD,63022,63022,,BC_TRAN_63022,Canada,BC,49.14239,-124.78431,airport,geomet,MSC
63093,COCHRANE,63093,63093,,BC_TRAN_63093,Canada,BC,49.37056,-124.61611,airport,geomet,MSC
63094,KENNEDY LAKE,63094,63094,,BC_TRAN_63094,Canada,BC,49.10056,-125.4525,airport,geomet,MSC
64091,TSITIKA SUMMIT,64091,64091,,BC_TRAN_64091,Canada,BC,50.28236,-126.35528,airport,geomet,MSC
64092,MENZIES HILL,64092,64092,,BC_TRAN_64092,Canada,BC,50.17186,-125.4792,airport,geomet,MSC
64093,NORTH COURTENAY,64093,64093,,BC_TRAN_64093,Canada,BC,49.83003,-125.19006,airport,geomet,MSC
654,HOLY CROSS 2,654,654,,BC_WMB_654,Canada,BC,53.93597,-124.77672,airport,geomet,MSC
67,HAIG CAMP,67,67,,BC_WMB_67,Canada,BC,49.3806,-121.52597,airport,geomet,MSC
7,Red Indian Lake,7,7,,NL-DFFA_007,Canada,NL,48.836167,-56.548639,airport,geomet,MSC
72,UBC RESEARCH,72,72,,BC_WMB_72,Canada,BC,49.2645,-122.57328,airport,geomet,MSC
75,Kitimat Haul Road Met_60,75,75,,BC_ENV-AQ_75,Canada,BC,54.0292,-128.7027,airport,geomet,MSC
77,Kitimat Riverlodge,77,77,,BC_ENV-AQ_77,Canada,BC,54.05389,-128.671436,airport,geomet,MSC
788,ROUND PRAIRIE,788,788,,BC_WMB_788,Canada,BC,50.0867,-114.8997,airport,geomet,MSC
789,NEGRO CREEK,789,789,,BC_WMB_789,Canada,BC,49.4539,-115.9872,airport,geomet,MSC
790,WHITE RIVER,790,790,,BC_WMB_790,Canada,BC,50.185,-115.266,airport,geomet,MSC
791,CHERRY LAKE,791,791,,BC_WMB_791,Canada,BC,49.188,-115.542,airport,geomet,MSC
793,CARIBOO CREEK,793,793,,BC_WMB_793,Canada,BC,51.1767,-117.2303,airport,geomet,MSC
8,Victoria Topaz Met_60,8,8,,BC_ENV-AQ_8,Canada,BC,48.4419,-123.3632,airport,geomet,MSC
80,Kitimat Whitesail Met_60,80,80,,BC_ENV-AQ_80,Canada,BC,54.0669,-128.6391,airport,geomet,MSC
82,SCAR CREEK,82,82,,BC_WMB_82,Canada,BC,51.18908,-125.02807,airport,geomet,MSC
8200,Chignecto,8200,8200,,NS-DLF_8200,Canada,NS,45.603,-64.351,airport,geomet,MSC
8201,Coxheath,8201,8201,,NS-DLF_8201,Canada,NS,46.106,-60.275,airport,geomet,MSC
8202,East Kemptville,8202,8202,,NS-DLF_8202,Canada,NS,44.08,-65.778,airport,geomet,MSC
8203,Economy Lake,8203,8203,,NS-DLF_8203,Canada,NS,45.488,-63.802,airport,geomet,MSC
8204,Falkland Ridge,8204,8204,,NS-DLF_8204,Canada,NS,44.662,-64.851,airport,geomet,MSC
8205,Grand River Falls,8205,8205,,NS-DLF_8205,Canada,NS,45.669,-60.653,airport,geomet,MSC
8206,Keizer Meadows,8206,8206,,NS-DLF_8206,Canada,NS,44.728,-64.221,airport,geomet,MSC
8207,Indian Falls,8207,8207,,NS-DLF_8207,Canada,NS,44.272,-65.272,airport,geomet,MSC
8208,Keppoch Mountain,8208,8208,,NS-DLF_8208,Canada,NS,45.476,-62.099,airport,geomet,MSC
8209,Lawrencetown,8209,8209,,NS-DLF_8209,Canada,NS,44.89,-65.168,airport,geomet,MSC
8210,MacLeod Settlement,8210,8210,,NS-DLF_8210,Canada,NS,45.926,-61.338,airport,geomet,MSC
8211,Margaree,8211,8211,,NS-DLF_8211,Canada,NS,46.331,-61.002,airport,geomet,MSC
8212,Marinette,8212,8212,,NS-DLF_8212,Canada,NS,44.969,-62.663,airport,geomet,MSC
8213,McLellans Brook,8213,8213,,NS-DLF_8213,Canada,NS,45.563,-62.61,airport,geomet,MSC
8214,Meaghers Hill,8214,8214,,NS-DLF_8214,Canada,NS,45.491,-61.527,airport,geomet,MSC
8215,Milton,8215,8215,,NS-DLF_8215,Canada,NS,44.184,-64.825,airport,geomet,MSC
8216,Norman Tower,8216,8216,,NS-DLF_8216,Canada,NS,46.429,-60.679,airport,geomet,MSC
8217,North Mountain,8217,8217,,NS-DLF_8217,Canada,NS,46.818,-60.671,airport,geomet,MSC
8218,Onslow Mountain,8218,8218,,NS-DLF_8218,Canada,NS,45.428,-63.343,airport,geomet,MSC
8219,Oxford,8219,8219,,NS-DLF_8219,Canada,NS,45.765,-63.963,airport,geomet,MSC
8220,Pockwock,8220,8220,,NS-DLF_8220,Canada,NS,44.774,-63.838,airport,geomet,MSC
8221,Porters Lake,8221,8221,,NS-DLF_8221,Canada,NS,44.79,-63.287,airport,geomet,MSC
8222,Shubenacadie,8222,8222,,NS-DLF_8222,Canada,NS,45.094,-63.396,airport,geomet,MSC
8223,South Alton,8223,8223,,NS-DLF_8223,Canada,NS,45.009,-64.538,airport,geomet,MSC
8224,South Range,8224,8224,,NS-DLF_8224,Canada,NS,44.496,-65.769,airport,geomet,MSC
8225,Stanley,8225,8225,,NS-DLF_8225,Canada,NS,45.093,-63.92,airport,geomet,MSC
8226,Stillwater,8226,8226,,NS-DLF_8226,Canada,NS,45.189,-61.983,airport,geomet,MSC
8227,Trafalgar,8227,8227,,NS-DLF_8227,Canada,NS,45.28,-62.631,airport,geomet,MSC
8228,Upper Ohio,8228,8228,,NS-DLF_8228,Canada,NS,43.949,-65.397,airport,geomet,MSC
8229,West Clifford,8229,8229,,NS-DLF_8229,Canada,NS,44.426,-64.758,airport,geomet,MSC
8230,West Tatamagouche,8230,8230,,NS-DLF_8230,Canada,NS,45.69637697,-63.39892407,airport,geomet,MSC
832,CHURN CREEK,832,832,,BC_WMB_832,Canada,BC,51.40272,-122.32017,airport,geomet,MSC
836,AUGUST LAKE,836,836,,BC_WMB_836,Canada,BC,49.43348,-120.45712,airport,geomet,MSC
838,AKOKLI CREEK,838,838,,BC_WMB_838,Canada,BC,49.4358,-116.7464,airport,geomet,MSC
865,BRISCO,865,865,,BC_WMB_865,Canada,BC,50.8193,-116.2449,airport,geomet,MSC
866,BLAEBERRY,866,866,,BC_WMB_866,Canada,BC,51.4357,-117.0571,airport,geomet,MSC
868,BIG MOUTH 2,868,868,,BC_WMB_868,Canada,BC,51.85333,-118.59139,airport,geomet,MSC
873,CRAWFORD,873,873,,BC_WMB_873,Canada,BC,50.765,-117.95778,airport,geomet,MSC
876,IDA BELL LAKE 3,876,876,,BC_WMB_876,Canada,BC,49.76722,-119.12407,airport,geomet,MSC
882,SICAMOUS,882,882,,BC_WMB_882,Canada,BC,50.86347,-119.00285,airport,geomet,MSC
886,GOATHAVEN,886,886,,BC_WMB_886,Canada,BC,49.6673,-115.2144,airport,geomet,MSC
9,Rattling Brook,9,9,,NL-DFFA_009,Canada,NL,49.055167,-55.311194,airport,geomet,MSC
904,HAGENSBORG 2,904,904,,BC_WMB_904,Canada,BC,52.38725,-126.58972,airport,geomet,MSC
905,DOWNIE,905,905,,BC_WMB_905,Canada,BC,51.5154,-118.27207,airport,geomet,MSC
919,GOLDSTREAM 2,919,919,,BC_WMB_919,Canada,BC,51.66943,-118.48707,airport,geomet,MSC
93,HONNA,93,93,,BC_WMB_93,Canada,BC,53.25322778,-131.884375,airport,geomet,MSC
934,MESACHIE 2,934,934,,BC_WMB_934,Canada,BC,48.82288,-124.13708,airport,geomet,MSC
938,PINE CREEK,938,938,,BC_WMB_938,Canada,BC,54.68377,-127.32582,airport,geomet,MSC
94,Merritt Parcel Street Met_60,94,94,,BC_ENV-AQ_94,Canada,BC,50.105,-120.7921,airport,geomet,MSC
944,TS SAN JUAN,944,944,,BC_WMB_944,Canada,BC,48.57111,-124.20056,airport,geomet,MSC
945,TS NAKA CREEK,945,945,,BC_WMB_945,Canada,BC,50.37013,-126.43393,airport,geomet,MSC
956,TS EFFINGHAM,956,956,,BC_WMB_956,Canada,BC,49.17,-125.2825,airport,geomet,MSC
97,Birchbank Golf Course_60,97,97,,BC_ENV-AQ_97,Canada,BC,49.1579,-117.7331,airport,geomet,MSC
977,ANDERSON CREEK,977,977,,BC_WMB_977,Canada,BC,49.6551,-121.35807,airport,geomet,MSC
98,Celgar Pulp Met_60,98,98,,BC_ENV-AQ_98,Canada,BC,49.3333,-117.7188,airport,geomet,MSC
995,TS ARTLISH,995,995,,BC_WMB_995,Canada,BC,50.13242,-126.92823,airport,geomet,MSC
ABEE,Abee AGDM,ABEE,ABEE,71285,AB-MAI_ABEE,Canada,AB,54.2773,-112.9654,airport,geomet,MSC
ABL,Abitibi,ABL,ABL,,ON-MNRF-AFFES_ABL,Canada,ON,48.6626,-80.1424,airport,geomet,MSC
ACA005AE,Wrigley M124,ACA005AE,ACA005AE,,NWT_ENR_ACA005AE,Canada,NT,63.20752407,-123.4289825,airport,geomet,MSC
ACA016D8,Liard M124,ACA016D8,ACA016D8,,NWT_ENR_ACA016D8,Canada,NT,60.23641866,-123.4728634,airport,geomet,MSC
ACA0180A,Inuvik Tuk Highway FTS,ACA0180A,ACA0180A,,NWT_ENR_ACA0180A,Canada,NT,68.53841667,-133.8404,airport,geomet,MSC
ACA02342,Fort Good Hope QD,ACA02342,ACA02342,,NWT_ENR_ACA02342,Canada,NT,66.24254224,-128.6509323,airport,geomet,MSC
ACA02D90,Jean Marie River,ACA02D90,ACA02D90,,NWT_ENR_ACA02D90,Canada,NT,61.521773,-120.620758,airport,geomet,MSC
ACA03034,Deline M124,ACA03034,ACA03034,,NWT_ENR_ACA03034,Canada,NT,65.19168815,-123.4262145,airport,geomet,MSC
ACA046A4,Colville lake M124,ACA046A4,ACA046A4,,NWT_ENR_ACA046A4,Canada,NT,67.03959221,-126.0796165,airport,geomet,MSC
ACA04876,Taltson Dam,ACA04876,ACA04876,,NWT_ENR_ACA04876,Canada,NT,60.39143,-111.35737,airport,geomet,MSC
ACA055D2,Fort Res QD,ACA055D2,ACA055D2,,NWT_ENR_ACA055D2,Canada,NT,61.16488,-113.65857,airport,geomet,MSC
ACA05B00,Enterprise QD M5,ACA05B00,ACA05B00,,NWT_ENR_ACA05B00,Canada,NT,60.5588,-116.1414639,airport,geomet,MSC
ACA06048,Lutsel Ke QD,ACA06048,ACA06048,,NWT_ENR_ACA06048,Canada,NT,62.41558,-110.6901,airport,geomet,MSC
ACA0733E,Fort MacPherson QD,ACA0733E,ACA0733E,,NWT_ENR_ACA0733E,Canada,NT,67.4094,-134.8767,airport,geomet,MSC
ACA090CC,Tsiigehtchic QD,ACA090CC,ACA090CC,,NWT_ENR_ACA090CC,Canada,NT,67.4162,-133.6124,airport,geomet,MSC
ACA0A556,Indin TL,ACA0A556,ACA0A556,,NWT_ENR_ACA0A556,Canada,NT,64.25,-115.33334,airport,geomet,MSC
ACA0B620,Powder Lake QD,ACA0B620,ACA0B620,,NWT_ENR_ACA0B620,Canada,NT,61.04819504,-109.3363112,airport,geomet,MSC
ACA0C0B0,Ninelin Lake,ACA0C0B0,ACA0C0B0,,NWT_ENR_ACA0C0B0,Canada,NT,67.85306,-131.3417,airport,geomet,MSC
ACA0CE62,Harry Channel,ACA0CE62,ACA0CE62,,NWT_ENR_ACA0CE62,Canada,NT,69.21541667,-134.990833,airport,geomet,MSC
ACA0E88E,Peel Plateau Km 53,ACA0E88E,ACA0E88E,,NWT_ENR_ACA0E88E,Canada,NT,67.24688889,-135.2191667,airport,geomet,MSC
ACA0F52A,Gray Lake QD,ACA0F52A,ACA0F52A,,NWT_ENR_ACA0F52A,Canada,NT,61.833383,-108.382316,airport,geomet,MSC
ACA11AF0,Winter Lake,ACA11AF0,ACA11AF0,,NWT_ENR_ACA11AF0,Canada,NT,64.49761111,-113.0243056,airport,geomet,MSC
ACA121B8,West Horn TL,ACA121B8,ACA121B8,,NWT_ENR_ACA121B8,Canada,NT,61.933334,-119.81917,airport,geomet,MSC
ACA132CE,Bliss Lake,ACA132CE,ACA132CE,,NWT_ENR_ACA132CE,Canada,NT,62.65,-113.7333,airport,geomet,MSC
ACA1445E,Yeltea Lake TL,ACA1445E,ACA1445E,,NWT_ENR_ACA1445E,Canada,NT,66.88938,-129.38399,airport,geomet,MSC
ACA15728,Grumbler Creek,ACA15728,ACA15728,,NWT_ENR_ACA15728,Canada,NT,60.241665,-116.57555,airport,geomet,MSC
ACA171C4,Mosquito TL,ACA171C4,ACA171C4,,NWT_ENR_ACA171C4,Canada,NT,62.54991111,-116.4842389,airport,geomet,MSC
ACA18140,Shell Lake TL,ACA18140,ACA18140,,NWT_ENR_ACA18140,Canada,NT,68.3264,-133.636,airport,geomet,MSC
ACA19236,St. Charles Creek TL,ACA19236,ACA19236,,NWT_ENR_ACA19236,Canada,NT,64.78311111,-124.2201528,airport,geomet,MSC
ACA1A7AC,Francois Lake TL,ACA1A7AC,ACA1A7AC,,NWT_ENR_ACA1A7AC,Canada,NT,62.485944,-112.399805,airport,geomet,MSC
ACA2005A,Norman Wells Auto,ACA2005A,ACA2005A,,NWT_ENR_ACA2005A,Canada,NT,65.2798,-126.812,airport,geomet,MSC
ACA2132C,Cameron Hills TL,ACA2132C,ACA2132C,,NWT_ENR_ACA2132C,Canada,NT,60.30075,-117.0613056,airport,geomet,MSC
ACA3244C,Fort Providence TL,ACA3244C,ACA3244C,,NWT_ENR_ACA3244C,Canada,NT,61.35140278,-117.6437694,airport,geomet,MSC
ACA3373A,Fort Simpson HQ Auto,ACA3373A,ACA3373A,,NWT_ENR_ACA3373A,Canada,NT,61.83083,-121.31639,airport,geomet,MSC
ACA341AA,Yellowknife Auto,ACA341AA,ACA341AA,,NWT_ENR_ACA341AA,Canada,NT,62.47558333,-114.4640333,airport,geomet,MSC
ACA37430,Whati Auto,ACA37430,ACA37430,,NWT_ENR_ACA37430,Canada,NT,63.1339,-117.2468,airport,geomet,MSC
ACA384B4,Long Island TL,ACA384B4,ACA384B4,,NWT_ENR_ACA384B4,Canada,NT,60.7212,-112.998,airport,geomet,MSC
ACA397C2,Faber Lake TL,ACA397C2,ACA397C2,,NWT_ENR_ACA397C2,Canada,NT,63.95560074,-116.9779968,airport,geomet,MSC
ACA3A258,Fort Smith TL,ACA3A258,ACA3A258,,NWT_ENR_ACA3A258,Canada,NT,60.02527778,-111.9306111,airport,geomet,MSC
ACA3B12E,Hay River TL,ACA3B12E,ACA3B12E,,NWT_ENR_ACA3B12E,Canada,NT,60.7846,-115.825,airport,geomet,MSC
ACA3C7BE,Nahanni Butte - TL,ACA3C7BE,ACA3C7BE,,NWT_ENR_ACA3C7BE,Canada,NT,61.0288,-123.384,airport,geomet,MSC
ACA3E152,Hoarfrost FTS,ACA3E152,ACA3E152,,NWT_ENR_ACA3E152,Canada,NT,62.86322222,-109.2633889,airport,geomet,MSC
ACA3F224,Kimble Tower TL,ACA3F224,ACA3F224,,NWT_ENR_ACA3F224,Canada,NT,61.05917222,-117.5260167,airport,geomet,MSC
ACA40094,Daring Lake FTS,ACA40094,ACA40094,,NWT_ENR_ACA40094,Canada,NT,64.86825,-111.5798889,airport,geomet,MSC
ACA413E2,Trout Lake Tower Auto,ACA413E2,ACA413E2,,NWT_ENR_ACA413E2,Canada,NT,60.45722222,-121.3994444,airport,geomet,MSC
ACA46572,Crown Fire QD,ACA46572,ACA46572,,NWT_ENR_ACA46572,Canada,NT,61.58276389,-117.1648556,airport,geomet,MSC
ADA,Adair Auto,ADA,ADA,,AB-MAF_ADA,Canada,AB,59.1606,-118.3295,airport,geomet,MSC
ADDENBROKE,ADDENBROKE ISLAND,ADDENBROKE,ADDENBROKE,,1060080,Canada,BC,51.6035,-127.8639,airport,geomet,MSC
AGTK,Agtech AGCM,AGTK,AGTK,,AB-MAI_AGTK,Canada,AB,49.6471,-112.7625,airport,geomet,MSC
AKI,Akie River near the 760 m contour,AKI,AKI,,BC-Hydro_AKI,Canada,BC,57.19119167,-124.9042444,airport,geomet,MSC
AKN,Aiken Lake,AKN,AKN,,BC-Hydro_AKN,Canada,BC,56.43666667,-125.7416667,airport,geomet,MSC
ALA,Algar Auto,ALA,ALA,,AB-MAF_ALA,Canada,AB,56.1608,-111.7198,airport,geomet,MSC
ALBE,Albert Hall AGCM,ALBE,ALBE,71005,AB-MAI_ALBE,Canada,AB,53.1134,-111.1812,airport,geomet,MSC
ALC,Peace River above Alces River,ALC,ALC,,BC-Hydro_ALC,Canada,BC,56.12675,-120.0560667,airport,geomet,MSC
ALLI,Alliance AGCM,ALLI,ALLI,71006,AB-MAI_ALLI,Canada,AB,52.3154,-111.7787,airport,geomet,MSC
ALM,Alouette Dam East Embankment,ALM,ALM,,BC-Hydro_ALM,Canada,BC,49.285655,-122.485421,airport,geomet,MSC
ALU,Alouette Lake Forebay,ALU,ALU,,BC-Hydro_ALU,Canada,BC,49.28745278,-122.4862556,airport,geomet,MSC
AMA,Amber Auto,AMA,AMA,,AB-MAF_AMA,Canada,AB,59.1765,-119.4559,airport,geomet,MSC
AMPHITRITE,AMPHITRITE POINT,AMPHITRITE,AMPHITRITE,,1030426,Canada,BC,48.9211,-125.5411,airport,geomet,MSC
ANA,Ansell Auto,ANA,ANA,,AB-MAF_ANA,Canada,AB,53.5513,-116.5031,airport,geomet,MSC
ANDR,Andrew AGDM,ANDR,ANDR,71286,AB-MAI_ANDR,Canada,AB,53.9176,-112.2783,airport,geomet,MSC
ANFI,Anfield,ANFI,ANFI,,NB-DNRED_ANFI,Canada,NB,46.9083,-67.4567,airport,geomet,MSC
ANT,Antimony Creek,ANT,ANT,,YT-DCS-WFM_ANT,Canada,YT,64.01471,-138.61544,airport,geomet,MSC
APK,Algonquin East Gate,APK,APK,,ON-MNRF-AFFES_APK,Canada,ON,45.5836,-78.3574,airport,geomet,MSC
APT,Attawapiskat,APT,APT,,ON-MNRF-AFFES_APT,Canada,ON,52.9242,-82.4277,airport,geomet,MSC
ARB,Arbutus,ARB,ARB,,ON-MNRF-AFFES_ARB,Canada,ON,47.5167,-82.1628,airport,geomet,MSC
ARCLA,Arcola,ARCLA,ARCLA,,SK-SPSA-WMB_ARCLA,Canada,SK,49.62769722,-102.5487972,airport,geomet,MSC
ARDE,Ardenville AGCM,ARDE,ARDE,,AB-MAI_ARDE,Canada,AB,49.5276,-113.4341,airport,geomet,MSC
ARM,Armstrong A,ARM,ARM,,ON-MNRF-AFFES_ARM,Canada,ON,50.2961,-88.9127,airport,geomet,MSC
ARO,Arrow Lake,ARO,ARO,,ON-MNRF-AFFES_ARO,Canada,ON,48.1775,-90.1073,airport,geomet,MSC
ASH,Elsie Lake Forebay,ASH,ASH,,BC-Hydro_ASH,Canada,BC,49.440658,-125.143834,airport,geomet,MSC
ATHA,Athabasca AGCM,ATHA,ATHA,71271,AB-MAI_ATHA,Canada,AB,54.6348,-113.3821,airport,geomet,MSC
ATI,Atikokan,ATI,ATI,,ON-MNRF-AFFES_ATI,Canada,ON,48.8086,-91.631,airport,geomet,MSC
ATLE,Atlee AGCM,ATLE,ATLE,71986,AB-MAI_ATLE,Canada,AB,50.8102,-111.0056,airport,geomet,MSC
ATMO,Atmore AGDM,ATMO,ATMO,71287,AB-MAI_ATMO,Canada,AB,54.7802,-112.8248,airport,geomet,MSC
AUD,Auden,AUD,AUD,,ON-MNRF-AFFES_AUD,Canada,ON,50.2281,-87.8897,airport,geomet,MSC
AVAL,Acadia Valley AGCM,AVAL,AVAL,71048,AB-MAI_AVAL,Canada,AB,51.0664,-110.3172,airport,geomet,MSC
AWA,Antler West Auto,AWA,AWA,,AB-MAF_AWA,Canada,AB,54.0898,-119.7988,airport,geomet,MSC
AZMP-ESG,Eastern South Gulf,AZMP-ESG,AZMP-ESG,4400484,DFO_AZMP-ESG,Canada,QC,46.8,-62.0,airport,geomet,MSC
AZMP-HLX,Halifax,AZMP-HLX,AZMP-HLX,4400487,DFO_AZMP-HLX,Canada,NS,44.267,-63.317,airport,geomet,MSC
AZMP-STA27,Northwest Atlantic Fisheries Centre Station 27,AZMP-STA27,AZMP-STA27,4400486,DFO_AZMP-STA27,Canada,NL,47.54,-52.588333,airport,geomet,MSC
AZUR,Azure AGCM,AZUR,AZUR,71981,AB-MAI_AZUR,Canada,AB,50.5119,-114.013,airport,geomet,MSC
B3,Yaha Tinda Auto,B3,B3,,AB-MAF_B3,Canada,AB,51.6547,-115.3617,airport,geomet,MSC
B4,Kananaskis Boundary Auto,B4,B4,,AB-MAF_B4,Canada,AB,50.9258,-115.124,airport,geomet,MSC
B5,Peter Lougheed Park,B5,B5,,AB-MAF_B5,Canada,AB,50.7136,-115.1192,airport,geomet,MSC
B7,Elbow Auto,B7,B7,,AB-MAF_B7,Canada,AB,50.905,-114.6911,airport,geomet,MSC
B8,North Ghost Auto,B8,B8,,AB-MAF_B8,Canada,AB,51.5742,-114.8553,airport,geomet,MSC
BAGWA,Bagwa,BAGWA,BAGWA,,SK-SPSA-WMB_BAGWA,Canada,SK,54.07728,-106.56563,airport,geomet,MSC
BAK,Bak Lake,BAK,BAK,,ON-MNRF-AFFES_BAK,Canada,ON,51.7218,-93.6542,airport,geomet,MSC
BALL,Ballater AGCM,BALL,BALL,,AB-MAI_BALL,Canada,AB,55.5769,-117.2356,airport,geomet,MSC
BAN,Bancroft,BAN,BAN,,ON-MNRF-AFFES_BAN,Canada,ON,45.0536,-77.8729,airport,geomet,MSC
BAR,Barnes Creek,BAR,BAR,,BC-Hydro_BAR,Canada,BC,50.06855278,-118.3511222,airport,geomet,MSC
BARN,Barnwell AGDM,BARN,BARN,71346,AB-MAI_BARN,Canada,AB,49.8017,-112.3022,airport,geomet,MSC
BARO,Barons AGCM,BARO,BARO,71007,AB-MAI_BARO,Canada,AB,50.0223,-113.2214,airport,geomet,MSC
BASO,Bassano AGCM,BASO,BASO,71008,AB-MAI_BASO,Canada,AB,50.8926,-112.4652,airport,geomet,MSC
BAYL,Bayles Lake,BAYL,BAYL,,NB-DNRED_BAYL,Canada,NB,47.0817,-66.355,airport,geomet,MSC
BCA,Basset Auto,BCA,BCA,,AB-MAF_BCA,Canada,AB,58.1952,-118.2185,airport,geomet,MSC
BCK,Bear Creek Reservoir,BCK,BCK,,BC-Hydro_BCK,Canada,BC,48.50267778,-123.8964,airport,geomet,MSC
BCT,Beaver Creek Town,BCT,BCT,,YT-DCS-WFM_BCT,Canada,YT,62.3796528,-140.8782667,airport,geomet,MSC
BDA,Bald Mountain Auto,BDA,BDA,,AB-MAF_BDA,Canada,AB,54.8127,-118.9158,airport,geomet,MSC
BDAM,Beaverdam AGCM,BDAM,BDAM,,AB-MAI_BDAM,Canada,AB,54.1772,-110.3228,airport,geomet,MSC
BDIA,Black Diamond AGCM,BDIA,BDIA,71982,AB-MAI_BDIA,Canada,AB,50.7068,-114.1517,airport,geomet,MSC
BEA,Berland Auto,BEA,BEA,,AB-MAF_BEA,Canada,AB,54.0904,-117.4013,airport,geomet,MSC
BEATR,Beatrice River,BEATR,BEATR,,SK-SPSA-WMB_BEATR,Canada,SK,58.85437,-105.26843,airport,geomet,MSC
BEAU2,Beauval (Site 2),BEAU2,BEAU2,,SK-SPSA-WMB_BEAU2,Canada,SK,55.06292,-107.5568,airport,geomet,MSC
BEIS,Beiseker AGCM,BEIS,BEIS,71009,AB-MAI_BEIS,Canada,AB,51.3788,-113.3572,airport,geomet,MSC
BELL,Bellshill AGCM,BELL,BELL,71010,AB-MAI_BELL,Canada,AB,52.5824,-111.4654,airport,geomet,MSC
BENCH,Bench Mark Creek,BENCH,BENCH,,SK-SPSA-WMB_BENCH,Canada,SK,59.4633,-112.0133,airport,geomet,MSC
BFISH,Big Fish Lake,BFISH,BFISH,,SK-SPSA-WMB_BFISH,Canada,SK,57.2972,-109.1813,airport,geomet,MSC
BGP,Bridge Glacier Proglacial Lake,BGP,BGP,,BC-Hydro_BGP,Canada,BC,50.831492,-123.486422,airport,geomet,MSC
BHA,Blue Hill Auto,BHA,BHA,,AB-MAF_BHA,Canada,AB,51.7051,-115.2247,airport,geomet,MSC
BIA,Birch Mountain Auto,BIA,BIA,,AB-MAF_BIA,Canada,AB,57.6946,-111.8261,airport,geomet,MSC
BIGT,Big Tracadie,BIGT,BIGT,,NB-DNRED_BIGT,Canada,NB,47.41166667,-65.265,airport,geomet,MSC
BIGV,Big Valley AGCM,BIGV,BIGV,71011,AB-MAI_BIGV,Canada,AB,51.9979,-112.8026,airport,geomet,MSC
BIRCH,Birch Hills,BIRCH,BIRCH,,SK-SPSA-WMB_BIRCH,Canada,SK,53.44738,-107.93903,airport,geomet,MSC
BKN,Bearskin Lake A,BKN,BKN,,ON-MNRF-AFFES_BKN,Canada,ON,53.9624,-91.0313,airport,geomet,MSC
BLAC,Blackie AGCM,BLAC,BLAC,,AB-MAI_BLAC,Canada,AB,50.5458,-113.6403,airport,geomet,MSC
BLO,Bralorne,BLO,BLO,,BC-Hydro_BLO,Canada,BC,50.77518889,-122.7888194,airport,geomet,MSC
BNA,Buckton Auto,BNA,BNA,,AB-MAF_BNA,Canada,AB,57.9428,-112.3976,airport,geomet,MSC
BNR,Bonar,BNR,BNR,,ON-MNRF-AFFES_BNR,Canada,ON,48.4165,-83.1123,airport,geomet,MSC
BOAT BLUFF,BOAT BLUFF,BOAT BLUFF,BOAT BLUFF,,1060901,Canada,BC,52.643,-128.5239,airport,geomet,MSC
BODO,Bodo AGDM,BODO,BODO,71214,AB-MAI_BODO,Canada,AB,52.1242,-110.1011,airport,geomet,MSC
BONILLA,BONILLA ISLAND,BONILLA,BONILLA,,1060902,Canada,BC,53.4928,-130.6377,airport,geomet,MSC
BOST,Boston Brook,BOST,BOST,,NB-DNRED_BOST,Canada,NB,47.45333333,-67.625,airport,geomet,MSC
BPW,Bearpaw Tower,BPW,BPW,,ON-MNRF-AFFES_BPW,Canada,ON,49.1261,-92.944,airport,geomet,MSC
BR,Braeburn,BR,BR,,YT-DCS-WFM_BR,Canada,YT,61.4814528,-135.7798167,airport,geomet,MSC
BRA,Battle River Auto,BRA,BRA,,AB-MAF_BRA,Canada,AB,57.1677,-117.664,airport,geomet,MSC
BRET,Breton Plots,BRET,BRET,71233,AB-MAI_BRET,Canada,AB,53.0893,-114.4428,airport,geomet,MSC
BROC,Brocket AGDM,BROC,BROC,71341,AB-MAI_BROC,Canada,AB,49.6107,-113.7591,airport,geomet,MSC
BROW,Brownvale AGCM,BROW,BROW,71283,AB-MAI_BROW,Canada,AB,56.1177,-117.8866,airport,geomet,MSC
BRVR,Big River,BRVR,BRVR,,SK-SPSA-WMB_BRVR,Canada,SK,53.795,-106.9886,airport,geomet,MSC
BRW,Burwash,BRW,BRW,,ON-MNRF-AFFES_BRW,Canada,ON,46.2624,-80.8219,airport,geomet,MSC
BSA,Bison Lake Auto,BSA,BSA,,AB-MAF_BSA,Canada,AB,57.111,-116.5096,airport,geomet,MSC
BSNRD,Besnard,BSNRD,BSNRD,,SK-SPSA-WMB_BSNRD,Canada,SK,55.3006,-106.0983,airport,geomet,MSC
BTA,Blackstone Auto,BTA,BTA,,AB-MAF_BTA,Canada,AB,52.7743,-116.3313,airport,geomet,MSC
BTAP,Blood Tribe Ag. Project IMCIN,BTAP,BTAP,71517,AB-MAI_BTAP,Canada,AB,49.5592,-113.0638,airport,geomet,MSC
BUD,Buddy Lake,BUD,BUD,,ON-MNRF-AFFES_BUD,Canada,ON,47.5764,-84.3108,airport,geomet,MSC
BUFF,Buffalo AGCM,BUFF,BUFF,,AB-MAI_BUFF,Canada,AB,50.7981,-110.6858,airport,geomet,MSC
BUFFH,Buffalo Hills,BUFFH,BUFFH,,SK-SPSA-WMB_BUFFH,Canada,SK,55.9806,-109.2958,airport,geomet,MSC
BUL,Bull River near Wardner,BUL,BUL,,BC-Hydro_BUL,Canada,BC,49.49325556,-115.3639222,airport,geomet,MSC
BULS,Bull Springs AGCM,BULS,BULS,,AB-MAI_BULS,Canada,AB,50.3397,-110.4841,airport,geomet,MSC
BUN,Bunny Lake,BUN,BUN,,ON-MNRF-AFFES_BUN,Canada,ON,50.8005,-94.4752,airport,geomet,MSC
BUSB,Busby AGCM,BUSB,BUSB,71284,AB-MAI_BUSB,Canada,AB,53.9309,-113.9216,airport,geomet,MSC
BVL,Beaver Lake,BVL,BVL,,ON-MNRF-AFFES_BVL,Canada,ON,46.3387,-81.4748,airport,geomet,MSC
BZA,Brazeau Auto,BZA,BZA,,AB-MAF_BZA,Canada,AB,53.0386,-115.4358,airport,geomet,MSC
C1,Livingstone Gap Auto,C1,C1,,AB-MAF_C1,Canada,AB,49.8793,-114.3827,airport,geomet,MSC
C2,Castle Auto,C2,C2,,AB-MAF_C2,Canada,AB,49.3936,-114.3408,airport,geomet,MSC
C2B00882,Maligne,C2B00882,C2B00882,,PC-NRMB_C2B00882,Canada,AB,52.7244,-117.649567,airport,geomet,MSC
C2B01BF4,Lake Louise,C2B01BF4,C2B01BF4,,PC-NRMB_C2B01BF4,Canada,AB,51.428685,-116.185649,airport,geomet,MSC
C2B03D18,LLYK QD3,C2B03D18,C2B03D18,,PC-NRMB_C2B03D18,Canada,AB,52.0604,-117.045,airport,geomet,MSC
C2B04B88,Gergovia (GR QD),C2B04B88,C2B04B88,,PC-NRMB_C2B04B88,Canada,SK,49.165734,-107.430646,airport,geomet,MSC
C2B058FE,Ranger Creek,C2B058FE,C2B058FE,,PC-NRMB_C2B058FE,Canada,AB,52.5749,-117.7177,airport,geomet,MSC
C2B06D64,Lockhart's (GR QD2),C2B06D64,C2B06D64,,PC-NRMB_C2B06D64,Canada,SK,49.04,-106.89,airport,geomet,MSC
C2B07E12,Spruce River,C2B07E12,C2B07E12,,PC-NRMB_C2B07E12,Canada,SK,53.5859,-106.0636,airport,geomet,MSC
C2B08E96,PANP East,C2B08E96,C2B08E96,,PC-NRMB_C2B08E96,Canada,SK,54.1721,-105.9727,airport,geomet,MSC
C2B09DE0,Waskesiu,C2B09DE0,C2B09DE0,,PC-NRMB_C2B09DE0,Canada,SK,53.8816,-106.129,airport,geomet,MSC
C2B0A87A,Banff QD2,C2B0A87A,C2B0A87A,,PC-NRMB_C2B0A87A,Canada,AB,51.48216,-115.57722,airport,geomet,MSC
C2B0BB0C,Banff QD3,C2B0BB0C,C2B0BB0C,,PC-NRMB_C2B0BB0C,Canada,AB,51.191071,-115.56012,airport,geomet,MSC
C2B0CD9C,Deep Lake,C2B0CD9C,C2B0CD9C,,PC-NRMB_C2B0CD9C,Canada,MB,50.861,-100.8379,airport,geomet,MSC
C2B0DEEA,Jasper QD1,C2B0DEEA,C2B0DEEA,,PC-NRMB_C2B0DEEA,Canada,AB,52.9,-118.1,airport,geomet,MSC
C2B0EB70,Pine Lake,C2B0EB70,C2B0EB70,,PC-NRMB_C2B0EB70,Canada,AB,59.535306,-112.236806,airport,geomet,MSC
C2B0F806,QD,C2B0F806,C2B0F806,,PC-NRMB_C2B0F806,Canada,YT,60.6752,-137.4621,airport,geomet,MSC
C2B10A78,Tofino PCA,C2B10A78,C2B10A78,,PC-NRMB_C2B10A78,Canada,BC,49.0796,-125.766,airport,geomet,MSC
C2B1190E,Steele Lake,C2B1190E,C2B1190E,,PC-NRMB_C2B1190E,Canada,MB,58.2645278,-93.8066111,airport,geomet,MSC
C2B14972,Castle,C2B14972,C2B14972,,PC-NRMB_C2B14972,Canada,AB,51.279567,-115.956283,airport,geomet,MSC
C2B15A04,Riding Mountain QD 1,C2B15A04,C2B15A04,,PC-NRMB_C2B15A04,Canada,MB,50.655109,-99.943015,airport,geomet,MSC
C2B18C6C,EI QD,C2B18C6C,C2B18C6C,,PC-NRMB_C2B18C6C,Canada,SK,53.6459,-112.9056,airport,geomet,MSC
C2B191C8,Walker's QD,C2B191C8,C2B191C8,,PC-NRMB_C2B191C8,Canada,SK,49.043871,-107.230103,airport,geomet,MSC
C2B19F1A,Grassland Prescribed fire,C2B19F1A,C2B19F1A,,PC-NRMB_C2B19F1A,Canada,SK,49.242,-107.7377,airport,geomet,MSC
C2B1AA80,Gulf Islands QD1,C2B1AA80,C2B1AA80,,PC-NRMB_C2B1AA80,Canada,BC,48.7914,-123.2955,airport,geomet,MSC
C2B1B9F6,LM QD2,C2B1B9F6,C2B1B9F6,,PC-NRMB_C2B1B9F6,Canada,QC,46.68922,-73.04449,airport,geomet,MSC
C2B1D2C2,TN QD2,C2B1D2C2,C2B1D2C2,,PC-NRMB_C2B1D2C2,Canada,NL,48.4536,-54.1458,airport,geomet,MSC
C2B1DC10,White Bear,C2B1DC10,C2B1DC10,,PC-NRMB_C2B1DC10,Canada,NL,53.65377,-57.68929,airport,geomet,MSC
C3,Poll Haven Auto,C3,C3,,AB-MAF_C3,Canada,AB,49.0293,-113.5951,airport,geomet,MSC
C4,Blairmore Ranger Station Auto,C4,C4,,AB-MAF_C4,Canada,AB,49.6086,-114.4514,airport,geomet,MSC
C5,Cypress Hills,C5,C5,,AB-MAF_C5,Canada,AB,49.6356,-110.3296,airport,geomet,MSC
CA,Carmacks,CA,CA,,YT-DCS-WFM_CA,Canada,YT,62.084756,-136.291047,airport,geomet,MSC
CAA,Chinchaga Auto,CAA,CAA,,AB-MAF_CAA,Canada,AB,57.1117,-118.3333,airport,geomet,MSC
CAAB,ST ALBAN'S,CAAB,CAAB,73051,8400416,Canada,NL,47.85773,-55.861122,airport,geomet,MSC
CAAW,SHEARWATER RCS,CAAW,CAAW,71264,8205092,Canada,NS,44.63592,-63.51489,airport,geomet,MSC
CABB,BEDFORD BASIN,CABB,CABB,71329,8200573,Canada,NS,44.706111,-63.633333,airport,geomet,DND
CABF,BURGEO NL,CABF,CABF,71152,8400801,Canada,NL,47.61296,-57.610138,airport,geomet,MSC
CABH,WINTERLAND BRANCH HILL,CABH,CABH,73080,8404242,Canada,NL,47.136501,-55.326322,airport,geomet,MSC
CABR,BEDFORD RANGE,CABR,CABR,71325,8200574,Canada,NS,44.745547,-63.660246,airport,geomet,DND
CAC,Callaghan Creek,CAC,CAC,,BC-Hydro_CAC,Canada,BC,50.137056,-123.102889,airport,geomet,MSC
CACM,CORMACK RCS,CACM,CACM,71367,8401295,Canada,NL,49.321937,-57.39344,airport,geomet,MSC
CACP,BACCARO PT,CACP,CACP,71920,8200255,Canada,NS,43.450862,-65.471646,airport,geomet,MSC
CACQ,MIRAMICHI RCS,CACQ,CACQ,71744,8100989,Canada,NB,47.0094,-65.465,airport,geomet,MSC
CADL,DANIEL'S HARBOUR,CADL,CADL,73024,8401405,Canada,NL,50.236388,-57.581111,airport,geomet,MSC
CADN,DOAKTOWN AUTO RCS,CADN,CADN,71038,8101201,Canada,NB,46.58525,-66.009833,airport,geomet,MSC
CADO,Cadogan AGCM,CADO,CADO,71012,AB-MAI_CADO,Canada,AB,52.3343,-110.51,airport,geomet,MSC
CADS,ST LAWRENCE,CADS,CADS,71110,8403619,Canada,NL,46.9167,-55.3833,airport,geomet,MSC
CAE001D0,QD East,CAE001D0,CAE001D0,,PC-NRMB_CAE001D0,Canada,NL,48.5572,-53.982,airport,geomet,MSC
CAE012A6,Shipissipan,CAE012A6,CAE012A6,,PC-NRMB_CAE012A6,Canada,NL,53.21798,-58.679,airport,geomet,MSC
CAE0273C,TN QD,CAE0273C,CAE0273C,,PC-NRMB_CAE0273C,Canada,NL,48.5574,-53.9745,airport,geomet,MSC
CAE029EE,Forillon RAWS,CAE029EE,CAE029EE,,PC-NRMB_CAE029EE,Canada,QC,48.7525,-64.1648,airport,geomet,MSC
CAE042DA,PU QD,CAE042DA,CAE042DA,,PC-NRMB_CAE042DA,Canada,ON,48.302975,-85.94295,airport,geomet,MSC
CAE0B25E,LM QD (wapi-nord),CAE0B25E,CAE0B25E,,PC-NRMB_CAE0B25E,Canada,QC,46.765333,-73.057463,airport,geomet,MSC
CAE0C4CE,Lurch Creek,CAE0C4CE,CAE0C4CE,,PC-NRMB_CAE0C4CE,Canada,ON,48.44651,-85.8395,airport,geomet,MSC
CAE0D7B8,Bonamie Cove,CAE0D7B8,CAE0D7B8,,PC-NRMB_CAE0D7B8,Canada,ON,48.03862,-85.92611,airport,geomet,MSC
CAE0F154,CBH QD,CAE0F154,CAE0F154,,PC-NRMB_CAE0F154,Canada,NS,46.71,-60.36,airport,geomet,MSC
CAE1105C,FO QD,CAE1105C,CAE1105C,,PC-NRMB_CAE1105C,Canada,QC,48.883816,-64.373613,airport,geomet,MSC
CAE125C6,Newman Sound PCA,CAE125C6,CAE125C6,,PC-NRMB_CAE125C6,Canada,NL,48.531567,-53.971183,airport,geomet,MSC
CAE136B0,Rivière La Pêche,CAE136B0,CAE136B0,,PC-NRMB_CAE136B0,Canada,QC,46.7561,-72.8124,airport,geomet,MSC
CAEI,ESKASONI FIRST NATION,CAEI,CAEI,71175,8201780,Canada,NS,45.9206,-60.6469,airport,geomet,MSC
CAFC,FREDERICTON CDA CS,CAFC,CAFC,71668,8101605,Canada,NB,45.920357,-66.609116,airport,geomet,MSC
CAFL,CHURCHILL FALLS,CAFL,CAFL,73122,8501136,Canada,NL,53.558,-64.094,airport,geomet,MSC
CAFY,FUNDY PARK (ALMA) CS,CAFY,CAFY,71191,8101746,Canada,NB,45.597177,-64.953136,airport,geomet,MSC
CAGL,COLLEGEVILLE AUTO,CAGL,CAGL,71698,8201001,Canada,NS,45.490189,-62.016107,airport,geomet,MSC
CAHD,HALIFAX DOCKYARD,CAHD,CAHD,71328,8202240,Canada,NS,44.655354,-63.575908,airport,geomet,DND
CAHK,HALIFAX KOOTENAY,CAHK,CAHK,71326,8202252,Canada,NS,44.587727,-63.550143,airport,geomet,DND
CAHR,HARRINGTON CDA CS,CAHR,CAHR,71350,830P001,Canada,PE,46.34378,-63.16974,airport,geomet,MSC
CAHT,CHETICAMP HIGHLANDS NATIONAL PARK,CAHT,CAHT,73023,8200828,Canada,NS,46.651122,-60.954614,airport,geomet,MSC
CAHV,HAPPY VALLEY - GOOSE BAY,CAHV,CAHV,73120,8501915,Canada,NL,53.306394,-60.362642,airport,geomet,MSC
CAHW,HALIFAX WINDSOR PARK,CAHW,CAHW,71327,8202255,Canada,NS,44.656926,-63.608042,airport,geomet,DND
CAJH,GARNETT SETTLEMENT,CAJH,CAJH,73038,8104905,Canada,NB,45.289895,-65.813652,airport,geomet,MSC
CAJT,STEPHENVILLE RCS,CAJT,CAJT,71159,8403820,Canada,NL,48.5614,-58.5661,airport,geomet,MSC
CAJW,ST JOHNS WEST CLIMATE,CAJW,CAJW,71250,8403603,Canada,NL,47.5134,-52.7833,airport,geomet,MSC
CAKC,KOUCHIBOUGUAC,CAKC,CAKC,71670,8102326,Canada,NB,46.789272,-65.013053,airport,geomet,MSC
CAMR,MILLERTOWN CLIMATE,CAMR,CAMR,71856,8402757,Canada,NL,48.816772,-56.534439,airport,geomet,MSC
CAMS,MECHANIC SETTLEMENT,CAMS,CAMS,71787,8102848,Canada,NB,45.693611,-65.165,airport,geomet,MSC
CANDC,Candiac,CANDC,CANDC,,SK-SPSA-WMB_CANDC,Canada,SK,50.19278889,-103.2584,airport,geomet,MSC
CANH,STANHOPE,CANH,CANH,,8300590,Canada,PE,46.415055,-63.075922,airport,geomet,MSC
CANR,AALDERSVILLE,CANR,CANR,73081,8204020,Canada,NS,44.827083,-64.509025,airport,geomet,MSC
CAOH,UPPER STEWIACKE RCS,CAOH,CAOH,71753,8204193,Canada,NS,45.23273,-63.054694,airport,geomet,MSC
CAOS,OSBORNE HEAD,CAOS,CAOS,71324,8204190,Canada,NS,44.612771,-63.4225,airport,geomet,DND
CAPB,PORT-AUX-BASQUES,CAPB,CAPB,73026,8402980,Canada,NL,47.573416,-59.153094,airport,geomet,MSC
CAPE BEALE,CAPE BEALE LIGHT,CAPE BEALE,CAPE BEALE,,1031316,Canada,BC,48.7861,-125.2161,airport,geomet,MSC
CAPE MUDGE,CAPE MUDGE,CAPE MUDGE,CAPE MUDGE,,1021330,Canada,BC,49.9984,-125.1955,airport,geomet,MSC
CAPE SCOTT,CAPE SCOTT,CAPE SCOTT,CAPE SCOTT,,1031353,Canada,BC,50.7822,-128.4272,airport,geomet,MSC
CAPP,Cappon AGCM,CAPP,CAPP,,AB-MAI_CAPP,Canada,AB,51.067,-110.7969,airport,geomet,MSC
CAPR,PARRSBORO,CAPR,CAPR,71493,8204402,Canada,NS,45.413327,-64.346239,airport,geomet,MSC
CAQY,SYDNEY CS,CAQY,CAQY,71758,8205702,Canada,NS,46.163048,-60.0428,airport,geomet,MSC
CARMANAH,CARMANAH POINT,CARMANAH,CARMANAH,,1031402,Canada,BC,48.6117,-124.75,airport,geomet,MSC
CARP,RED PINES,CARP,CARP,71634,8104295,Canada,NB,47.439405,-65.597783,airport,geomet,MSC
CARR,Carrot Creek AGCM,CARR,CARR,,AB-MAI_CARR,Canada,AB,53.6231,-115.8938,airport,geomet,MSC
CASB,SABLE ISLAND,CASB,CASB,73025,8204708,Canada,NS,43.931434,-60.008382,airport,geomet,MSC
CASF,SUSSEX FOUR CORNERS,CASF,CASF,71656,8105210,Canada,NB,45.741666,-65.529167,airport,geomet,MSC
CAT,Cat Lake,CAT,CAT,,ON-MNRF-AFFES_CAT,Canada,ON,51.7267,-91.8229,airport,geomet,MSC
CAUU,LOUISBOURG,CAUU,CAUU,71596,8203163,Canada,NS,45.90088,-59.995629,airport,geomet,MSC
CAVA,BONAVISTA,CAVA,CAVA,71178,8400601,Canada,NL,48.667316,-53.112173,airport,geomet,MSC
CAWR,WRECKHOUSE,CAWR,CAWR,71180,8404343,Canada,NL,47.713697,-59.306315,airport,geomet,MSC
CBA010D8,MRG QD,CBA010D8,CBA010D8,,PC-NRMB_CBA010D8,Canada,BC,51.02539,-118.151396,airport,geomet,MSC
CBA040A4,Benchmark,CBA040A4,CBA040A4,,PC-NRMB_CBA040A4,Canada,AB,59.810322,-111.989105,airport,geomet,MSC
CBA06648,Waterton Townsite,CBA06648,CBA06648,,PC-NRMB_CBA06648,Canada,AB,49.064671,-113.903869,airport,geomet,MSC
CBA0753E,Banff QD1,CBA0753E,CBA0753E,,PC-NRMB_CBA0753E,Canada,AB,51.617811,-115.487625,airport,geomet,MSC
CBA096CC,Summit Lake,CBA096CC,CBA096CC,,PC-NRMB_CBA096CC,Canada,AB,49.00556,-114.035823,airport,geomet,MSC
CBA0F32A,LLYK QD1,CBA0F32A,CBA0F32A,,PC-NRMB_CBA0F32A,Canada,AB,51.37572,-116.0339,airport,geomet,MSC
CBA10154,LLYK QD2,CBA10154,CBA10154,,PC-NRMB_CBA10154,Canada,AB,52.03789,-117.07892,airport,geomet,MSC
CBA11222,Kippan's Mill,CBA11222,CBA11222,,PC-NRMB_CBA11222,Canada,MB,50.9272,-100.0425,airport,geomet,MSC
CBA1425E,National HQ QD West,CBA1425E,CBA1425E,,PC-NRMB_CBA1425E,Canada,AB,51.168546,-115.726836,airport,geomet,MSC
CBA164B2,Dorothy,CBA164B2,CBA164B2,,PC-NRMB_CBA164B2,Canada,AB,52.9,-118.278,airport,geomet,MSC
CBA18740,Caribou Corner,CBA18740,CBA18740,,PC-NRMB_CBA18740,Canada,BC,51.02539,-118.151396,airport,geomet,MSC
CBA19436,Lower Beaver,CBA19436,CBA19436,,PC-NRMB_CBA19436,Canada,BC,51.415,-117.474,airport,geomet,MSC
CBA1A1AC,Sweetgrass,CBA1A1AC,CBA1A1AC,,PC-NRMB_CBA1A1AC,Canada,AB,58.852917,-111.997194,airport,geomet,MSC
CBA1B2DA,Upper Beaver,CBA1B2DA,CBA1B2DA,,PC-NRMB_CBA1B2DA,Canada,BC,51.314452,-117.373968,airport,geomet,MSC
CBA1E2A6,One Mile,CBA1E2A6,CBA1E2A6,,PC-NRMB_CBA1E2A6,Canada,BC,51.02202067,-118.20739,airport,geomet,MSC
CBA1F1D0,Fidelity,CBA1F1D0,CBA1F1D0,,PC-NRMB_CBA1F1D0,Canada,BC,51.23477,-117.6808713,airport,geomet,MSC
CBA2152C,Gunn Lake,CBA2152C,CBA2152C,,PC-NRMB_CBA2152C,Canada,MB,50.8538,-100.5097,airport,geomet,MSC
CBA24550,Saskatchewan Crossing,CBA24550,CBA24550,,PC-NRMB_CBA24550,Canada,AB,51.967964,-116.714677,airport,geomet,MSC
CBA47004,Boulder Creek,CBA47004,CBA47004,,PC-NRMB_CBA47004,Canada,BC,51.366489,-116.526412,airport,geomet,MSC
CBA48080,McLeod Meadows,CBA48080,CBA48080,,PC-NRMB_CBA48080,Canada,BC,50.748297,-115.9277,airport,geomet,MSC
CBA4A66C,Vermillion Crossing,CBA4A66C,CBA4A66C,,PC-NRMB_CBA4A66C,Canada,BC,51.022579,-115.977923,airport,geomet,MSC
CBA4C38A,Bennett,CBA4C38A,CBA4C38A,,PC-NRMB_CBA4C38A,Canada,BC,59.50385,-135.00007,airport,geomet,MSC
CBA4D0FC,Bryant,CBA4D0FC,CBA4D0FC,,PC-NRMB_CBA4D0FC,Canada,AB,50.8995,-115.5224,airport,geomet,MSC
CBA51718,Virginia Falls,CBA51718,CBA51718,,PC-NRMB_CBA51718,Canada,NT,61.607113,-125.760491,airport,geomet,MSC
CBA52282,Moose Ponds,CBA52282,CBA52282,,PC-NRMB_CBA52282,Canada,NT,62.921889,-129.687306,airport,geomet,MSC
CBA54764,Windy,CBA54764,CBA54764,,PC-NRMB_CBA54764,Canada,AB,51.5397,-115.7278,airport,geomet,MSC
CBA572FE,Redstreak,CBA572FE,CBA572FE,,PC-NRMB_CBA572FE,Canada,BC,50.622877,-116.06271,airport,geomet,MSC
CBBC,Bella Bella Campbell Island,CBBC,CBBC,71582,1060815,Canada,BC,52.1851,-128.157,airport,geomet,NAV CANADA
CC,Carcross,CC,CC,,YT-DCS-WFM_CC,Canada,YT,60.179235,-134.696382,airport,geomet,MSC
CCA,Carrot Creek Auto,CCA,CCA,,AB-MAF_CCA,Canada,AB,53.439,-115.85,airport,geomet,MSC
CCPY,PELLY RANCH FORT SELKIRK,CCPY,CCPY,73013,2100881,Canada,YT,62.833444,-137.312167,airport,geomet,MSC
CCU,Caribou Creek Upper,CCU,CCU,,BC-Hydro_CCU,Canada,BC,51.10902778,-117.2284167,airport,geomet,MSC
CDW,Coquitlam Dam Climate,CDW,CDW,,BC-Hydro_CDW,Canada,BC,49.35415,-122.774737,airport,geomet,MSC
CEDJ,CEDAR COVE,CEDJ,CEDJ,71711,8403570,Canada,NL,49.091403,-58.423261,airport,geomet,MSC
CEQI,YARMOUTH RCS,CEQI,CEQI,71884,8206491,Canada,NS,43.830861,-66.08807,airport,geomet,MSC
CERE,Cereal AGCM,CERE,CERE,,AB-MAI_CERE,Canada,AB,51.2758,-110.8244,airport,geomet,MSC
CERM,EDMUNDSTON,CERM,CERM,71590,8101303,Canada,NB,47.41665,-68.324749,airport,geomet,MSC
CESB,SHELBURNE SANDY POINT,CESB,CESB,73015,8205130,Canada,NS,43.753008,-65.307917,airport,geomet,MSC
CEWD,WOODSTOCK NEWBRIDGE,CEWD,CEWD,71606,8105603,Canada,NB,46.152229,-67.542653,airport,geomet,MSC
CFA,Cambrian Auto,CFA,CFA,,AB-MAF_CFA,Canada,AB,59.2576,-110.8046,airport,geomet,MSC
CGAH,LA GRANDE IV,CGAH,CGAH,71823,7093GJ5,Canada,QC,53.757213,-73.678642,airport,geomet,MSC
CGBC,BAIE-COMEAU,CGBC,CGBC,71890,7040442,Canada,QC,49.13507,-68.202461,airport,geomet,MSC
CGCH,CHIBOUGAMAU-CHAPAIS,CGCH,CGCH,73011,7091410,Canada,QC,49.777307,-74.530384,airport,geomet,MSC
CGCL,CAUSAPSCAL AIRPORT,CGCL,CGCL,73005,7051201,Canada,QC,48.308789,-67.252754,airport,geomet,MSC
CGGA,GASPE AIRPORT,CGGA,CGGA,73116,7052603,Canada,QC,48.776738,-64.479393,airport,geomet,MSC
CGKM,SCHEFFERVILLE COTE-NORD,CGKM,CGKM,73075,7117824,Canada,QC,54.802639,-66.804488,airport,geomet,MSC
CGMG,MATAGAMI,CGMG,CGMG,71821,7094637,Canada,QC,49.757871,-77.793226,airport,geomet,MSC
CGOJ,ILE D'ORLEANS - QUAI DE ST-JEAN,CGOJ,CGOJ,73054,70132G0,Canada,QC,46.915701,-70.89637,airport,geomet,MSC
CGRQ,TROIS RIVIERES,CGRQ,CGRQ,71729,7018563,Canada,QC,46.359328,-72.675861,airport,geomet,MSC
CGSA,SAINT-CAMILLE-DE-LELLIS,CGSA,CGSA,73105,7026930,Canada,QC,46.494686,-70.207442,airport,geomet,MSC
CGTL,MONT-TREMBLANT,CGTL,CGTL,73118,7045335,Canada,QC,46.080408,-74.556127,airport,geomet,MSC
CGVO,VAL-D'OR,CGVO,CGVO,71725,7098603,Canada,QC,48.056548,-77.78658,airport,geomet,MSC
CH,Champagne,CH,CH,,YT-DCS-WFM_CH,Canada,YT,60.811713,-136.44615,airport,geomet,MSC
CHA,Chapleau,CHA,CHA,,ON-MNRF-AFFES_CHA,Canada,ON,47.8427,-83.3685,airport,geomet,MSC
CHAM,Champion AGDM,CHAM,CHAM,71217,AB-MAI_CHAM,Canada,AB,50.2953,-113.3467,airport,geomet,MSC
CHATHAM,CHATHAM POINT,CHATHAM,CHATHAM,,1021480,Canada,BC,50.3331,-125.4456,airport,geomet,MSC
CHROME,CHROME ISLAND,CHROME,CHROME,,1021500,Canada,BC,49.4722,-124.6831,airport,geomet,MSC
CHW,Chowade Upper,CHW,CHW,,BC-Hydro_CHW,Canada,BC,56.63683333,-122.7788667,airport,geomet,MSC
CLA,Chain Lakes Auto,CLA,CLA,,AB-MAF_CLA,Canada,AB,50.1803,-114.1828,airport,geomet,MSC
CLAK,Cabin Lake AGCM,CLAK,CLAK,,AB-MAI_CLAK,Canada,AB,51.0237,-111.2216,airport,geomet,MSC
CLB,Clearwater Bay,CLB,CLB,,ON-MNRF-AFFES_CLB,Canada,ON,49.7169,-94.7828,airport,geomet,MSC
CLEA,Cleardale AGDM,CLEA,CLEA,71221,AB-MAI_CLEA,Canada,AB,56.3203,-119.7479,airport,geomet,MSC
CLEH,Hazel AGCM,CLEH,CLEH,,AB-MAI_CLEH,Canada,AB,56.5291,-117.9336,airport,geomet,MSC
CLMAX,Climax,CLMAX,CLMAX,,SK-SPSA-WMB_CLMAX,Canada,SK,49.29858333,-108.4061111,airport,geomet,MSC
CLO,Clowhom Falls,CLO,CLO,,BC-Hydro_CLO,Canada,BC,49.71086667,-123.529025,airport,geomet,MSC
CLUFL,Cluff Lake,CLUFL,CLUFL,,SK-SPSA-WMB_CLUFL,Canada,SK,58.34953,-109.53928,airport,geomet,MSC
CMA,Chisholm Auto,CMA,CMA,,AB-MAF_CMA,Canada,AB,54.9411,-114.04,airport,geomet,MSC
CMBE,BAGOTVILLE AIRPORT,CMBE,CMBE,73035,7060390,Canada,QC,48.329714,-70.986437,airport,geomet,MSC
CMBHS,Cumberland House,CMBHS,CMBHS,,SK-SPSA-WMB_CMBHS,Canada,SK,53.9522,-102.2639,airport,geomet,MSC
CMFJ,KUUJJUARAPIK,CMFJ,CMFJ,71615,7103539,Canada,QC,55.369504,-77.629143,airport,geomet,MSC
CMFM,FORET MONTMORENCY RCS,CMFM,CMFM,71212,7042395,Canada,QC,47.322593,-71.148281,airport,geomet,MSC
CMFX,SALLUIT,CMFX,CMFX,71641,7117800,Canada,QC,62.179704,-75.670074,airport,geomet,MSC
CMGB,GRANBY,CMGB,CMGB,,7022802,Canada,QC,45.372631,-72.774189,airport,geomet,MSC
CMGZ,GRANDES BERGERONNES,CMGZ,CMGZ,71942,7042845,Canada,QC,48.274529,-69.543661,airport,geomet,MSC
CMIN,PARC NATIONAL DES PINGUALUIT,CMIN,CMIN,71976,7115800,Canada,QC,61.31283,-73.668412,airport,geomet,MSC
CMJI,MONT-JOLI,CMJI,CMJI,71658,7055122,Canada,QC,48.605193,-68.195657,airport,geomet,MSC
CMJK,INUKJUAK,CMJK,CMJK,71907,710S005,Canada,QC,58.467331,-78.078669,airport,geomet,MSC
CMJN,NEW RICHMOND EAST,CMJN,CMJN,71659,7055440,Canada,QC,48.156544,-65.84193,airport,geomet,MSC
CMLU,LEMIEUX,CMLU,CMLU,71616,701Q009,Canada,QC,46.303728,-72.060519,airport,geomet,MSC
CMMY,SAINT-MICHEL-DES-SAINTS,CMMY,CMMY,71737,7077571,Canada,QC,46.815567,-74.094017,airport,geomet,MSC
CMNT,NATASHQUAN AIRPORT,CMNT,CMNT,71813,7045401,Canada,QC,50.190066,-61.794219,airport,geomet,MSC
CMRF,RIVIERE AUX FEUILLES,CMRF,CMRF,71743,7116505,Canada,QC,57.909731,-72.976014,airport,geomet,MSC
CMSI,SAINT-GERMAIN-DE-GRANTHAM,CMSI,CMSI,71967,7027470,Canada,QC,45.825353,-72.536979,airport,geomet,MSC
CMT,Caramat,CMT,CMT,,ON-MNRF-AFFES_CMT,Canada,ON,49.6122,-86.1415,airport,geomet,MSC
CMTH,THETFORD MINES RCS,CMTH,CMTH,71494,7028442,Canada,QC,46.049134,-71.266448,airport,geomet,MSC
CMUS,NANTES,CMUS,CMUS,73115,7023681,Canada,QC,45.606368,-70.932738,airport,geomet,MSC
CMX,Comox Dam Forebay,CMX,CMX,,BC-Hydro_CMX,Canada,BC,49.643619,-125.095936,airport,geomet,MSC
CNA,Canmore Auto,CNA,CNA,,AB-MAF_CNA,Canada,AB,51.113,-115.3699,airport,geomet,MSC
CNBB,KUGAARUK CLIMATE,CNBB,CNBB,71407,2303094,Canada,NU,68.53743,-89.788915,airport,geomet,MSC
CNBI,BATHURST INLET,CNBI,CNBI,71874,2300551,Canada,NU,66.837724,-108.014693,airport,geomet,MSC
CNCD,KINNGAIT,CNCD,CNCD,71575,2400636,Canada,NU,64.230626,-76.530694,airport,geomet,MSC
CNCN,CLINTON,CNCN,CNCN,71474,1161663,Canada,BC,51.145064,-121.504788,airport,geomet,MSC
CNCS,CHESTERFIELD INLET AIRPORT,CNCS,CNCS,73101,2300708,Canada,NU,63.344981,-90.731981,airport,geomet,MSC
CNDLK,Candle Lake,CNDLK,CNDLK,,SK-SPSA-WMB_CNDLK,Canada,SK,53.7653,-105.12,airport,geomet,MSC
CNDT,POND INLET CLIMATE,CNDT,CNDT,71576,2403204,Canada,NU,72.69313,-77.95735,airport,geomet,MSC
CNEK,EUREKA CLIMATE,CNEK,CNEK,71613,2401199,Canada,NU,79.9892,-85.9339,airport,geomet,MSC
CNFR,FORT ROSS,CNFR,CNFR,71629,2402051,Canada,NU,72.018061,-94.200462,airport,geomet,MSC
CNGC,GRISE FIORD CLIMATE,CNGC,CNGC,71971,2402351,Canada,NU,76.422476,-82.90115,airport,geomet,MSC
CNGH,GATESHEAD ISLAND,CNGH,CNGH,71141,2402332,Canada,NU,70.632757,-100.267154,airport,geomet,MSC
CNPK,PEKISKO,CNPK,CNPK,71669,3055119,Canada,AB,50.368512,-114.415459,airport,geomet,MSC
CNPL,CAPE LIVERPOOL,CNPL,CNPL,,2400675,Canada,NU,73.668041,-78.294694,airport,geomet,MSC
CNPV,CAPE PROVIDENCE,CNPV,CNPV,,2501419,Canada,NT,74.456602,-112.160413,airport,geomet,MSC
CNSG,SVARTEVAEG,CNSG,CNSG,71872,2403833,Canada,NU,81.161196,-91.816114,airport,geomet,MSC
CNVQ,NORMAN WELLS CLIMATE,CNVQ,CNVQ,71480,2202810,Canada,NT,65.28757,-126.753851,airport,geomet,MSC
CNYE,YELLOWKNIFE AIRPORT,CNYE,CNYE,73044,2204108,Canada,NT,62.474633,-114.449461,airport,geomet,MSC
CNZS,CORAL HARBOUR RCS,CNZS,CNZS,71134,2301010,Canada,NU,64.187831,-83.347054,airport,geomet,MSC
COBQ,BELLEVILLE QUINTE,COBQ,COBQ,73042,6150690,Canada,ON,44.159363,-77.439842,airport,geomet,MSC
COC,Cochrane,COC,COC,,ON-MNRF-AFFES_COC,Canada,ON,49.1204,-80.8027,airport,geomet,MSC
COCE,CEDAR SPRINGS,COCE,COCE,73036,6131418,Canada,ON,42.26497,-82.016262,airport,geomet,MSC
COCP,CHAPLEAU AIRPORT,COCP,COCP,73135,6061366,Canada,ON,47.819258,-83.356448,airport,geomet,MSC
COGE,GERALDTON AIRPORT,COGE,COGE,73071,6042719,Canada,ON,49.780908,-86.932297,airport,geomet,MSC
COGI,GUELPH TURFGRASS INSTITUTE,COGI,COGI,73073,6143092,Canada,ON,43.541873,-80.222081,airport,geomet,MSC
COGP,OGOKI POST,COGP,COGP,73045,6075788,Canada,ON,51.657738,-85.900278,airport,geomet,MSC
COKN,KING CITY NORTH,COKN,COKN,73074,6154150,Canada,ON,43.963525,-79.574133,airport,geomet,MSC
CONS,Consort AGDM,CONS,CONS,71223,AB-MAI_CONS,Canada,AB,51.9371,-110.713,airport,geomet,MSC
COOKS,Cookson,COOKS,COOKS,,SK-SPSA-WMB_COOKS,Canada,SK,53.6022,-106.4553,airport,geomet,MSC
COSL,SIOUX LOOKOUT AIRPORT,COSL,COSL,73017,6037800,Canada,ON,50.120537,-91.902802,airport,geomet,MSC
COSM,SAULT STE. MARIE AIRPORT,COSM,COSM,73070,6057593,Canada,ON,46.478211,-84.516758,airport,geomet,MSC
COTL,BIG TROUT LAKE,COTL,COTL,71208,6010740,Canada,ON,53.8164,-89.8916,airport,geomet,MSC
COTR,TERRACE BAY AIRPORT,COTR,COTR,73018,6048232,Canada,ON,48.815274,-87.091749,airport,geomet,MSC
COTU,PETERBOROUGH TRENT U EXPERIMENTAL FARM,COTU,COTU,73180,6166457,Canada,ON,44.353208,-78.278737,airport,geomet,MSC
COUN,County Line,COUN,COUN,,NB-DNRED_COUN,Canada,NB,46.13166667,-67.305,airport,geomet,MSC
COWP,WASAGA PROVINCIAL PARK,COWP,COWP,73050,6119296,Canada,ON,44.499006,-80.047343,airport,geomet,MSC
COWW,WEAGAMOW LAKE,COWW,COWW,73046,6019400,Canada,ON,52.943781,-91.316002,airport,geomet,MSC
CPA,Cowpar Lake Auto,CPA,CPA,,AB-MAF_CPA,Canada,AB,55.9534,-110.4972,airport,geomet,MSC
CPBM,BEAVER MINES,CPBM,CPBM,71304,3050602,Canada,AB,49.467809,-114.175013,airport,geomet,MSC
CPBO,BRANDON RCS,CPBO,CPBO,71136,5010490,Canada,MB,49.901793,-99.941349,airport,geomet,MSC
CPCH,FORT CHIPEWYAN RCS,CPCH,CPCH,71056,3072659,Canada,AB,58.766305,-111.116619,airport,geomet,MSC
CPCI,CALGARY INT'L CS,CPCI,CPCI,71393,3031094,Canada,AB,51.109308,-114.000258,airport,geomet,MSC
CPCK,PINCHER CREEK CLIMATE,CPCK,CPCK,71736,3035208,Canada,AB,49.522311,-114.004735,airport,geomet,MSC
CPCY,CARWAY,CPCY,CPCY,71488,3031402,Canada,AB,48.9996,-113.3791,airport,geomet,MSC
CPGF,GREAT FALLS CLIMATE,CPGF,CPGF,71570,5031201,Canada,MB,50.459013,-96.010316,airport,geomet,MSC
CPGH,GIMLI CLIMATE,CPGH,CPGH,71748,5031042,Canada,MB,50.639558,-97.045848,airport,geomet,MSC
CPHJ,HIGH LEVEL,CPHJ,CPHJ,73085,3073148,Canada,AB,58.6314,-117.163738,airport,geomet,MSC
CPI,Colpitti Creek,CPI,CPI,,BC-Hydro_CPI,Canada,BC,51.60772222,-117.6108611,airport,geomet,MSC
CPIF,ISLAND FALLS (AUT),CPIF,CPIF,71331,4063605,Canada,SK,55.528161,-102.345178,airport,geomet,MSC
CPII,ISLAND LAKE SOUTH,CPII,CPII,71654,3063600,Canada,AB,54.816833,-113.56,airport,geomet,MSC
CPIL,LOON LAKE RCS,CPIL,CPIL,71273,4064620,Canada,SK,54.019908,-109.137816,airport,geomet,MSC
CPIV,ISLAND LAKE AIRPORT,CPIV,CPIV,73100,5061378,Canada,MB,53.857919,-94.652869,airport,geomet,MSC
CPJM,ESTEVAN RCS,CPJM,CPJM,71559,4012410,Canada,SK,49.205347,-102.967084,airport,geomet,MSC
CPJN,JENPEG,CPJN,CPJN,73048,5060624,Canada,MB,54.520662,-98.045568,airport,geomet,MSC
CPLE,LYNN LAKE RCS,CPLE,CPLE,71632,5061649,Canada,MB,56.861799,-101.068071,airport,geomet,MSC
CPLS,KEY LAKE,CPLS,CPLS,71033,4063753,Canada,SK,57.25,-105.6,airport,geomet,MSC
CPMK,MANKOTA,CPMK,CPMK,71204,4034910,Canada,SK,49.099588,-107.022199,airport,geomet,MSC
CPNX,RANFURLY AUTO,CPNX,CPNX,71637,3015401,Canada,AB,53.4249,-111.7257,airport,geomet,MSC
CPOW,SNOW LAKE,CPOW,CPOW,73136,5022710,Canada,MB,54.877882,-100.013308,airport,geomet,MSC
CPOX,SASKATOON RCS,CPOX,CPOX,71496,4057165,Canada,SK,52.173753,-106.718888,airport,geomet,MSC
CPOY,CYPRESS RIVER RCS,CPOY,CPOY,71239,5010641,Canada,MB,49.562407,-99.073804,airport,geomet,MSC
CPPR,PRINCE ALBERT GLASS FIELD,CPPR,CPPR,73002,4056243,Canada,SK,53.210207,-105.676677,airport,geomet,MSC
CPQD,THE PAS CLIMATE,CPQD,CPQD,71695,5052890,Canada,MB,53.974776,-101.088925,airport,geomet,MSC
CPQW,NORTH BATTLEFORD RCS,CPQW,CPQW,71754,4045607,Canada,SK,52.76931,-108.250355,airport,geomet,MSC
CPRJ,YORKTON RCS,CPRJ,CPRJ,71886,4019073,Canada,SK,51.260003,-102.461318,airport,geomet,MSC
CPRV,ROMA,CPRV,CPRV,73104,3075043,Canada,AB,56.193322,-117.451958,airport,geomet,MSC
CPSU,SIOUX FALLS CLIMATE,CPSU,CPSU,71168,9052008,Canada,,43.73353,-96.623436,airport,geomet,MSC
CPSY,KINDERSLEY AIRPORT,CPSY,CPSY,73097,4043902,Canada,SK,51.51612,-109.177866,airport,geomet,MSC
CPTG,KLEEFELD (MAFRI),CPTG,CPTG,71646,5021500,Canada,MB,49.529669,-96.915459,airport,geomet,MSC
CPTO,THOMPSON AIRPORT,CPTO,CPTO,73072,5062918,Canada,MB,55.79882,-97.87659,airport,geomet,MSC
CPUN,PILGER,CPUN,CPUN,71655,4056121,Canada,SK,52.41898,-105.153086,airport,geomet,MSC
CPWX,WASECA RCS,CPWX,CPWX,71663,4048521,Canada,SK,53.131451,-109.405481,airport,geomet,MSC
CPYQ,CHURCHILL CLIMATE,CPYQ,CPYQ,71696,5060608,Canada,MB,58.73929,-94.075022,airport,geomet,MSC
CPYS,YELLOW GRASS NORTH,CPYS,CPYS,73001,4019041,Canada,SK,49.820245,-104.181048,airport,geomet,MSC
CPZC,CAMPSIE AUTO,CPZC,CPZC,71636,3061201,Canada,AB,54.1306,-114.6776,airport,geomet,MSC
CPZH,SLAVE LAKE RCS,CPZH,CPZH,71693,3065997,Canada,AB,55.296486,-114.78445,airport,geomet,MSC
CQM2,Coquitlam River above Coquitlam Lake 2,CQM2,CQM2,,BC-Hydro_CQM2,Canada,BC,49.487775,-122.793048,airport,geomet,MSC
CRA,Christina Auto,CRA,CRA,,AB-MAF_CRA,Canada,AB,55.5884,-111.8496,airport,geomet,MSC
CRAI,Craigmyle AGCM,CRAI,CRAI,71013,AB-MAI_CRAI,Canada,AB,51.775,-112.2523,airport,geomet,MSC
CREEN,Creen,CREEN,CREEN,,SK-SPSA-WMB_CREEN,Canada,SK,56.9219,-108.1575,airport,geomet,MSC
CRES,Crestomere AGCM,CRES,CRES,71380,AB-MAI_CRES,Canada,AB,52.7329,-113.9029,airport,geomet,MSC
CRET,La Crete AGCM,CRET,CRET,71542,AB-MAI_CRET,Canada,AB,58.1721,-116.3428,airport,geomet,MSC
CRETN,Creighton,CRETN,CRETN,,SK-SPSA-WMB_CRETN,Canada,SK,54.6531,-102.0811,airport,geomet,MSC
CRG,Conrad Glacier,CRG,CRG,,BC-Hydro_CRG,Canada,BC,50.812033,-116.93975,airport,geomet,MSC
CROW,Crowe Brook,CROW,CROW,,NB-DNRED_CROW,Canada,NB,45.575,-65.32333333,airport,geomet,MSC
CRT,Cartier,CRT,CRT,,ON-MNRF-AFFES_CRT,Canada,ON,46.7007,-81.5568,airport,geomet,MSC
CRU2,Cruickshank River Near The Mouth 2,CRU2,CRU2,,BC-Hydro_CRU2,Canada,BC,49.579516,-125.214885,airport,geomet,MSC
CRY,Crying Girl Prairie,CRY,CRY,,BC-Hydro_CRY,Canada,BC,56.38586111,-122.8928333,airport,geomet,MSC
CT01,EGBERT TRAINING SITE,CT01,CT01,,TEST001,Canada,,44.232318,-79.78129,airport,geomet,MSC
CTAG,FORT FRANCES RCS,CTAG,CTAG,71962,6022474,Canada,ON,48.65118,-93.43896,airport,geomet,MSC
CTBF,BRANTFORD AIRPORT,CTBF,CTBF,71602,6140942,Canada,ON,43.13733,-80.331275,airport,geomet,MSC
CTBO,BROCKVILLE CLIMATE,CTBO,CTBO,71161,6100970,Canada,ON,44.635233,-75.751617,airport,geomet,MSC
CTBT,BEATRICE CLIMATE,CTBT,CTBT,71694,6110607,Canada,ON,45.135713,-79.398931,airport,geomet,MSC
CTCK,MOOSE CREEK WELLS,CTCK,CTCK,71635,6105397,Canada,ON,45.251227,-74.962954,airport,geomet,MSC
CTKG,KINGSTON CLIMATE,CTKG,CTKG,71820,6104142,Canada,ON,44.218,-76.595,airport,geomet,MSC
CTKR,KENORA RCS,CTKR,CTKR,71151,6034073,Canada,ON,49.790497,-94.361239,airport,geomet,MSC
CTLS,LAKE SUPERIOR PROVINCIAL PARK,CTLS,CTLS,71640,6054425,Canada,ON,47.72305,-84.81404,airport,geomet,MSC
CTMS,TIMMINS CLIMATE,CTMS,CTMS,71193,6078282,Canada,ON,48.568,-81.378,airport,geomet,MSC
CTNK,ALGONQUIN PARK EAST GATE,CTNK,CTNK,71581,6080192,Canada,ON,45.535689,-78.261698,airport,geomet,MSC
CTPM,PEMBROKE,CTPM,CTPM,71196,6106367,Canada,ON,45.86007,-77.252387,airport,geomet,MSC
CTRA,RAWSON LAKE (AUT),CTRA,CTRA,71855,6036907,Canada,ON,49.664152,-93.732919,airport,geomet,MSC
CTSB,SUDBURY CLIMATE,CTSB,CTSB,71733,6068145,Canada,ON,46.6324,-80.796,airport,geomet,MSC
CTTR,TOBERMORY RCS,CTTR,CTTR,71767,6128330,Canada,ON,45.22414,-81.635069,airport,geomet,MSC
CTUX,UXBRIDGE WEST,CTUX,CTUX,71932,6159123,Canada,ON,44.098248,-79.163552,airport,geomet,MSC
CTWL,WELLAND-PELHAM,CTWL,CTWL,71752,6139449,Canada,ON,42.973197,-79.325323,airport,geomet,MSC
CTXR,EARLTON CLIMATE,CTXR,CTXR,71213,6072230,Canada,ON,47.697482,-79.853365,airport,geomet,MSC
CTZE,GORE BAY CLIMATE,CTZE,CTZE,71956,6092920,Canada,ON,45.889797,-82.572159,airport,geomet,MSC
CTZN,NORTH BAY AIRPORT,CTZN,CTZN,73016,6085695,Canada,ON,46.372723,-79.423555,airport,geomet,MSC
CTZR,SARNIA CLIMATE,CTZR,CTZR,71746,6127519,Canada,ON,42.994835,-82.307414,airport,geomet,MSC
CUA,Cadotte Auto,CUA,CUA,,AB-MAF_CUA,Canada,AB,56.3035,-116.4302,airport,geomet,MSC
CUMB,Cumberland Bay,CUMB,CUMB,,NB-DNRED_CUMB,Canada,NB,45.995,-65.90833333,airport,geomet,MSC
CUMIN,Cummins Lake,CUMIN,CUMIN,,SK-SPSA-WMB_CUMIN,Canada,SK,55.4986,-108.8869,airport,geomet,MSC
CVAS,ASHCROFT,CVAS,CVAS,71681,1160515,Canada,BC,50.708438,-121.281258,airport,geomet,MSC
CVBB,DELTA BURNS BOG,CVBB,CVBB,71042,1102415,Canada,BC,49.125992,-123.002436,airport,geomet,MSC
CVBD,BELLA COOLA AIRPORT,CVBD,CVBD,71533,1060844,Canada,BC,52.388507,-126.586783,airport,geomet,MSC
CVBR,BURWASH AIRPORT AUTO,CVBR,CVBR,71195,2100184,Canada,YT,61.370132,-139.032477,airport,geomet,MSC
CVCL,CULTUS LAKE,CVCL,CVCL,,1102221,Canada,BC,49.078938,-121.978702,airport,geomet,MSC
CVCW,CLEARWATER AUTO,CVCW,CVCW,71645,1161650,Canada,BC,51.652609,-120.082309,airport,geomet,MSC
CVFJ,FORT ST JAMES GOLF CLUB,CVFJ,CVFJ,73047,1092977,Canada,BC,54.459673,-124.292078,airport,geomet,MSC
CVFN,FORT NELSON,CVFN,CVFN,71594,1192948,Canada,BC,58.841389,-122.574167,airport,geomet,MSC
CVGE,GOLDEN AIRPORT,CVGE,CVGE,71905,1173220,Canada,BC,51.300275,-116.984435,airport,geomet,MSC
CVHD,PORT HARDY AIRPORT,CVHD,CVHD,73014,1026273,Canada,BC,50.684839,-127.380436,airport,geomet,MSC
CVKC,KITIMAT FOREST AVE,CVKC,CVKC,73007,1064324,Canada,BC,54.056434,-128.604077,airport,geomet,MSC
CVKU,KELOWNA UBCO,CVKU,CVKU,71644,1123996,Canada,BC,49.940767,-119.400214,airport,geomet,MSC
CVLY,LYTTON RCS,CVLY,CVLY,71765,1114746,Canada,BC,50.224545,-121.581879,airport,geomet,MSC
CVME,MERRITT,CVME,CVME,71557,1125073,Canada,BC,50.112691,-120.778099,airport,geomet,MSC
CVOC,WHISTLER - NESTERS,CVOC,CVOC,71687,1100875,Canada,BC,50.1289,-122.9546,airport,geomet,MSC
CVOD,CALLAGHAN VALLEY,CVOD,CVOD,71688,1101300,Canada,BC,50.14405,-123.110608,airport,geomet,MSC
CVOM,PORT MELLON,CVOM,CVOM,71605,1046332,Canada,BC,49.5263,-123.496211,airport,geomet,MSC
CVOO,NORTH COWICHAN,CVOO,CVOO,71927,1015630,Canada,BC,48.824209,-123.718917,airport,geomet,MSC
CVOP,POWELL RIVER,CVOP,CVOP,71720,1046392,Canada,BC,49.834356,-124.498176,airport,geomet,MSC
CVOQ,QUALICUM BEACH AIRPORT,CVOQ,CVOQ,71766,1026562,Canada,BC,49.337222,-124.393889,airport,geomet,MSC
CVOU,SECHELT AUT,CVOU,CVOU,71638,1047172,Canada,BC,49.457998,-123.715224,airport,geomet,MSC
CVPE,HOPE AIRPORT,CVPE,CVPE,71114,1113543,Canada,BC,49.369843,-121.493708,airport,geomet,MSC
CVPX,PRINCE GEORGE MASSEY AUTO,CVPX,CVPX,,1096454,Canada,BC,53.90001,-122.790803,airport,geomet,MSC
CVQZ,QUESNEL AIRPORT AUTO,CVQZ,CVQZ,71779,1096631,Canada,BC,53.026929,-122.506271,airport,geomet,MSC
CVRA,REVELSTOKE AIRPORT AUTO,CVRA,CVRA,71882,1176755,Canada,BC,50.958123,-118.176407,airport,geomet,MSC
CVSA,SAANICHTON CFIA,CVSA,CVSA,73028,1016943,Canada,BC,48.621733,-123.410233,airport,geomet,MSC
CVSJ,FORT ST JOHN AIRPORT,CVSJ,CVSJ,73090,1183002,Canada,BC,56.247478,-120.750133,airport,geomet,MSC
CVSL,OOTSA LAKE SKINS LAKE,CVSL,CVSL,71679,1085836,Canada,BC,53.771997,-125.996842,airport,geomet,MSC
CVTF,TSAWWASSEN FERRY AUTO,CVTF,CVTF,,1108291,Canada,BC,49.0039,-123.1333,airport,geomet,MSC
CVTS,SATURNA CAPMON,CVTS,CVTS,71914,1017099,Canada,BC,48.775203,-123.128286,airport,geomet,MSC
CVVR,VANCOUVER SEA ISLAND CCG,CVVR,CVVR,71608,1108380,Canada,BC,49.182552,-123.187254,airport,geomet,MSC
CVXC,CRANBROOK AIRPORT AUTO,CVXC,CVXC,71660,1152106,Canada,BC,49.61766,-115.789025,airport,geomet,MSC
CVXS,PRINCE GEORGE AIRPORT AUTO,CVXS,CVXS,71302,1096453,Canada,BC,53.888996,-122.67208,airport,geomet,MSC
CVXY,WHITEHORSE AUTO,CVXY,CVXY,71773,2101310,Canada,YT,60.733208,-135.097817,airport,geomet,MSC
CVYD,SMITHERS AIRPORT AUTO,CVYD,CVYD,71268,1077501,Canada,BC,54.824275,-127.189264,airport,geomet,MSC
CVZP,SANDSPIT AIRPORT AUTO,CVZP,CVZP,71101,1057051,Canada,BC,53.249444,-131.813138,airport,geomet,MSC
CVZY,MACKENZIE AIRPORT AUTO,CVZY,CVZY,71944,1184793,Canada,BC,55.305279,-123.137895,airport,geomet,MSC
CWAE,Whistler,CWAE,CWAE,,1048899,Canada,BC,50.1667,-122.9,airport,geomet,NAV CANADA
CWAF,ILE ROUGE,CWAF,CWAF,71426,7043BP9,Canada,QC,48.068802,-69.555347,airport,geomet,MSC
CWAG,LA SCIE,CWAG,CWAG,71337,8402520,Canada,NL,49.9128,-55.6713,airport,geomet,MSC
CWAQ,CORONACH SPC,CWAQ,CWAQ,71516,40318MN,Canada,SK,49.057766,-105.490473,airport,geomet,MSC
CWAR,ARGENTIA (AUT),CWAR,CWAR,71807,8400104,Canada,NL,47.310633,-53.998173,airport,geomet,MSC
CWAS,HOWE SOUND - PAM ROCKS,CWAS,CWAS,71211,10459NN,Canada,BC,49.487798,-123.299511,airport,geomet,MSC
CWAV,SUNDRE A,CWAV,CWAV,71248,3026KNQ,Canada,AB,51.7781,-114.6825,airport,geomet,MSC
CWAY,MOULD BAY CS,CWAY,CWAY,71989,250M001,Canada,NT,76.23767,-119.347881,airport,geomet,MSC
CWBA,BARRAGE TEMISCAMINGUE,CWBA,CWBA,71732,7080468,Canada,QC,46.709657,-79.100838,airport,geomet,MSC
CWBD,INDIAN HEAD CDA,CWBD,CWBD,71515,4013480,Canada,SK,50.556798,-103.652183,airport,geomet,MSC
CWBJ,INNER WHALEBACKS,CWBJ,CWBJ,71162,2202560,Canada,NT,61.920731,-113.726069,airport,geomet,MSC
CWBK,CARIBOU POINT (AUT),CWBK,CWBK,71415,8200774,Canada,NS,45.76422,-62.680444,airport,geomet,MSC
CWBM,BEAVERLODGE RCS,CWBM,CWBM,71230,3070600,Canada,AB,55.1967,-119.3964,airport,geomet,MSC
CWBO,BROOKS,CWBO,CWBO,71457,3030QLP,Canada,AB,50.555337,-111.849428,airport,geomet,MSC
CWBS,LAC SAINT-PIERRE,CWBS,CWBS,71198,701LP0N,Canada,QC,46.194865,-72.895564,airport,geomet,MSC
CWBT,LONGUE-POINTE-DE-MINGAN,CWBT,CWBT,71512,7044328,Canada,QC,50.271505,-64.226627,airport,geomet,MSC
CWBU,NIPAWIN,CWBU,CWBU,71312,407N51G,Canada,SK,53.3323,-104.0031,airport,geomet,MSC
CWBY,PORT-MENIER,CWBY,CWBY,71810,7056202,Canada,QC,49.838383,-64.29356,airport,geomet,MSC
CWBZ,ST-ANICET 1,CWBZ,CWBZ,71712,702FQLF,Canada,QC,45.120816,-74.289519,airport,geomet,MSC
CWCF,BERENS RIVER CS,CWCF,CWCF,71158,5030203,Canada,MB,52.359792,-97.021983,airport,geomet,MSC
CWCH,ATIKOKAN (AUT),CWCH,CWCH,71747,6020LPQ,Canada,ON,48.760939,-91.62823,airport,geomet,MSC
CWCI,CARIBOU ISLAND (AUT),CWCI,CWCI,71433,6041222,Canada,ON,47.339379,-85.826062,airport,geomet,MSC
CWCJ,PUKASKWA (AUT),CWCJ,CWCJ,71750,6046768,Canada,ON,48.607707,-86.287335,airport,geomet,MSC
CWCT,CORONATION CLIMATE,CWCT,CWCT,71318,3011887,Canada,AB,52.07427,-111.449205,airport,geomet,MSC
CWDA,ENGLEE (AUT),CWDA,CWDA,71417,8401538,Canada,NL,50.721137,-56.112844,airport,geomet,MSC
CWDC,URANIUM CITY (AUT),CWDC,CWDC,71076,406QLD0,Canada,SK,59.560859,-108.47757,airport,geomet,MSC
CWDE,LAC BENOIT,CWDE,CWDE,71520,706I001,Canada,QC,51.5324,-71.1104,airport,geomet,MSC
CWDI,BADGER (AUT),CWDI,CWDI,71400,8400301,Canada,NL,48.968153,-56.060969,airport,geomet,MSC
CWDJ,REGINA RCS,CWDJ,CWDJ,71514,4016699,Canada,SK,50.42691,-104.670143,airport,geomet,MSC
CWDK,CLARESHOLM,CWDK,CWDK,71234,3031640,Canada,AB,50.003466,-113.64043,airport,geomet,MSC
CWDM,CHEVERY,CWDM,CWDM,71814,7041382,Canada,QC,50.464872,-59.639544,airport,geomet,MSC
CWDO,TWILLINGATE (AUT),CWDO,CWDO,71402,8404025,Canada,NL,49.688008,-54.80001,airport,geomet,MSC
CWDP,MANOUANE EST,CWDP,CWDP,71521,706I155,Canada,QC,50.656472,-70.532028,airport,geomet,MSC
CWDQ,LA TUQUE,CWDQ,CWDQ,71378,707DBD4,Canada,QC,47.410914,-72.787581,airport,geomet,MSC
CWDR,DISCOVERY ISLAND,CWDR,CWDR,71031,1012475,Canada,BC,48.4246,-123.225833,airport,geomet,MSC
CWDT,CHUTE-DES-PASSES,CWDT,CWDT,71522,7061541,Canada,QC,49.840138,-71.168333,airport,geomet,MSC
CWDU,COP UPPER,CWDU,CWDU,71235,3031875,Canada,AB,51.0762,-114.2225,airport,geomet,MSC
CWDV,UPSALA (AUT),CWDV,CWDV,71435,6049095,Canada,ON,49.036,-90.4613,airport,geomet,MSC
CWDW,ST ANTHONY,CWDW,CWDW,71558,8403399,Canada,NL,51.386961,-56.090042,airport,geomet,MSC
CWDZ,DRUMHELLER EAST,CWDZ,CWDZ,71237,30221LG,Canada,AB,51.4451,-112.6758,airport,geomet,MSC
CWEA,PINAWA,CWEA,CWEA,71448,503B1ER,Canada,MB,50.177455,-96.064588,airport,geomet,MSC
CWEB,ESTEVAN POINT CS,CWEB,CWEB,71894,1032731,Canada,BC,49.3832,-126.5447,airport,geomet,MSC
CWEC,WELCOME ISLAND (AUT),CWEC,CWEC,71751,6049443,Canada,ON,48.369485,-89.119559,airport,geomet,MSC
CWEE,CHAMOUCHOUANE,CWEE,CWEE,71523,7061288,Canada,QC,49.278305,-73.355861,airport,geomet,MSC
CWEH,EASTEND CYPRESS (AUT),CWEH,CWEH,71131,4032322,Canada,SK,49.43763,-108.98887,airport,geomet,MSC
CWEI,MELITA,CWEI,CWEI,71447,501A7AR,Canada,MB,49.281262,-100.986228,airport,geomet,MSC
CWEK,GREY ISLET (AUT),CWEK,CWEK,71476,1063303,Canada,BC,54.5803,-130.6978,airport,geomet,MSC
CWEL,ENTRANCE ISLAND,CWEL,CWEL,71772,1022689,Canada,BC,49.208664,-123.810536,airport,geomet,MSC
CWEO,LAC EON,CWEO,CWEO,71421,704C64L,Canada,QC,51.86738,-63.283231,airport,geomet,MSC
CWEP,EAST POINT (AUT),CWEP,CWEP,71412,8300418,Canada,PE,46.4596,-61.987842,airport,geomet,MSC
CWEQ,SWAN RIVER RCS,CWEQ,CWEQ,71443,504K80K,Canada,MB,52.115144,-101.232791,airport,geomet,MSC
CWEU,Eureka,CWEU,CWEU,71917,2401208,Canada,NU,79.9944,-85.8119,airport,geomet,NAV CANADA
CWEW,L'ASSOMPTION,CWEW,CWEW,71524,7014160,Canada,QC,45.809397,-73.434814,airport,geomet,MSC
CWEX,EMERSON AUTO,CWEX,CWEX,71560,5020881,Canada,MB,49.001525,-97.241702,airport,geomet,MSC
CWEZ,SATURNA ISLAND,CWEZ,CWEZ,71473,1017101,Canada,BC,48.783215,-123.045807,airport,geomet,MSC
CWFE,ELK ISLAND NAT PARK,CWFE,CWFE,71238,3012275,Canada,AB,53.682619,-112.868105,airport,geomet,MSC
CWFF,MELFORT,CWFF,CWFF,71456,4055079,Canada,SK,52.816274,-104.596511,airport,geomet,MSC
CWFG,SARTINE ISLAND (AUT),CWFG,CWFG,71478,1037090,Canada,BC,50.819384,-128.906201,airport,geomet,MSC
CWFJ,CARDSTON,CWFJ,CWFJ,71153,3031322,Canada,AB,49.2008,-113.2859,airport,geomet,MSC
CWFO,FLIN FLON,CWFO,CWFO,71954,5050919,Canada,MB,54.678101,-101.679182,airport,geomet,MSC
CWFP,NAIN,CWFP,CWFP,71665,8502799,Canada,NL,56.55,-61.6833,airport,geomet,MSC
CWFQ,FRELIGHSBURG,CWFQ,CWFQ,71373,7022579,Canada,QC,45.039571,-72.856107,airport,geomet,MSC
CWFW,BAIE-COMEAU,CWFW,CWFW,71829,704S001,Canada,QC,49.259088,-68.145631,airport,geomet,MSC
CWFX,COLVILLE LAKE,CWFX,CWFX,71055,2200824,Canada,NT,67.021574,-126.123204,airport,geomet,MSC
CWFZ,FORT RELIANCE (AUT),CWFZ,CWFZ,71160,2201903,Canada,NT,62.711303,-109.168219,airport,geomet,MSC
CWGB,BALLENAS ISLAND,CWGB,CWGB,71769,1020590,Canada,BC,49.350581,-124.160523,airport,geomet,MSC
CWGD,GODERICH,CWGD,CWGD,71261,6122847,Canada,ON,43.764791,-81.712275,airport,geomet,MSC
CWGF,GARDEN RIVER,CWGF,CWGF,71253,307KPFP,Canada,AB,58.7108,-113.8665,airport,geomet,MSC
CWGH,GRENADIER ISLAND,CWGH,CWGH,71281,6103024,Canada,ON,44.455,-75.862,airport,geomet,MSC
CWGM,WATERTON PARK GATE,CWGM,CWGM,71154,3056214,Canada,AB,49.131256,-113.808608,airport,geomet,MSC
CWGN,GRETNA (AUT),CWGN,CWGN,71441,5021220,Canada,MB,49.030841,-97.560191,airport,geomet,MSC
CWGP,PEMBERTON CS,CWGP,CWGP,71777,1086082,Canada,BC,50.305556,-122.733889,airport,geomet,MSC
CWGR,ILES DE LA MADELEINE,CWGR,CWGR,71710,7053KGR,Canada,QC,47.425132,-61.774659,airport,geomet,MSC
CWGT,SISTERS ISLAND,CWGT,CWGT,71781,1027403,Canada,BC,49.486437,-124.43487,airport,geomet,MSC
CWGW,SPARWOOD CS,CWGW,CWGW,71782,1157631,Canada,BC,49.745,-114.8839,airport,geomet,MSC
CWGX,GILLAM,CWGX,CWGX,73087,5060999,Canada,MB,56.35936,-94.70411,airport,geomet,MSC
CWGY,ESTHER 1,CWGY,CWGY,71240,301B460,Canada,AB,51.6697,-110.2061,airport,geomet,MSC
CWGZ,Grise Fiord,CWGZ,CWGZ,,2402360,Canada,NU,76.4258,-82.9081,airport,geomet,NAV CANADA
CWHC,VANCOUVER HARBOUR CS,CWHC,CWHC,71201,1108446,Canada,BC,49.295348,-123.121687,airport,geomet,MSC
CWHL,HOLLAND ROCK,CWHL,CWHL,71219,1063496,Canada,BC,54.1723,-130.361,airport,geomet,MSC
CWHO,HOPEDALE (AUT),CWHO,CWHO,71900,8502400,Canada,NL,55.45,-60.2167,airport,geomet,MSC
CWHQ,DESCHAMBAULT,CWHQ,CWHQ,71389,7011983,Canada,QC,46.690641,-71.971732,airport,geomet,MSC
CWHT,HAINES JUNCTION,CWHT,CWHT,71505,2100630,Canada,YT,60.772669,-137.580447,airport,geomet,MSC
CWHV,BEAUCEVILLE,CWHV,CWHV,71323,7028754,Canada,QC,46.204894,-70.785096,airport,geomet,MSC
CWID,FORT PROVIDENCE,CWID,CWID,71087,2201799,Canada,NT,61.317323,-117.599568,airport,geomet,MSC
CWIG,ISLE AUX GRUES,CWIG,CWIG,,701LBPH,Canada,QC,47.073513,-70.532908,airport,geomet,MSC
CWII,VICTORIA BEACH (AUT),CWII,CWII,71552,5032951,Canada,MB,50.694442,-96.562477,airport,geomet,MSC
CWIJ,LUPIN CS,CWIJ,CWIJ,71470,230N002,Canada,NU,65.755618,-111.245862,airport,geomet,MSC
CWIK,BROADVIEW,CWIK,CWIK,71861,4010879,Canada,SK,50.375747,-102.569282,airport,geomet,MSC
CWIP,POINTE NOIRE CS,CWIP,CWIP,71390,704Q003,Canada,QC,50.162399,-66.433959,airport,geomet,MSC
CWIS,CHARLEVOIX (MRC),CWIS,CWIS,71319,7041312,Canada,QC,47.284039,-70.637251,airport,geomet,MSC
CWIT,STE-CLOTILDE,CWIT,CWIT,71614,7027039,Canada,QC,45.166722,-73.6782,airport,geomet,MSC
CWIW,WATROUS EAST,CWIW,CWIW,71511,4018642,Canada,SK,51.667115,-105.398394,airport,geomet,MSC
CWIX,MISTOOK,CWIX,CWIX,71381,7065012,Canada,QC,48.598333,-71.715944,airport,geomet,MSC
CWIZ,L'ACADIE,CWIZ,CWIZ,71372,702LED4,Canada,QC,45.293967,-73.349847,airport,geomet,MSC
CWJB,STE-FOY (U. LAVAL),CWJB,CWJB,71392,701Q004,Canada,QC,46.780269,-71.287447,airport,geomet,MSC
CWJC,ENNADAI LAKE (AUT),CWJC,CWJC,71923,2301102,Canada,NU,61.131511,-100.883392,airport,geomet,MSC
CWJD,GRAND RAPIDS (AUT),CWJD,CWJD,71858,5031A10,Canada,MB,53.186681,-99.26813,airport,geomet,MSC
CWJH,SOUTHEND,CWJH,CWJH,71451,4067655,Canada,SK,56.337567,-103.286918,airport,geomet,MSC
CWJI,ASSINIBOIA AIRPORT,CWJI,CWJI,71487,4020286,Canada,SK,49.729471,-105.946243,airport,geomet,MSC
CWJL,FORT LIARD,CWJL,CWJL,71497,2201579,Canada,NT,60.235775,-123.472672,airport,geomet,MSC
CWJO,JONQUIERE,CWJO,CWJO,71617,7063370,Canada,QC,48.425026,-71.142508,airport,geomet,MSC
CWJR,CRESTON CAMPBELL SCIENTIFIC,CWJR,CWJR,71770,114B1F0,Canada,BC,49.081663,-116.500765,airport,geomet,MSC
CWJU,LANGARA ISLAND RCS,CWJU,CWJU,71903,1054503,Canada,BC,54.2553,-133.0583,airport,geomet,MSC
CWJV,VERNON AUTO,CWJV,CWJV,71115,1128582,Canada,BC,50.2233,-119.1936,airport,geomet,MSC
CWJW,JASPER WARDEN,CWJW,CWJW,71486,3053536,Canada,AB,52.926565,-118.029763,airport,geomet,MSC
CWJX,LEADER AIRPORT,CWJX,CWJX,71459,402DAF0,Canada,SK,50.876341,-109.501379,airport,geomet,MSC
CWKA,GRIEF POINT,CWKA,CWKA,,1043304,Canada,BC,49.800417,-124.518778,airport,geomet,MSC
CWKB,CORNER BROOK,CWKB,CWKB,71973,8401298,Canada,NL,48.93519,-57.909741,airport,geomet,MSC
CWKD,BONNARD 1,CWKD,CWKD,71383,7060826,Canada,QC,50.7289,-71.0131,airport,geomet,MSC
CWKF,LILLOOET,CWKF,CWKF,71999,1114619,Canada,BC,50.683714,-121.93411,airport,geomet,MSC
CWKG,KEJIMKUJIK 1,CWKG,CWKG,71599,8202592,Canada,NS,44.403155,-65.203064,airport,geomet,MSC
CWKK,LITTLE FLATLAND ISLAND (AUT),CWKK,CWKK,71468,6049470,Canada,ON,49.689923,-88.305732,airport,geomet,MSC
CWKO,ROCKGLEN (AUT),CWKO,CWKO,71135,4036844,Canada,SK,49.167983,-105.979313,airport,geomet,MSC
CWKV,Hope Slide,CWKV,CWKV,,1113582,Canada,BC,49.2833,-121.233,airport,geomet,NAV CANADA
CWKX,DEASE LAKE (AUT),CWKX,CWKX,71222,119BLM0,Canada,BC,58.425953,-130.024949,airport,geomet,MSC
CWLB,LAC LA BICHE CLIMATE,CWLB,CWLB,71316,3063686,Canada,AB,54.7689,-112.0236,airport,geomet,MSC
CWLC,LUCY ISLAND LIGHTSTATION,CWLC,CWLC,71220,1064728,Canada,BC,54.295897,-130.608628,airport,geomet,MSC
CWLE,LUCKY LAKE,CWLE,CWLE,71455,4024714,Canada,SK,50.95,-107.15,airport,geomet,MSC
CWLG,LITTLE CHICAGO,CWLG,CWLG,71164,220B6Q3,Canada,NT,67.179326,-130.228035,airport,geomet,MSC
CWLJ,MEADOW LAKE,CWLJ,CWLJ,71970,406N0NM,Canada,SK,54.128616,-108.510957,airport,geomet,MSC
CWLM,VICTORIA GONZALES CS,CWLM,CWLM,71200,1018611,Canada,BC,48.413302,-123.324775,airport,geomet,MSC
CWLP,HERBERT ISLAND (AUT),CWLP,CWLP,71485,1063461,Canada,BC,50.9399,-127.6322,airport,geomet,MSC
CWLS,MOUNT FOREST,CWLS,CWLS,71631,6145504,Canada,ON,43.989419,-80.744694,airport,geomet,MSC
CWLV,WASKESIU LAKE,CWLV,CWLV,71454,4068559,Canada,SK,53.914831,-106.069792,airport,geomet,MSC
CWLY,Lytton,CWLY,CWLY,71812,1114738,Canada,BC,50.2333,-121.567,airport,geomet,NAV CANADA
CWME,CATHEDRAL POINT (AUT),CWME,CWME,71482,1061458,Canada,BC,52.187475,-127.471103,airport,geomet,MSC
CWMI,MISCOU ISLAND (AUT),CWMI,CWMI,71719,8103050,Canada,NB,48.008944,-64.494237,airport,geomet,MSC
CWMJ,MANIWAKI AIRPORT,CWMJ,CWMJ,71721,7034482,Canada,QC,46.273566,-75.987758,airport,geomet,MSC
CWMM,PITT MEADOWS CS,CWMM,CWMM,71775,1106178,Canada,BC,49.208307,-122.690076,airport,geomet,MSC
CWMQ,MAPLE CREEK,CWMQ,CWMQ,71453,4024919,Canada,SK,49.902487,-109.466414,airport,geomet,MSC
CWMT,WHATI,CWMT,CWMT,71163,2202678,Canada,NT,63.1343,-117.244497,airport,geomet,MSC
CWMX,MILDRED LAKE,CWMX,CWMX,71255,3064528,Canada,AB,57.040376,-111.559334,airport,geomet,MSC
CWMZ,WESTERN ISLAND (AUT),CWMZ,CWMZ,71438,6119M51,Canada,ON,45.036759,-80.354358,airport,geomet,MSC
CWNC,COBOURG (AUT),CWNC,CWNC,71431,6151684,Canada,ON,43.9561,-78.151,airport,geomet,MSC
CWNE,NORTH CAPE,CWNE,CWNE,71987,8300516,Canada,PE,47.058128,-63.997069,airport,geomet,MSC
CWNH,RIVIERE-DU-LOUP,CWNH,CWNH,71715,7056616,Canada,QC,47.806084,-69.548447,airport,geomet,MSC
CWNK,CARMAN U OF M CS,CWNK,CWNK,71147,502I001,Canada,MB,49.498195,-98.029732,airport,geomet,MSC
CWNM,NELSON CS,CWNM,CWNM,71776,1145M29,Canada,BC,49.4914,-117.3053,airport,geomet,MSC
CWNO,Pink Mountain,CWNO,CWNO,,1186173,Canada,BC,56.5607,-122.717,airport,geomet,NAV CANADA
CWNP,NAKUSP AIRPORT,CWNP,CWNP,71216,1145297,Canada,BC,50.263627,-117.811614,airport,geomet,MSC
CWNQ,NICOLET,CWNQ,CWNQ,71723,7025442,Canada,QC,46.225979,-72.657072,airport,geomet,MSC
CWNS,NORTHEAST MARGAREE,CWNS,CWNS,73027,8204154,Canada,NS,46.368502,-60.976133,airport,geomet,MSC
CWNV,MACMILLAN PASS,CWNV,CWNV,71990,2100693,Canada,YT,63.24366,-130.037282,airport,geomet,MSC
CWNZ,NAGAGAMI (AUT),CWNZ,CWNZ,71832,6075543,Canada,ON,49.747129,-84.163621,airport,geomet,MSC
CWOC,NEW CARLISLE 1,CWOC,CWOC,71619,7055422,Canada,QC,48.011975,-65.331674,airport,geomet,MSC
CWOD,NORMANDIN,CWOD,CWOD,71379,7065639,Canada,QC,48.841979,-72.54643,airport,geomet,MSC
CWOE,ONEFOUR CDA,CWOE,CWOE,71116,3044923,Canada,AB,49.122958,-110.469033,airport,geomet,MSC
CWOI,IVVAVIK NAT. PARK,CWOI,CWOI,71978,2100660,Canada,YT,69.1644,-140.15,airport,geomet,MSC
CWOJ,OAK POINT MARINE,CWOJ,CWOJ,71144,504K0NM,Canada,MB,50.499494,-98.036614,airport,geomet,MSC
CWOK,ELBOW CS,CWOK,CWOK,71450,4022359,Canada,SK,51.125731,-106.582299,airport,geomet,MSC
CWON,DAWSON,CWON,CWON,71966,2100LRP,Canada,YT,64.044442,-139.126937,airport,geomet,MSC
CWOO,MCCREARY,CWOO,CWOO,71149,5043158,Canada,MB,50.711861,-99.530045,airport,geomet,MSC
CWOY,WYNYARD (AUT),CWOY,CWOY,71865,40190LN,Canada,SK,51.765816,-104.19242,airport,geomet,MSC
CWPA,HENDRICKSON CREEK,CWPA,CWPA,71979,3063135,Canada,AB,53.794258,-118.444831,airport,geomet,MSC
CWPC,PORT COLBORNE (AUT),CWPC,CWPC,71463,613F606,Canada,ON,42.8667,-79.25,airport,geomet,MSC
CWPD,L'ETAPE,CWPD,CWPD,71382,7015791,Canada,QC,47.562227,-71.22901,airport,geomet,MSC
CWPE,POINT LEPREAU CS,CWPE,CWPE,71699,8104201,Canada,NB,45.059305,-66.457924,airport,geomet,MSC
CWPF,ESQUIMALT HARBOUR,CWPF,CWPF,71798,1012710,Canada,BC,48.431972,-123.439333,airport,geomet,MSC
CWPG,PORTAGE SOUTHPORT,CWPG,CWPG,71851,5012324,Canada,MB,49.903044,-98.283776,airport,geomet,MSC
CWPK,PARENT,CWPK,CWPK,71726,7075800,Canada,QC,47.922492,-74.624283,airport,geomet,MSC
CWPL,PICKLE LAKE (AUT),CWPL,CWPL,71835,6016525,Canada,ON,51.4492,-90.2181,airport,geomet,MSC
CWPN,PEMBERTON AIRPORT (WINDS),CWPN,CWPN,,1086081,Canada,BC,50.30251,-122.742199,airport,geomet,MSC
CWPO,PILOT MOUND (AUT),CWPO,CWPO,71148,5022125,Canada,MB,49.187931,-98.906368,airport,geomet,MSC
CWPR,PRINCETON CS,CWPR,CWPR,71032,112FN0M,Canada,BC,49.465159,-120.514858,airport,geomet,MSC
CWPS,LONG POINT (AUT),CWPS,CWPS,71464,6134F10,Canada,ON,42.5486,-80.0494,airport,geomet,MSC
CWPU,PUNTZI MOUNTAIN AIRPORT (AUT),CWPU,CWPU,71050,1086558,Canada,BC,52.108869,-124.152797,airport,geomet,MSC
CWPZ,BURNS LAKE DECKER LAKE,CWPZ,CWPZ,71952,1091174,Canada,BC,54.383092,-125.95879,airport,geomet,MSC
CWQB,QUEBEC/JEAN LESAGE INTL,CWQB,CWQB,71714,701S001,Canada,QC,46.803625,-71.381678,airport,geomet,MSC
CWQC,PORT ALBERNI AIRPORT (AUT),CWQC,CWQC,71475,1036B06,Canada,BC,49.316698,-124.926912,airport,geomet,MSC
CWQD,POINTE DE L'ISLET,CWQD,CWQD,71190,7046059,Canada,QC,48.135354,-69.716525,airport,geomet,MSC
CWQF,RABBIT KETTLE,CWQF,CWQF,71980,2203342,Canada,NT,61.9631,-127.2092,airport,geomet,MSC
CWQH,LENNOXVILLE,CWQH,CWQH,71611,7024280,Canada,QC,45.368586,-71.823501,airport,geomet,MSC
CWQK,RACE ROCKS,CWQK,CWQK,71778,1016640,Canada,BC,48.297992,-123.531394,airport,geomet,MSC
CWQL,LETHBRIDGE CDA,CWQL,CWQL,71243,3033890,Canada,AB,49.695142,-112.767712,airport,geomet,MSC
CWQM,CAP-ROUGE,CWQM,CWQM,71186,7041166,Canada,QC,48.374533,-70.535259,airport,geomet,MSC
CWQO,ILE BIQUETTE,CWQO,CWQO,71385,705LKPQ,Canada,QC,48.415212,-68.892907,airport,geomet,MSC
CWQP,POINT PETRE (AUT),CWQP,CWQP,71430,6156559,Canada,ON,43.8395,-77.1515,airport,geomet,MSC
CWQQ,LACOMBE CDA 2,CWQQ,CWQQ,71242,3023722,Canada,AB,52.448986,-113.756766,airport,geomet,MSC
CWQR,ILE AUX PERROQUETS,CWQR,CWQR,71375,7043B79,Canada,QC,50.220664,-64.207262,airport,geomet,MSC
CWQS,KINDAKUN ROCKS (AUT),CWQS,CWQS,71472,1054222,Canada,BC,53.3156,-132.772,airport,geomet,MSC
CWQV,POINTE CLAVEAU,CWQV,CWQV,71189,704607C,Canada,QC,48.260464,-70.114542,airport,geomet,MSC
CWQW,CAPE WHITTLE,CWQW,CWQW,71374,7041100,Canada,QC,50.162833,-60.061603,airport,geomet,MSC
CWQY,HANBURY RIVER,CWQY,CWQY,71963,2202351,Canada,NT,63.590782,-105.154276,airport,geomet,MSC
CWRA,CAPE RACE (AUT),CWRA,CWRA,71800,8401000,Canada,NL,46.660197,-53.075415,airport,geomet,MSC
CWRD,RED EARTH,CWRD,CWRD,71246,3075488,Canada,AB,56.552,-115.2778,airport,geomet,MSC
CWRJ,ROSETOWN EAST,CWRJ,CWRJ,71510,4046884,Canada,SK,51.565288,-107.923609,airport,geomet,MSC
CWRK,BANCROFT AUTO,CWRK,CWRK,71294,616I001,Canada,ON,45.071498,-77.879936,airport,geomet,MSC
CWRM,ROCKY MTN HOUSE (AUT),CWRM,CWRM,71928,3015523,Canada,AB,52.42131,-114.911984,airport,geomet,MSC
CWRN,HART ISLAND (AUT),CWRN,CWRN,71419,8202318,Canada,NS,45.343109,-60.98933,airport,geomet,MSC
CWRO,ROSE SPIT (AUT),CWRO,CWRO,71477,1056869,Canada,BC,54.1591,-131.6613,airport,geomet,MSC
CWRR,ROCK RIVER,CWRR,CWRR,71506,2100935,Canada,YT,66.981266,-136.220922,airport,geomet,MSC
CWRT,CROWSNEST,CWRT,CWRT,71236,3051R4R,Canada,AB,49.627648,-114.481964,airport,geomet,MSC
CWRU,SOLANDER ISLAND (AUT),CWRU,CWRU,71479,1037553,Canada,BC,50.111508,-127.940311,airport,geomet,MSC
CWRV,CAMROSE,CWRV,CWRV,71254,3011240,Canada,AB,53.042863,-112.821616,airport,geomet,MSC
CWRY,MILK RIVER,CWRY,CWRY,71244,3044533,Canada,AB,49.133997,-112.051044,airport,geomet,MSC
CWRZ,CAP-D'ESPOIR,CWRZ,CWRZ,71429,7051050,Canada,QC,48.419409,-64.316844,airport,geomet,MSC
CWSA,Sable Island,CWSA,CWSA,71595,8204703,Canada,NS,43.9294,-59.9597,airport,geomet,NAV CANADA
CWSB,POINT ATKINSON,CWSB,CWSB,71037,1106200,Canada,BC,49.330352,-123.264704,airport,geomet,MSC
CWSD,SUMMERSIDE,CWSD,CWSD,71702,8300596,Canada,PE,46.441269,-63.837379,airport,geomet,MSC
CWSF,CAP-MADELEINE,CWSF,CWSF,71425,7051163,Canada,QC,49.25072,-65.324634,airport,geomet,MSC
CWSG,CAP-CHAT,CWSG,CWSG,71428,705S002,Canada,QC,49.109068,-66.654533,airport,geomet,MSC
CWSK,SQUAMISH AIRPORT,CWSK,CWSK,71207,10476F0,Canada,BC,49.78319,-123.161232,airport,geomet,MSC
CWSL,SALMON ARM CS,CWSL,CWSL,71218,116FRMN,Canada,BC,50.703051,-119.290659,airport,geomet,MSC
CWSN,LONDON CS,CWSN,CWSN,71622,6144478,Canada,ON,43.026833,-81.14875,airport,geomet,MSC
CWSQ,NANGMAGVIK LAKE,CWSQ,CWSQ,71974,2500440,Canada,NT,74.139236,-119.991597,airport,geomet,MSC
CWSR,SPIRITWOOD WEST,CWSR,CWSR,71133,4067723,Canada,SK,53.366186,-107.556173,airport,geomet,MSC
CWSS,ST STEPHEN,CWSS,CWSS,71607,8104935,Canada,NB,45.2102,-67.2529,airport,geomet,MSC
CWST,LA POCATIERE,CWST,CWST,71713,7054096,Canada,QC,47.353955,-70.029211,airport,geomet,MSC
CWSU,SPRAGUE,CWSU,CWSU,71449,5022759,Canada,MB,49.023812,-95.59836,airport,geomet,MSC
CWSV,BLUE RIVER CS,CWSV,CWSV,71883,1160H99,Canada,BC,52.128917,-119.289848,airport,geomet,MSC
CWSW,Sparwood/Elk Valley,CWSW,CWSW,,1157635,Canada,BC,49.8334,-114.884,airport,geomet,NAV CANADA
CWSY,SACHS HARBOUR CLIMATE,CWSY,CWSY,71467,2503648,Canada,NT,71.991598,-125.243112,airport,geomet,MSC
CWSZ,FISHER BRANCH (AUT),CWSZ,CWSZ,71442,50309J6,Canada,MB,51.083421,-97.554481,airport,geomet,MSC
CWTA,MCTAVISH,CWTA,CWTA,71612,7024745,Canada,QC,45.504926,-73.579185,airport,geomet,MSC
CWTD,ROBERTSON LAKE (AUT),CWTD,CWTD,71490,2303610,Canada,NU,65.099298,-102.429464,airport,geomet,MSC
CWTE,SAMBAA K'E,CWTE,CWTE,71166,220CQHR,Canada,NT,60.428916,-121.258611,airport,geomet,MSC
CWTG,POINTE-DES-MONTS,CWTG,CWTG,71427,704F0PN,Canada,QC,49.316667,-67.381165,airport,geomet,MSC
CWTH,Tetsa River,CWTH,CWTH,,1195800,Canada,BC,58.65,-123.95,airport,geomet,NAV CANADA
CWTM,MARTICOT ISLAND,CWTM,CWTM,71692,840KN90,Canada,NL,47.328252,-54.584197,airport,geomet,MSC
CWTN,CAP-TOURMENTE,CWTN,CWTN,71384,7041JG6,Canada,QC,47.0786,-70.7808,airport,geomet,MSC
CWTQ,MONTREAL/PIERRE ELLIOTT TRUDEAU INTL,CWTQ,CWTQ,71183,702S006,Canada,QC,45.467803,-73.741886,airport,geomet,MSC
CWTS,SCOTT CDA,CWTS,CWTS,71489,4047240,Canada,SK,52.359879,-108.834815,airport,geomet,MSC
CWTT,LAC MEMPHREMAGOG,CWTT,CWTT,,702CFGG,Canada,QC,45.267642,-72.161687,airport,geomet,MSC
CWTX,ROYAL ISLAND (AUT),CWTX,CWTX,71859,6037201,Canada,ON,49.468506,-94.763124,airport,geomet,MSC
CWTY,TROIS-RIVIERES,CWTY,CWTY,71724,7018562,Canada,QC,46.353632,-72.515573,airport,geomet,MSC
CWUK,CHAPAIS,CWUK,CWUK,71824,7091299,Canada,QC,49.822269,-74.975442,airport,geomet,MSC
CWUM,FARO (AUT),CWUM,CWUM,71949,2100518,Canada,YT,62.210538,-133.384957,airport,geomet,MSC
CWUS,SUMMERLAND CS,CWUS,CWUS,71768,112G8L1,Canada,BC,49.559178,-119.645871,airport,geomet,MSC
CWUT,SHOAL LAKE CS,CWUT,CWUT,71150,5012654,Canada,MB,50.454384,-100.603479,airport,geomet,MSC
CWUX,LA BAIE,CWUX,CWUX,71388,706Q001,Canada,QC,48.29808,-70.9195,airport,geomet,MSC
CWUY,ROUYN,CWUY,CWUY,71734,7086716,Canada,QC,48.245827,-79.0338,airport,geomet,MSC
CWVC,SWIFT CURRENT CDA,CWVC,CWVC,71446,4028060,Canada,SK,50.259963,-107.736532,airport,geomet,MSC
CWVF,SANDHEADS CS,CWVF,CWVF,71209,1107010,Canada,BC,49.105909,-123.303374,airport,geomet,MSC
CWVI,VEGREVILLE,CWVI,CWVI,71458,3016GF0,Canada,AB,53.5053,-112.0978,airport,geomet,MSC
CWVN,VAL MARIE SOUTHEAST,CWVN,CWVN,71137,4038412,Canada,SK,49.058184,-107.585804,airport,geomet,MSC
CWVP,CYPRESS HILLS PARK,CWVP,CWVP,71139,4031999,Canada,SK,49.640903,-109.514718,airport,geomet,MSC
CWVQ,STE-ANNE-DE-BELLEVUE 1,CWVQ,CWVQ,71377,702FHL8,Canada,QC,45.427,-73.92892,airport,geomet,MSC
CWVT,BUFFALO NARROWS (AUT),CWVT,CWVT,71077,4060983,Canada,SK,55.8406,-108.4206,airport,geomet,MSC
CWVU,BRIER ISLAND,CWVU,CWVU,71988,8200604,Canada,NS,44.285664,-66.342409,airport,geomet,MSC
CWVW,GRATES COVE,CWVW,CWVW,71336,840B053,Canada,NL,48.169918,-52.938704,airport,geomet,MSC
CWWA,WEST VANCOUVER AUT,CWWA,CWWA,71784,1108824,Canada,BC,49.347059,-123.193392,airport,geomet,MSC
CWWB,BURLINGTON PIER,CWWB,CWWB,71437,6151061,Canada,ON,43.300458,-79.7916,airport,geomet,MSC
CWWC,COLLINS BAY,CWWC,CWWC,71075,4061620,Canada,SK,58.228968,-103.677934,airport,geomet,MSC
CWWE,WESTERN HEAD,CWWE,CWWE,71411,8206240,Canada,NS,43.99,-64.664167,airport,geomet,MSC
CWWF,WEYBURN,CWWF,CWWF,71452,401HP5R,Canada,SK,49.694566,-103.800814,airport,geomet,MSC
CWWK,WHITE ROCK,CWWK,CWWK,71785,1108910,Canada,BC,49.0181,-122.7839,airport,geomet,MSC
CWWL,BONILLA ISLAND (AUT),CWWL,CWWL,71484,1060R0K,Canada,BC,53.4929,-130.639,airport,geomet,MSC
CWWN,PEAWANUCK (AUT),CWWN,CWWN,71434,6016295,Canada,ON,54.99032,-85.44067,airport,geomet,MSC
CWWO,WILLOW CREEK 1,CWWO,CWWO,71252,306GE70,Canada,AB,53.385436,-118.347672,airport,geomet,MSC
CWWP,WASAGAMING,CWWP,CWWP,71444,5013117,Canada,MB,50.655184,-99.941732,airport,geomet,MSC
CWWQ,Muncho Lake,CWWQ,CWWQ,,1195251,Canada,BC,59.0167,-125.767,airport,geomet,NAV CANADA
CWWS,GEORGE ISLAND (AUT),CWWS,CWWS,71445,5030984,Canada,MB,52.818739,-97.616445,airport,geomet,MSC
CWWZ,PORT WELLER (AUT),CWWZ,CWWZ,71432,6136699,Canada,ON,43.244087,-79.217781,airport,geomet,MSC
CWXA,BOW VALLEY,CWXA,CWXA,71232,3050778,Canada,AB,51.082784,-115.066732,airport,geomet,MSC
CWXB,ROBLIN,CWXB,CWXB,71553,5012469,Canada,MB,51.1833,-101.3628,airport,geomet,MSC
CWXC,ONATCHIWAY,CWXC,CWXC,71387,7065738,Canada,QC,48.894154,-71.03168,airport,geomet,MSC
CWXG,LAST MOUNTAIN CS,CWXG,CWXG,71556,4014156,Canada,SK,51.41568,-105.242431,airport,geomet,MSC
CWXI,FEROLLE POINT (AUT),CWXI,CWXI,71406,8401565,Canada,NL,51.022587,-57.09507,airport,geomet,MSC
CWXL,BOW ISLAND,CWXL,CWXL,71231,3030768,Canada,AB,49.734252,-111.450088,airport,geomet,MSC
CWXN,STAVELY AAFC,CWXN,CWXN,71555,3036099,Canada,AB,50.189713,-113.88878,airport,geomet,MSC
CWXP,PANGNIRTUNG,CWXP,CWXP,71826,2403049,Canada,NU,66.143403,-65.711348,airport,geomet,MSC
CWXS,BAS CARAQUET,CWXS,CWXS,71598,8100467,Canada,NB,47.802436,-64.833488,airport,geomet,MSC
CWYE,OUTLOOK PFRA,CWYE,CWYE,71551,4055736,Canada,SK,51.476096,-107.05424,airport,geomet,MSC
CWYF,THOMSEN RIVER,CWYF,CWYF,71916,2503886,Canada,NT,73.231245,-119.54115,airport,geomet,MSC
CWYH,GAMETI,CWYH,CWYH,71165,2203359,Canada,NT,64.115005,-117.31299,airport,geomet,MSC
CWYI,POOLS ISLAND,CWYI,CWYI,71931,840BR7C,Canada,NL,49.113058,-53.582903,airport,geomet,MSC
CWYJ,VICTORIA UNIVERSITY CS,CWYJ,CWYJ,71783,1018598,Canada,BC,48.45692,-123.304635,airport,geomet,MSC
CWYQ,POINTE-AU-PERE (INRS),CWYQ,CWYQ,71554,7056068,Canada,QC,48.51391,-68.468336,airport,geomet,MSC
CWYW,ARMSTRONG (AUT),CWYW,CWYW,71841,6040325,Canada,ON,50.293575,-88.905397,airport,geomet,MSC
CWYY,OSOYOOS CS,CWYY,CWYY,71215,1125852,Canada,BC,49.028292,-119.441041,airport,geomet,MSC
CWZA,AGASSIZ RCS,CWZA,CWZA,71113,1100119,Canada,BC,49.242801,-121.75975,airport,geomet,MSC
CWZE,CARBERRY CS,CWZE,CWZE,71170,5010547,Canada,MB,49.905637,-99.357092,airport,geomet,MSC
CWZG,BANFF CS,CWZG,CWZG,71122,3050519,Canada,AB,51.193404,-115.55249,airport,geomet,MSC
CWZL,CUMSHEWA ISLAND,CWZL,CWZL,71771,1062251,Canada,BC,53.0303,-131.6014,airport,geomet,MSC
CWZN,SAGONA ISLAND,CWZN,CWZN,71408,8403255,Canada,NL,47.367605,-55.79485,airport,geomet,MSC
CWZO,KELP REEFS,CWZO,CWZO,,1013998,Canada,BC,48.5476,-123.2369,airport,geomet,MSC
CWZQ,GRAND ETANG,CWZQ,CWZQ,73030,8201969,Canada,NS,46.549144,-61.040315,airport,geomet,MSC
CWZR,MARGARET LAKE,CWZR,CWZR,71977,2100697,Canada,YT,68.8006,-140.8475,airport,geomet,MSC
CWZT,DAUPHIN CS,CWZT,CWZT,71550,5040681,Canada,MB,51.100387,-100.057345,airport,geomet,MSC
CWZU,SHEARWATER JETTY,CWZU,CWZU,71330,8205093,Canada,NS,44.627497,-63.522088,airport,geomet,DND
CWZW,TESLIN (AUT),CWZW,CWZW,71045,2101102,Canada,YT,60.174602,-132.733739,airport,geomet,MSC
CWZZ,SAGLEK,CWZZ,CWZZ,71335,8503249,Canada,NL,58.3333,-62.58556,airport,geomet,DND
CXAR,ARVIAT CLIMATE,CXAR,CXAR,71322,2301153,Canada,NU,61.098323,-94.068804,airport,geomet,MSC
CXAT,ARCTIC BAY CS,CXAT,CXAT,71592,2400404,Canada,NU,72.99275,-85.011575,airport,geomet,MSC
CXBD,BARRHEAD CS,CXBD,CXBD,71061,3060535,Canada,AB,54.095269,-114.451272,airport,geomet,MSC
CXBI,BARRIE-ORO,CXBI,CXBI,71314,6117700,Canada,ON,44.48444,-79.546408,airport,geomet,MSC
CXBK,BRATT'S LAKE CLIMATE,CXBK,CXBK,71569,4010811,Canada,SK,50.200598,-104.711399,airport,geomet,MSC
CXBL,BAKER LAKE CLIMATE,CXBL,CXBL,71356,2300501,Canada,NU,64.318981,-96.001642,airport,geomet,MSC
CXBO,BEAUPORT,CXBO,CXBO,71578,7010565,Canada,QC,46.836997,-71.197339,airport,geomet,MSC
CXBQ,TADOULE LAKE CS,CXBQ,CXBQ,71334,5062840,Canada,MB,58.70925,-98.500917,airport,geomet,MSC
CXCA,CAMERON FALLS (AUT),CXCA,CXCA,71291,6041110,Canada,ON,49.154002,-88.344576,airport,geomet,MSC
CXCK,CARMACKS CS,CXCK,CXCK,71039,2100301,Canada,YT,62.11499,-136.191823,airport,geomet,MSC
CXCM,CAMBRIDGE BAY GSN,CXCM,CXCM,71288,2400602,Canada,NU,69.106583,-105.115652,airport,geomet,MSC
CXDE,DELINE CS,CXDE,CXDE,71503,2201022,Canada,NT,65.208678,-123.433316,airport,geomet,MSC
CXDI,DELHI CS,CXDI,CXDI,71573,6131983,Canada,ON,42.863568,-80.545198,airport,geomet,MSC
CXDK,DEADMEN VALLEY,CXDK,CXDK,71021,22010H0,Canada,NT,61.257263,-124.466969,airport,geomet,MSC
CXDW,DEERWOOD RCS,CXDW,CXDW,71840,5020725,Canada,MB,49.399562,-98.319652,airport,geomet,MSC
CXEA,EAR FALLS (AUT),CXEA,CXEA,71295,6012199,Canada,ON,50.630787,-93.213875,airport,geomet,MSC
CXEC,EDMONTON BLATCHFORD,CXEC,CXEC,71157,3012209,Canada,AB,53.586055,-113.509719,airport,geomet,MSC
CXEG,EDMONTON INTERNATIONAL CS,CXEG,CXEG,71155,3012206,Canada,AB,53.30668,-113.606161,airport,geomet,MSC
CXEL,EGG ISLAND,CXEL,CXEL,71404,3072246,Canada,AB,58.9814,-110.4395,airport,geomet,MSC
CXET,EGBERT CS,CXET,CXET,71296,611E001,Canada,ON,44.233,-79.78,airport,geomet,MSC
CXFA,FANNY ISLAND,CXFA,CXFA,71568,1022795,Canada,BC,50.453517,-125.992895,airport,geomet,MSC
CXFB,IQALUIT CLIMATE,CXFB,CXFB,71321,2402592,Canada,NU,63.747809,-68.544293,airport,geomet,MSC
CXFV,FORT VERMILION,CXFV,CXFV,71024,3072723,Canada,AB,58.3823,-116.0402,airport,geomet,MSC
CXGD,GANDER AIRPORT CS,CXGD,CXGD,71742,8401705,Canada,NL,48.946334,-54.567508,airport,geomet,MSC
CXGH,GIMLI HARBOUR CS,CXGH,CXGH,71577,5031041,Canada,MB,50.631011,-96.981661,airport,geomet,MSC
CXGM,GRAND MANAN SAR CS,CXGM,CXGM,71030,8101925,Canada,NB,44.712156,-66.801406,airport,geomet,MSC
CXHA,HARROW CDA AUTO,CXHA,CXHA,71298,6133362,Canada,ON,42.033021,-82.895994,airport,geomet,MSC
CXHI,ULUKHAKTOK,CXHI,CXHI,71029,2502505,Canada,NT,70.761452,-117.799964,airport,geomet,MSC
CXHM,HAMILTON RBG CS,CXHM,CXHM,71297,6153301,Canada,ON,43.286452,-79.905161,airport,geomet,MSC
CXIB,INGONISH BEACH,CXIB,CXIB,71027,8202502,Canada,NS,46.662775,-60.406411,airport,geomet,MSC
CXKA,KAPUSKASING CDA ON,CXKA,CXKA,71299,6073980,Canada,ON,49.405171,-82.442848,airport,geomet,MSC
CXKE,KEMPTVILLE CS,CXKE,CXKE,71300,6104027,Canada,ON,45.005193,-75.637602,airport,geomet,MSC
CXKI,KIRKLAND LAKE,CXKI,CXKI,71301,6074207,Canada,ON,48.088056,-80.061667,airport,geomet,MSC
CXKT,KENTVILLE CDA,CXKT,CXKT,71671,8202810,Canada,NS,45.067305,-64.477603,airport,geomet,MSC
CXLB,LUNENBURG,CXLB,CXLB,,8203210,Canada,NS,44.360682,-64.296016,airport,geomet,MSC
CXLL,LINDBERG LANDING,CXLL,CXLL,71682,220N003,Canada,NT,61.12473,-122.852741,airport,geomet,MSC
CXLT,LATERRIÈRE,CXLT,CXLT,71040,7064181,Canada,QC,48.307184,-71.128934,airport,geomet,MSC
CXMD,MORDEN CDA CS,CXMD,CXMD,71564,5021849,Canada,MB,49.187556,-98.083967,airport,geomet,MSC
CXMI,MCNABS ISLAND (AUT),CXMI,CXMI,,8203478,Canada,NS,44.6024,-63.5329,airport,geomet,MSC
CXMM,FORT MCMURRAY CS,CXMM,CXMM,71585,3062696,Canada,AB,56.649963,-111.220947,airport,geomet,MSC
CXMP,MAPLE PLAINS,CXMP,CXMP,,8305500,Canada,PE,46.302878,-63.575821,airport,geomet,MSC
CXMW,MEDICINE HAT RCS,CXMW,CXMW,71026,3034485,Canada,AB,50.0251,-110.7173,airport,geomet,MSC
CXMY,MALAY FALLS,CXMY,CXMY,73029,8203405,Canada,NS,44.986936,-62.483295,airport,geomet,MSC
CXND,NORDEGG CS,CXND,CXND,71060,3054843,Canada,AB,52.491962,-116.040044,airport,geomet,MSC
CXNM,NORTH MOUNTAIN,CXNM,CXNM,71604,8204161,Canada,NS,46.81773,-60.671617,airport,geomet,MSC
CXNP,NAPPAN AUTO,CXNP,CXNP,71311,8203702,Canada,NS,45.759497,-64.241444,airport,geomet,MSC
CXOA,OTTAWA CDA RCS,CXOA,CXOA,71063,6105978,Canada,ON,45.382369,-75.714017,airport,geomet,MSC
CXOX,LA RONGE RCS,CXOX,CXOX,71586,4064149,Canada,SK,55.146489,-105.270085,airport,geomet,MSC
CXPC,PARRY SOUND CCG,CXPC,CXPC,71172,6116257,Canada,ON,45.344233,-80.041919,airport,geomet,MSC
CXPS,EDMONTON STONY PLAIN CS,CXPS,CXPS,71127,301A001,Canada,AB,53.547402,-114.107855,airport,geomet,MSC
CXPT,POINT PELEE CS,CXPT,CXPT,71303,613P001,Canada,ON,41.948753,-82.519173,airport,geomet,MSC
CXQH,WATSON LAKE (AUT),CXQH,CXQH,71199,2101204,Canada,YT,60.116086,-128.831433,airport,geomet,MSC
CXRB,RESOLUTE CS,CXRB,CXRB,71018,2403505,Canada,NU,74.706301,-94.967552,airport,geomet,MSC
CXRG,RIDGETOWN RCS,CXRG,CXRG,71307,6137154,Canada,ON,42.453657,-81.886518,airport,geomet,MSC
CXRH,BERRY HILL,CXRH,CXRH,71588,8400506,Canada,NL,49.619796,-57.919215,airport,geomet,MSC
CXSE,STEFANSSON ISLAND,CXSE,CXSE,71017,2403756,Canada,NU,73.765789,-105.295426,airport,geomet,MSC
CXSH,SHAWINIGAN,CXSH,CXSH,71370,7018001,Canada,QC,46.563526,-72.733369,airport,geomet,MSC
CXTD,TRACADIE,CXTD,CXTD,71308,8205895,Canada,NS,45.608391,-61.678913,airport,geomet,MSC
CXTL,TATLAYOKO LAKE RCS,CXTL,CXTL,71028,1088015,Canada,BC,51.674525,-124.40309,airport,geomet,MSC
CXTN,TUKTUT NOGAIT,CXTN,CXTN,71492,2203918,Canada,NT,69.1989,-122.3592,airport,geomet,MSC
CXTO,TORONTO CITY,CXTO,CXTO,71508,6158355,Canada,ON,43.665,-79.395,airport,geomet,MSC
CXTP,TERRA NOVA NAT PARK CS,CXTP,CXTP,71589,8403851,Canada,NL,48.557257,-53.973034,airport,geomet,MSC
CXTV,TRAIL VALLEY,CXTV,CXTV,71683,220N005,Canada,NT,68.746245,-133.502305,airport,geomet,MSC
CXUX,SANIRAJAK,CXUX,CXUX,71320,2402353,Canada,NU,68.775086,-81.228675,airport,geomet,MSC
CXVN,VINELAND STATION RCS,CXVN,CXVN,71171,6139148,Canada,ON,43.190869,-79.398594,airport,geomet,MSC
CXWB,WAGER BAY (AUT),CXWB,CXWB,71049,2403945,Canada,NU,65.879305,-89.445688,airport,geomet,MSC
CXWF,WARFIELD RCS,CXWF,CXWF,71401,1148705,Canada,BC,49.112211,-117.738333,airport,geomet,MSC
CXWG,WINNIPEG 'A' CS,CXWG,CXWG,71849,502S001,Canada,MB,49.915758,-97.24949,airport,geomet,MSC
CXWN,WINNIPEG THE FORKS,CXWN,CXWN,71579,5023262,Canada,MB,49.8883,-97.1294,airport,geomet,MSC
CXYH,YOHIN,CXYH,CXYH,71020,2204300,Canada,NT,61.2419,-123.7417,airport,geomet,MSC
CXZC,MOOSONEE RCS,CXZC,CXZC,71309,6075429,Canada,ON,51.256974,-80.663612,airport,geomet,MSC
CXZV,SEPT-ILES,CXZV,CXZV,71279,7047914,Canada,QC,50.218057,-66.241435,airport,geomet,MSC
CYA,Chipewyan Lakes Auto,CYA,CYA,,AB-MAF_CYA,Canada,AB,56.994,-113.424,airport,geomet,MSC
CYAB,Arctic Bay,CYAB,CYAB,,2400399,Canada,NU,73.0064,-85.0473,airport,geomet,NAV CANADA
CYAH,La Grande 4,CYAH,CYAH,71003,7093714,Canada,QC,53.7547,-73.6753,airport,geomet,NAV CANADA
CYAM,Sault Ste Marie,CYAM,CYAM,71260,6057591,Canada,ON,46.4851,-84.5096,airport,geomet,NAV CANADA
CYAS,Kangirsuk,CYAS,CYAS,,7113384,Canada,QC,60.0272,-69.9992,airport,geomet,NAV CANADA
CYAT,Attawapiskat,CYAT,CYAT,71653,6010400,Canada,ON,52.9276,-82.432,airport,geomet,NAV CANADA
CYAV,Winnipeg/St. Andrews,CYAV,CYAV,,50225DS,Canada,MB,50.0564,-97.0325,airport,geomet,NAV CANADA
CYAW,Shearwater,CYAW,CYAW,,8205090,Canada,NS,44.64,-63.5,airport,geomet,
CYAY,St. Anthony,CYAY,CYAY,71819,8403389,Canada,NL,51.3919,-56.0831,airport,geomet,NAV CANADA
CYAZ,Tofino,CYAZ,CYAZ,,1038210,Canada,BC,49.0821,-125.772,airport,geomet,NAV CANADA
CYBB,Kugaaruk,CYBB,CYBB,,2303095,Canada,NU,68.5359,-89.8054,airport,geomet,NAV CANADA
CYBC,Baie-Comeau,CYBC,CYBC,71691,7040444,Canada,QC,49.1325,-68.2044,airport,geomet,NAV CANADA
CYBD,Bella Coola,CYBD,CYBD,,1060848,Canada,BC,52.3876,-126.596,airport,geomet,NAV CANADA
CYBG,Bagotville,CYBG,CYBG,71727,7060400,Canada,QC,48.33,-71.0,airport,geomet,
CYBK,Baker Lake,CYBK,CYBK,71926,2300504,Canada,NU,64.2988,-96.0777,airport,geomet,NAV CANADA
CYBL,Campbell River,CYBL,CYBL,,1021270,Canada,BC,49.952,-125.273,airport,geomet,NAV CANADA
CYBQ,Tadoule Lake,CYBQ,CYBQ,71272,5062835,Canada,MB,58.7061,-98.5122,airport,geomet,NAV CANADA
CYBR,Brandon Muni,CYBR,CYBR,71140,5010482,Canada,MB,49.91,-99.9522,airport,geomet,NAV CANADA
CYBU,Nipawin,CYBU,CYBU,71130,4075525,Canada,SK,53.3327,-104.009,airport,geomet,NAV CANADA
CYBV,Berens River,CYBV,CYBV,,5030204,Canada,MB,52.3589,-97.0179,airport,geomet,NAV CANADA
CYBW,Calgary/Springbank,CYBW,CYBW,73126,3031109,Canada,AB,51.1053,-114.371,airport,geomet,NAV CANADA
CYBX,Lourdes-de-Blanc-Sablon,CYBX,CYBX,71808,7040816,Canada,QC,51.4436,-57.1853,airport,geomet,NAV CANADA
CYCA,Cartwright,CYCA,CYCA,71818,8501106,Canada,NL,53.6825,-57.0419,airport,geomet,NAV CANADA
CYCB,Cambridge Bay,CYCB,CYCB,71925,2400603,Canada,NU,69.1079,-105.137,airport,geomet,NAV CANADA
CYCD,Nanaimo,CYCD,CYCD,,1025365,Canada,BC,49.0545,-123.87,airport,geomet,NAV CANADA
CYCG,Castlegar/West Kootenay Regional,CYCG,CYCG,,1141460,Canada,BC,49.2962,-117.633,airport,geomet,NAV CANADA
CYCK,Chatham-Kent,CYCK,CYCK,,6131414,Canada,ON,42.3058,-82.0825,airport,geomet,NAV CANADA
CYCO,Kugluktuk,CYCO,CYCO,71938,2300905,Canada,NU,67.8167,-115.144,airport,geomet,NAV CANADA
CYCP,Blue River,CYCP,CYCP,,1160902,Canada,BC,52.1169,-119.285,airport,geomet,NAV CANADA
CYCQ,Chetwynd,CYCQ,CYCQ,,1181513,Canada,BC,55.6872,-121.627,airport,geomet,NAV CANADA
CYCS,Chesterfield Inlet,CYCS,CYCS,,2300710,Canada,NU,63.3471,-90.7312,airport,geomet,NAV CANADA
CYCX,Gagetown,CYCX,CYCX,71701,8101792,Canada,NB,45.84,-66.44,airport,geomet,
CYCY,Clyde River,CYCY,CYCY,71090,2400804,Canada,NU,70.4859,-68.5169,airport,geomet,NAV CANADA
CYDA,Dawson City,CYDA,CYDA,,2100407,Canada,YT,64.0421,-139.13,airport,geomet,NAV CANADA
CYDB,Burwash,CYDB,CYDB,71001,2100181,Canada,YT,61.3707,-139.04,airport,geomet,NAV CANADA
CYDC,Princeton,CYDC,CYDC,,1126518,Canada,BC,49.4679,-120.512,airport,geomet,NAV CANADA
CYDF,Deer Lake,CYDF,CYDF,71809,8401502,Canada,NL,49.2092,-57.3944,airport,geomet,NAV CANADA
CYDL,Dease Lake,CYDL,CYDL,71686,1192341,Canada,BC,58.4223,-130.032,airport,geomet,NAV CANADA
CYDN,Dauphin (Lt. Col W.G. (Billy) Ba,CYDN,CYDN,71036,5040689,Canada,MB,51.1008,-100.052,airport,geomet,NAV CANADA
CYDP,Nain,CYDP,CYDP,71902,8502810,Canada,NL,56.5506,-61.6822,airport,geomet,NAV CANADA
CYDQ,Dawson Creek,CYDQ,CYDQ,71471,1182289,Canada,BC,55.7423,-120.183,airport,geomet,NAV CANADA
CYED,Edmonton Namao,CYED,CYED,71121,3012210,Canada,AB,53.67,-113.48,airport,geomet,
CYEG,Edmonton International,CYEG,CYEG,71123,3012216,Canada,AB,53.3099,-113.579,airport,geomet,NAV CANADA
CYEK,Arviat,CYEK,CYEK,71174,2300427,Canada,NU,61.094,-94.0716,airport,geomet,NAV CANADA
CYEN,Estevan,CYEN,CYEN,71862,4012403,Canada,SK,49.2103,-102.966,airport,geomet,NAV CANADA
CYER,Fort Severn,CYER,CYER,71099,6012501,Canada,ON,56.019,-87.6762,airport,geomet,NAV CANADA
CYET,Edson,CYET,CYET,71167,3062239,Canada,AB,53.5789,-116.465,airport,geomet,NAV CANADA
CYEV,Inuvik (Mike Zubko),CYEV,CYEV,,2202571,Canada,NT,68.3038,-133.483,airport,geomet,NAV CANADA
CYFB,Iqaluit,CYFB,CYFB,,2402596,Canada,NU,63.7566,-68.5561,airport,geomet,NAV CANADA
CYFC,Fredericton,CYFC,CYFC,71700,8101505,Canada,NB,45.8689,-66.5372,airport,geomet,NAV CANADA
CYFO,Flin Flon,CYFO,CYFO,,5050973,Canada,MB,54.6781,-101.682,airport,geomet,NAV CANADA
CYFR,Fort Resolution,CYFR,CYFR,,2202010,Canada,NT,61.1808,-113.69,airport,geomet,NAV CANADA
CYFS,Fort Simpson,CYFS,CYFS,71946,2202104,Canada,NT,61.7602,-121.238,airport,geomet,NAV CANADA
CYFT,Makkovik,CYFT,CYFT,,8502580,Canada,NL,55.0772,-59.1875,airport,geomet,NAV CANADA
CYGE,Golden,CYGE,CYGE,,1173214,Canada,BC,51.2992,-116.982,airport,geomet,NAV CANADA
CYGH,Fort Good Hope,CYGH,CYGH,,2201406,Canada,NT,66.2406,-128.648,airport,geomet,NAV CANADA
CYGK,Kingston,CYGK,CYGK,,6104152,Canada,ON,44.2259,-76.5966,airport,geomet,NAV CANADA
CYGL,La Grande Riviere,CYGL,CYGL,71827,7093716,Canada,QC,53.6253,-77.7042,airport,geomet,NAV CANADA
CYGP,Gaspe (Michel-Pouliot),CYGP,CYGP,71188,7052602,Canada,QC,48.7753,-64.4797,airport,geomet,NAV CANADA
CYGQ,Geraldton (Greenstone Regional),CYGQ,CYGQ,71834,6042718,Canada,ON,49.7787,-86.9386,airport,geomet,NAV CANADA
CYGR,Iles-de-la-Madeleine,CYGR,CYGR,71709,7053254,Canada,QC,47.425,-61.7781,airport,geomet,NAV CANADA
CYGT,Igloolik,CYGT,CYGT,,2402546,Canada,NU,69.3647,-81.8165,airport,geomet,NAV CANADA
CYGV,Havre St-Pierre,CYGV,CYGV,71584,7043019,Canada,QC,50.2819,-63.6114,airport,geomet,NAV CANADA
CYGW,Kuujjuarapik,CYGW,CYGW,73127,7103537,Canada,QC,55.2819,-77.7653,airport,geomet,NAV CANADA
CYGX,Gillam,CYGX,CYGX,71912,5061022,Canada,MB,56.3577,-94.7107,airport,geomet,NAV CANADA
CYHA,Quaqtaq,CYHA,CYHA,,7116273,Canada,QC,61.0464,-69.6178,airport,geomet,NAV CANADA
CYHC,Vancouver Harbour,CYHC,CYHC,,110Q44V,Canada,BC,49.2869,-123.106,airport,geomet,NAV CANADA
CYHD,Dryden Regional,CYHD,CYHD,71527,6032125,Canada,ON,49.8317,-92.7442,airport,geomet,NAV CANADA
CYHE,Hope,CYHE,CYHE,71187,1113542,Canada,BC,49.3683,-121.498,airport,geomet,NAV CANADA
CYHI,Ulukhaktok,CYHI,CYHI,,2502503,Canada,NT,70.7628,-117.806,airport,geomet,NAV CANADA
CYHK,Gjoa Haven,CYHK,CYHK,71597,2302337,Canada,NU,68.6356,-95.8503,airport,geomet,NAV CANADA
CYHLL,Cypress Hills Center Block,CYHLL,CYHLL,,SK-SPSA-WMB_CYHLL,Canada,SK,49.66417,-109.53694,airport,geomet,MSC
CYHM,Hamilton,CYHM,CYHM,71263,6153193,Canada,ON,43.1737,-79.9351,airport,geomet,NAV CANADA
CYHU,Montreal/St-Hubert,CYHU,CYHU,71371,7027329,Canada,QC,45.5181,-73.4169,airport,geomet,NAV CANADA
CYHY,Hay River/Merlyn Carter Airport,CYHY,CYHY,71935,2202403,Canada,NT,60.8398,-115.783,airport,geomet,NAV CANADA
CYHZ,Halifax/Stanfield Intl,CYHZ,CYHZ,71395,8202249,Canada,NS,44.8812,-63.5087,airport,geomet,NAV CANADA
CYIK,Ivujivik,CYIK,CYIK,,7103329,Canada,QC,62.4172,-77.9253,airport,geomet,NAV CANADA
CYIN,Clinton/Bleibler Ranch,CYIN,CYIN,71717,1161662,Canada,BC,51.25,-121.683,airport,geomet,NAV CANADA
CYIO,Pond Inlet,CYIO,CYIO,71095,2403206,Canada,NU,72.6895,-77.9689,airport,geomet,NAV CANADA
CYIV,Island Lake,CYIV,CYIV,71145,5061374,Canada,MB,53.8571,-94.6537,airport,geomet,NAV CANADA
CYJF,Fort Liard,CYJF,CYJF,,2201581,Canada,NT,60.2356,-123.47,airport,geomet,NAV CANADA
CYJN,St. Jean,CYJN,CYJN,,7027394,Canada,QC,45.2944,-73.2817,airport,geomet,NAV CANADA
CYKA,Kamloops,CYKA,CYKA,71887,1163781,Canada,BC,50.7025,-120.449,airport,geomet,NAV CANADA
CYKD,Aklavik/Freddie Carmichael,CYKD,CYKD,,2200105,Canada,NT,68.2234,-135.006,airport,geomet,NAV CANADA
CYKF,Kitchener/Waterloo,CYKF,CYKF,71368,6144239,Canada,ON,43.4608,-80.3787,airport,geomet,NAV CANADA
CYKG,Kangiqsujuaq (Wakeham Bay),CYKG,CYKG,,7113380,Canada,QC,61.5886,-71.9294,airport,geomet,NAV CANADA
CYKJ,Key Lake,CYKJ,CYKJ,71499,4063757,Canada,SK,57.2564,-105.618,airport,geomet,NAV CANADA
CYKL,Schefferville,CYKL,CYKL,71921,7117823,Canada,QC,54.8053,-66.8053,airport,geomet,NAV CANADA
CYKO,Akulivik,CYKO,CYKO,,7100071,Canada,QC,60.8186,-78.1486,airport,geomet,NAV CANADA
CYKP,Ogoki Post,CYKP,CYKP,71652,6075786,Canada,ON,51.6581,-85.9011,airport,geomet,NAV CANADA
CYKQ,Waskaganish,CYKQ,CYKQ,,7098898,Canada,QC,51.4733,-78.7583,airport,geomet,NAV CANADA
CYKY,Kindersley Regional,CYKY,CYKY,71129,4043899,Canada,SK,51.5151,-109.181,airport,geomet,NAV CANADA
CYLA,Aupaluk,CYLA,CYLA,,7110601,Canada,QC,59.2967,-69.5997,airport,geomet,NAV CANADA
CYLC,Kimmirut,CYLC,CYLC,,2402673,Canada,NU,62.8481,-69.8772,airport,geomet,NAV CANADA
CYLD,Chapleau,CYLD,CYLD,71642,6061365,Canada,ON,47.8202,-83.3469,airport,geomet,NAV CANADA
CYLH,Lansdowne House,CYLH,CYLH,,6014351,Canada,ON,52.1954,-87.9341,airport,geomet,NAV CANADA
CYLJ,Meadow Lake,CYLJ,CYLJ,71125,4065063,Canada,SK,54.1254,-108.523,airport,geomet,NAV CANADA
CYLK,Lutselk'e,CYLK,CYLK,,2202690,Canada,NT,62.4182,-110.682,airport,geomet,NAV CANADA
CYLL,Lloydminster,CYLL,CYLL,71871,3013959,Canada,AB,53.3106,-110.074,airport,geomet,NAV CANADA
CYLT,Alert,CYLT,CYLT,,2400302,Canada,NU,82.52,-62.28,airport,geomet,
CYLU,Kangiqsualujjuaq (Georges River),CYLU,CYLU,,7113391,Canada,QC,58.7114,-65.9928,airport,geomet,NAV CANADA
CYLW,Kelowna,CYLW,CYLW,71203,1123939,Canada,BC,49.9572,-119.378,airport,geomet,NAV CANADA
CYMA,Mayo,CYMA,CYMA,71965,2100702,Canada,YT,63.6164,-135.868,airport,geomet,NAV CANADA
CYMH,Mary's Harbour,CYMH,CYMH,71339,8502592,Canada,NL,52.3028,-55.8478,airport,geomet,NAV CANADA
CYMJ,Moose Jaw,CYMJ,CYMJ,,4015320,Canada,SK,50.33,-105.56,airport,geomet,
CYMM,Fort McMurray,CYMM,CYMM,71689,3062697,Canada,AB,56.6532,-111.223,airport,geomet,NAV CANADA
CYMO,Moosonee,CYMO,CYMO,71398,6075420,Canada,ON,51.292,-80.6083,airport,geomet,NAV CANADA
CYMT,Chibougamau/Chapais,CYMT,CYMT,71822,7091409,Canada,QC,49.7719,-74.528,airport,geomet,NAV CANADA
CYMU,Umiujaq,CYMU,CYMU,,7108564,Canada,QC,56.5361,-76.5183,airport,geomet,NAV CANADA
CYMX,Montreal/Mirabel International,CYMX,CYMX,,7034900,Canada,QC,45.6804,-74.0387,airport,geomet,NAV CANADA
CYNA,Natashquan,CYNA,CYNA,71513,7045398,Canada,QC,50.19,-61.7889,airport,geomet,NAV CANADA
CYNC,Wemindji,CYNC,CYNC,,7098908,Canada,QC,53.0106,-78.8311,airport,geomet,NAV CANADA
CYND,Ottawa/Gatineau,CYND,CYND,,7032685,Canada,QC,45.5217,-75.5636,airport,geomet,NAV CANADA
CYNE,Norway House,CYNE,CYNE,71410,5062040,Canada,MB,53.9583,-97.8442,airport,geomet,NAV CANADA
CYNJ,Langley Regional,CYNJ,CYNJ,,1104570,Canada,BC,49.1008,-122.631,airport,geomet,NAV CANADA
CYNM,Matagami,CYNM,CYNM,71947,7094636,Canada,QC,49.7617,-77.8028,airport,geomet,NAV CANADA
CYOC,Old Crow,CYOC,CYOC,,2100807,Canada,YT,67.5701,-139.84,airport,geomet,NAV CANADA
CYOD,Cold Lake,CYOD,CYOD,71120,3081680,Canada,AB,54.41,-110.28,airport,geomet,
CYOJ,High Level,CYOJ,CYOJ,71066,3073140,Canada,AB,58.6216,-117.165,airport,geomet,NAV CANADA
CYOO,Oshawa Executive Airport,CYOO,CYOO,71697,6155875,Canada,ON,43.9228,-78.8967,airport,geomet,NAV CANADA
CYOW,Ottawa/Macdonald-Cartier Interna,CYOW,CYOW,71628,6106001,Canada,ON,45.3225,-75.6673,airport,geomet,NAV CANADA
CYOY,Valcartier,CYOY,CYOY,71716,7018574,Canada,QC,46.9,-71.5,airport,geomet,
CYPA,Prince Albert (Glass Field),CYPA,CYPA,71869,4056245,Canada,SK,53.2146,-105.673,airport,geomet,NAV CANADA
CYPC,Paulatuk (Nora Aliqatchialuk Rub,CYPC,CYPC,,2203055,Canada,NT,69.3607,-124.076,airport,geomet,NAV CANADA
CYPD,Port Hawkesbury,CYPD,CYPD,71041,8204495,Canada,NS,45.6567,-61.3681,airport,geomet,NAV CANADA
CYPE,Peace River,CYPE,CYPE,71068,3075041,Canada,AB,56.2273,-117.447,airport,geomet,NAV CANADA
CYPG,Portage Southport,CYPG,CYPG,,5012320,Canada,MB,49.9,-98.27,airport,geomet,
CYPH,Inukjuak,CYPH,CYPH,71306,7103280,Canada,QC,58.4719,-78.0769,airport,geomet,NAV CANADA
CYPK,Pitt Meadows,CYPK,CYPK,,110617P,Canada,BC,49.2161,-122.713,airport,geomet,NAV CANADA
CYPL,Pickle Lake,CYPL,CYPL,71845,6016528,Canada,ON,51.4464,-90.2142,airport,geomet,NAV CANADA
CYPO,Peawanuck,CYPO,CYPO,,6016298,Canada,ON,54.9881,-85.4433,airport,geomet,NAV CANADA
CYPQ,Peterborough,CYPQ,CYPQ,71436,6166415,Canada,ON,44.2305,-78.3632,airport,geomet,NAV CANADA
CYPR,Prince Rupert,CYPR,CYPR,71022,1066482,Canada,BC,54.2859,-130.445,airport,geomet,NAV CANADA
CYPW,Powell River,CYPW,CYPW,,1046396,Canada,BC,49.8341,-124.5,airport,geomet,NAV CANADA
CYPX,Puvirnituq,CYPX,CYPX,73128,7106223,Canada,QC,60.0521,-77.2876,airport,geomet,NAV CANADA
CYPY,Fort Chipewyan,CYPY,CYPY,71305,3072655,Canada,AB,58.7672,-111.117,airport,geomet,NAV CANADA
CYQA,Muskoka,CYQA,CYQA,71532,6115529,Canada,ON,44.9747,-79.3033,airport,geomet,NAV CANADA
CYQB,Quebec/Jean Lesage  Internationa,CYQB,CYQB,,7016293,Canada,QC,46.7912,-71.3933,airport,geomet,NAV CANADA
CYQD,The Pas,CYQD,CYQD,71867,5052882,Canada,MB,53.9713,-101.091,airport,geomet,NAV CANADA
CYQF,Red Deer Regional,CYQF,CYQF,71878,3025484,Canada,AB,52.1823,-113.894,airport,geomet,NAV CANADA
CYQG,Windsor,CYQG,CYQG,71538,6139530,Canada,ON,42.2756,-82.9556,airport,geomet,NAV CANADA
CYQH,Watson Lake,CYQH,CYQH,,2101202,Canada,YT,60.1164,-128.822,airport,geomet,NAV CANADA
CYQI,Yarmouth,CYQI,CYQI,71603,8206496,Canada,NS,43.8325,-66.0861,airport,geomet,NAV CANADA
CYQK,Kenora,CYQK,CYQK,71850,6034076,Canada,ON,49.7883,-94.3631,airport,geomet,NAV CANADA
CYQL,Lethbridge,CYQL,CYQL,71267,3033875,Canada,AB,49.6303,-112.8,airport,geomet,NAV CANADA
CYQM,Moncton/Greater Moncton Romeo Le,CYQM,CYQM,71705,8103202,Canada,NB,46.1161,-64.6786,airport,geomet,NAV CANADA
CYQQ,Comox,CYQQ,CYQQ,71893,1021830,Canada,BC,49.71,-124.89,airport,geomet,
CYQR,Regina International,CYQR,CYQR,,4016566,Canada,SK,50.4322,-104.666,airport,geomet,NAV CANADA
CYQT,Thunder Bay,CYQT,CYQT,71072,6048260,Canada,ON,48.372,-89.3217,airport,geomet,NAV CANADA
CYQU,Grande Prairie,CYQU,CYQU,71940,3072921,Canada,AB,55.18,-118.885,airport,geomet,NAV CANADA
CYQV,Yorkton,CYQV,CYQV,71292,4019075,Canada,SK,51.2648,-102.461,airport,geomet,NAV CANADA
CYQW,North Battleford,CYQW,CYQW,71876,4045695,Canada,SK,52.7692,-108.244,airport,geomet,NAV CANADA
CYQX,Gander International,CYQX,CYQX,71803,8401703,Canada,NL,48.937,-54.5681,airport,geomet,NAV CANADA
CYQY,Sydney/J.A. Douglas McCurdy,CYQY,CYQY,71707,8205703,Canada,NS,46.1614,-60.0481,airport,geomet,NAV CANADA
CYQZ,Quesnel,CYQZ,CYQZ,71192,1096629,Canada,BC,53.0261,-122.51,airport,geomet,NAV CANADA
CYRA,Gameti/Rae Lakes,CYRA,CYRA,,2203365,Canada,NT,64.1161,-117.31,airport,geomet,NAV CANADA
CYRB,Resolute Bay,CYRB,CYRB,71924,2403497,Canada,NU,74.7169,-94.9693,airport,geomet,NAV CANADA
CYRC,Chicoutimi/St-Honore,CYRC,CYRC,,706G3J7,Canada,QC,48.5208,-71.0506,airport,geomet,NAV CANADA
CYRJ,Roberval,CYRJ,CYRJ,71728,7066687,Canada,QC,48.52,-72.2658,airport,geomet,NAV CANADA
CYRL,Red Lake,CYRL,CYRL,71854,6016971,Canada,ON,51.0671,-93.793,airport,geomet,NAV CANADA
CYRQ,Trois-Rivieres,CYRQ,CYRQ,,7018561,Canada,QC,46.3516,-72.6805,airport,geomet,NAV CANADA
CYRT,Rankin Inlet,CYRT,CYRT,71083,2303405,Canada,NU,62.8107,-92.1146,airport,geomet,NAV CANADA
CYRV,Revelstoke,CYRV,CYRV,71685,1176745,Canada,BC,50.9669,-118.184,airport,geomet,NAV CANADA
CYSB,Sudbury,CYSB,CYSB,71730,6068153,Canada,ON,46.6255,-80.7978,airport,geomet,NAV CANADA
CYSC,Sherbrooke,CYSC,CYSC,71610,7028123,Canada,QC,45.4386,-71.6914,airport,geomet,NAV CANADA
CYSF,Stony Rapids,CYSF,CYSF,71132,4067799,Canada,SK,59.2503,-105.841,airport,geomet,NAV CANADA
CYSJ,Saint John,CYSJ,CYSJ,71609,8104901,Canada,NB,45.3162,-65.8901,airport,geomet,NAV CANADA
CYSK,Sanikiluaq,CYSK,CYSK,,2303660,Canada,NU,56.5369,-79.2501,airport,geomet,NAV CANADA
CYSM,Fort Smith,CYSM,CYSM,71934,2202203,Canada,NT,60.0203,-111.962,airport,geomet,NAV CANADA
CYSN,St. Catharines/Niagara District,CYSN,CYSN,,6137304,Canada,ON,43.1917,-79.1717,airport,geomet,NAV CANADA
CYSP,Marathon,CYSP,CYSP,,6044967,Canada,ON,48.7553,-86.3444,airport,geomet,NAV CANADA
CYSY,Sachs Harbour (David Nasogaluak,CYSY,CYSY,,2503649,Canada,NT,71.9937,-125.241,airport,geomet,NAV CANADA
CYTE,Kinngait,CYTE,CYTE,71366,2400637,Canada,NU,64.2302,-76.5249,airport,geomet,NAV CANADA
CYTH,Thompson,CYTH,CYTH,71079,5062921,Canada,MB,55.8033,-97.8625,airport,geomet,NAV CANADA
CYTL,Big Trout Lake,CYTL,CYTL,71675,6010735,Canada,ON,53.8179,-89.8969,airport,geomet,NAV CANADA
CYTQ,Tasiujaq,CYTQ,CYTQ,,7118366,Canada,QC,58.6678,-69.9558,airport,geomet,NAV CANADA
CYTR,Trenton,CYTR,CYTR,71621,6158875,Canada,ON,44.12,-77.53,airport,geomet,
CYTS,Timmins (Victor M. Power),CYTS,CYTS,71739,6078286,Canada,ON,48.5707,-81.3766,airport,geomet,NAV CANADA
CYTZ,Billy Bishop Toronto City Airpor,CYTZ,CYTZ,71265,6158359,Canada,ON,43.6274,-79.3962,airport,geomet,NAV CANADA
CYUB,Tuktoyaktuk/James Gruben,CYUB,CYUB,,2203911,Canada,NT,69.4332,-133.026,airport,geomet,NAV CANADA
CYUL,Montreal/Trudeau International,CYUL,CYUL,71627,7025251,Canada,QC,45.4705,-73.7409,airport,geomet,NAV CANADA
CYUT,Naujaat,CYUT,CYUT,,2403495,Canada,NU,66.5207,-86.2247,airport,geomet,NAV CANADA
CYUX,Sanirajak,CYUX,CYUX,71293,2402354,Canada,NU,68.7758,-81.2424,airport,geomet,NAV CANADA
CYUY,Rouyn-Noranda,CYUY,CYUY,,7086719,Canada,QC,48.2062,-78.8356,airport,geomet,NAV CANADA
CYVC,La Ronge,CYVC,CYVC,71922,4064155,Canada,SK,55.1514,-105.262,airport,geomet,NAV CANADA
CYVL,Colville Lake/Tommy Kochon,CYVL,CYVL,,2200827,Canada,NT,67.0211,-126.129,airport,geomet,NAV CANADA
CYVM,Qikiqtarjuaq,CYVM,CYVM,71338,2400577,Canada,NU,67.5466,-64.0316,airport,geomet,NAV CANADA
CYVO,Val d'Or,CYVO,CYVO,71941,7098605,Canada,QC,48.0533,-77.7828,airport,geomet,NAV CANADA
CYVP,Kuujjuaq,CYVP,CYVP,71906,7113535,Canada,QC,58.0961,-68.4269,airport,geomet,NAV CANADA
CYVQ,Norman Wells,CYVQ,CYVQ,71043,2202801,Canada,NT,65.2813,-126.799,airport,geomet,NAV CANADA
CYVR,Vancouver International,CYVR,CYVR,71892,1108395,Canada,BC,49.1947,-123.184,airport,geomet,NAV CANADA
CYVT,Buffalo Narrows,CYVT,CYVT,,4060988,Canada,SK,55.8419,-108.418,airport,geomet,NAV CANADA
CYVV,Wiarton,CYVV,CYVV,71633,6119498,Canada,ON,44.7458,-81.1072,airport,geomet,NAV CANADA
CYWA,Petawawa,CYWA,CYWA,71625,6106398,Canada,ON,45.95,-77.32,airport,geomet,
CYWE,Wekweeti,CYWE,CYWE,73125,2203980,Canada,NT,64.1908,-114.077,airport,geomet,NAV CANADA
CYWG,Winnipeg/James Armstrong Richard,CYWG,CYWG,,5023227,Canada,MB,49.91,-97.2401,airport,geomet,NAV CANADA
CYWH,Victoria Harbour,CYWH,CYWH,,1018633,Canada,BC,48.4228,-123.387,airport,geomet,NAV CANADA
CYWJ,Deline,CYWJ,CYWJ,,2201023,Canada,NT,65.2112,-123.437,airport,geomet,NAV CANADA
CYWK,Wabush,CYWK,CYWK,71825,8504177,Canada,NL,52.9227,-66.8647,airport,geomet,NAV CANADA
CYWL,Williams Lake,CYWL,CYWL,71104,1098941,Canada,BC,52.1834,-122.054,airport,geomet,NAV CANADA
CYWY,Wrigley,CYWY,CYWY,,2204005,Canada,NT,63.2096,-123.437,airport,geomet,NAV CANADA
CYXC,Cranbrook/Canadian Rockies Intl,CYXC,CYXC,71880,1152105,Canada,BC,49.6121,-115.782,airport,geomet,NAV CANADA
CYXE,Saskatoon/John G. Diefenbaker In,CYXE,CYXE,,4057152,Canada,SK,52.171,-106.7,airport,geomet,NAV CANADA
CYXH,Medicine Hat,CYXH,CYXH,71247,3034479,Canada,AB,50.0189,-110.721,airport,geomet,NAV CANADA
CYXJ,Fort St. John,CYXJ,CYXJ,71943,1183001,Canada,BC,56.2381,-120.74,airport,geomet,NAV CANADA
CYXL,Sioux Lookout,CYXL,CYXL,71842,6037776,Canada,ON,50.1141,-91.9055,airport,geomet,NAV CANADA
CYXN,Whale Cove,CYXN,CYXN,,2303990,Canada,NU,62.2401,-92.5979,airport,geomet,NAV CANADA
CYXP,Pangnirtung,CYXP,CYXP,,2403054,Canada,NU,66.1449,-65.7135,airport,geomet,NAV CANADA
CYXQ,Beaver Creek,CYXQ,CYXQ,,2100155,Canada,YT,62.4102,-140.869,airport,geomet,NAV CANADA
CYXR,Earlton (Timiskaming Regional),CYXR,CYXR,71684,6072223,Canada,ON,47.695,-79.8489,airport,geomet,NAV CANADA
CYXS,Prince George,CYXS,CYXS,71896,1096439,Canada,BC,53.884,-122.678,airport,geomet,NAV CANADA
CYXT,Terrace,CYXT,CYXT,71951,1068134,Canada,BC,54.4685,-128.578,airport,geomet,NAV CANADA
CYXU,London,CYXU,CYXU,71623,6144473,Canada,ON,43.0331,-81.1511,airport,geomet,NAV CANADA
CYXX,Abbotsford,CYXX,CYXX,71108,1100032,Canada,BC,49.0253,-122.36,airport,geomet,NAV CANADA
CYXY,Whitehorse Erik Nielsen Intl,CYXY,CYXY,71964,2101303,Canada,YT,60.7096,-135.067,airport,geomet,NAV CANADA
CYXZ,Wawa,CYXZ,CYXZ,71738,6059413,Canada,ON,47.9669,-84.7863,airport,geomet,NAV CANADA
CYYB,North Bay,CYYB,CYYB,71731,6085680,Canada,ON,46.3638,-79.4242,airport,geomet,NAV CANADA
CYYC,Calgary International,CYYC,CYYC,71877,3031092,Canada,AB,51.1226,-114.013,airport,geomet,NAV CANADA
CYYD,Smithers,CYYD,CYYD,71950,1077499,Canada,BC,54.8253,-127.183,airport,geomet,NAV CANADA
CYYE,Fort Nelson,CYYE,CYYE,71945,1192946,Canada,BC,58.8364,-122.597,airport,geomet,NAV CANADA
CYYF,Penticton,CYYF,CYYF,71889,1126146,Canada,BC,49.4626,-119.602,airport,geomet,NAV CANADA
CYYG,Charlottetown,CYYG,CYYG,71706,8300301,Canada,PE,46.2892,-63.1153,airport,geomet,NAV CANADA
CYYH,Taloyoak,CYYH,CYYH,71580,2403856,Canada,NU,69.5467,-93.577,airport,geomet,NAV CANADA
CYYJ,Victoria International,CYYJ,CYYJ,71799,1018621,Canada,BC,48.6472,-123.426,airport,geomet,NAV CANADA
CYYL,Lynn Lake,CYYL,CYYL,71078,5061645,Canada,MB,56.864,-101.076,airport,geomet,NAV CANADA
CYYN,Swift Current,CYYN,CYYN,71142,4028038,Canada,SK,50.2919,-107.691,airport,geomet,NAV CANADA
CYYQ,Churchill,CYYQ,CYYQ,71618,5060595,Canada,MB,58.7391,-94.0664,airport,geomet,NAV CANADA
CYYR,Goose Bay,CYYR,CYYR,71816,8501900,Canada,NL,53.32,-60.43,airport,geomet,
CYYT,St. John's International,CYYT,CYYT,71801,8403505,Canada,NL,47.6186,-52.7524,airport,geomet,NAV CANADA
CYYU,Kapuskasing,CYYU,CYYU,71831,6073978,Canada,ON,49.4116,-82.4687,airport,geomet,NAV CANADA
CYYW,Armstrong,CYYW,CYYW,,6040327,Canada,ON,50.2903,-88.9097,airport,geomet,NAV CANADA
CYYY,Mont-Joli,CYYY,CYYY,71718,7055121,Canada,QC,48.609,-68.2076,airport,geomet,NAV CANADA
CYYZ,Toronto/Pearson International,CYYZ,CYYZ,71624,6158731,Canada,ON,43.6767,-79.6306,airport,geomet,NAV CANADA
CYZE,Gore Bay-Manitoulin,CYZE,CYZE,,6092919,Canada,ON,45.8817,-82.5683,airport,geomet,NAV CANADA
CYZF,Yellowknife,CYZF,CYZF,71936,2204101,Canada,NT,62.4628,-114.44,airport,geomet,NAV CANADA
CYZG,Salluit,CYZG,CYZG,,7117802,Canada,QC,62.1794,-75.6672,airport,geomet,NAV CANADA
CYZH,Slave Lake,CYZH,CYZH,71369,3065995,Canada,AB,55.2929,-114.777,airport,geomet,NAV CANADA
CYZP,Sandspit,CYZP,CYZP,71111,1057052,Canada,BC,53.2543,-131.814,airport,geomet,NAV CANADA
CYZR,Sarnia (Chris Hadfield),CYZR,CYZR,71704,6127510,Canada,ON,42.9994,-82.3089,airport,geomet,NAV CANADA
CYZS,Coral Harbour,CYZS,CYZS,71915,2301004,Canada,NU,64.1934,-83.3594,airport,geomet,NAV CANADA
CYZT,Port Hardy,CYZT,CYZT,71109,1026271,Canada,BC,50.6806,-127.367,airport,geomet,NAV CANADA
CYZU,Whitecourt,CYZU,CYZU,71930,3057376,Canada,AB,54.1438,-115.787,airport,geomet,NAV CANADA
CYZV,Sept-Iles,CYZV,CYZV,,7047911,Canada,QC,50.2234,-66.2657,airport,geomet,NAV CANADA
CYZW,Teslin,CYZW,CYZW,,2101106,Canada,YT,60.1731,-132.742,airport,geomet,NAV CANADA
CYZX,Greenwood,CYZX,CYZX,71397,8202000,Canada,NS,44.98,-64.92,airport,geomet,
CYZY,Mackenzie,CYZY,CYZY,71290,1184791,Canada,BC,55.2994,-123.133,airport,geomet,NAV CANADA
CZBB,Vancouver Boundary Bay,CZBB,CZBB,,1100909,Canada,BC,49.0733,-123.008,airport,geomet,NAV CANADA
CZBF,Bathurst,CZBF,CZBF,71574,8100506,Canada,NB,47.6294,-65.7403,airport,geomet,NAV CANADA
CZCR,CHARLO AUTO,CZCR,CZCR,71315,8100885,Canada,NB,47.988766,-66.333563,airport,geomet,MSC
CZCY,CLYDE RIVER CLIMATE,CZCY,CZCY,71358,2400802,Canada,NU,70.48383,-68.514889,airport,geomet,MSC
CZDB,DEBERT,CZDB,CZDB,71317,8201390,Canada,NS,45.421494,-63.465897,airport,geomet,MSC
CZEL,ELORA RCS,CZEL,CZEL,71352,6142286,Canada,ON,43.641937,-80.411747,airport,geomet,MSC
CZEM,Eastmain River,CZEM,CZEM,,7092310,Canada,QC,52.2264,-78.5225,airport,geomet,NAV CANADA
CZEV,INUVIK CLIMATE,CZEV,CZEV,71364,2202578,Canada,NT,68.317388,-133.533189,airport,geomet,MSC
CZFA,Faro,CZFA,CZFA,,2100527,Canada,YT,62.207,-133.373,airport,geomet,NAV CANADA
CZFM,Fort McPherson,CZFM,CZFM,,2201606,Canada,NT,67.4074,-134.861,airport,geomet,NAV CANADA
CZFN,Tulita,CZFN,CZFN,,2201705,Canada,NT,64.9097,-125.569,airport,geomet,NAV CANADA
CZFS,FORT SIMPSON CLIMATE,CZFS,CZFS,71365,2202102,Canada,NT,61.758016,-121.232441,airport,geomet,MSC
CZGH,FORT GOOD HOPE CS,CZGH,CZGH,71491,2201450,Canada,NT,66.242392,-128.643969,airport,geomet,MSC
CZHB,HUDSON BAY (AUT),CZHB,CZHB,71868,4083324,Canada,SK,52.8167,-102.3167,airport,geomet,MSC
CZHK,GJOA HAVEN CLIMATE,CZHK,CZHK,71363,2302340,Canada,NU,68.63344,-95.85188,airport,geomet,MSC
CZHY,HAY RIVER CLIMATE,CZHY,CZHY,71361,2202402,Canada,NT,60.83954,-115.780996,airport,geomet,MSC
CZKA,KAMLOOPS AUT,CZKA,CZKA,71741,1163842,Canada,BC,50.699202,-120.440704,airport,geomet,MSC
CZKD,KELSEY DAM CS,CZKD,CZKD,71572,5061422,Canada,MB,56.037011,-96.511219,airport,geomet,MSC
CZLT,ALERT CLIMATE,CZLT,CZLT,71355,2400305,Canada,NU,82.493841,-62.352153,airport,geomet,MSC
CZMD,Muskrat Dam,CZMD,CZMD,71678,6015026,Canada,ON,53.4414,-91.7628,airport,geomet,NAV CANADA
CZMJ,MOOSE JAW CS,CZMJ,CZMJ,71539,4015322,Canada,SK,50.331956,-105.53774,airport,geomet,MSC
CZMT,Masset,CZMT,CZMT,,1054929,Canada,BC,54.0271,-132.125,airport,geomet,NAV CANADA
CZOC,OLD CROW RCS,CZOC,CZOC,71044,2100805,Canada,YT,67.567923,-139.844928,airport,geomet,MSC
CZPC,Pincher Creek,CZPC,CZPC,71085,3035198,Canada,AB,49.5204,-113.997,airport,geomet,NAV CANADA
CZPK,PAULATUK,CZPK,CZPK,71984,2203058,Canada,NT,69.354688,-124.076594,airport,geomet,MSC
CZRP,REA POINT,CZRP,CZRP,71983,2403450,Canada,NU,75.359453,-105.711865,airport,geomet,MSC
CZSJ,Sandy Lake,CZSJ,CZSJ,71587,6017401,Canada,ON,53.0642,-93.3444,airport,geomet,NAV CANADA
CZSM,FORT SMITH CLIMATE,CZSM,CZSM,71362,2202202,Canada,NT,60.026113,-111.927917,airport,geomet,MSC
CZSP,ST PETERS,CZSP,CZSP,71310,8300562,Canada,PE,46.450348,-62.575857,airport,geomet,MSC
CZST,Stewart,CZST,CZST,,1067748,Canada,BC,55.9334,-129.985,airport,geomet,NAV CANADA
CZTB,THUNDER BAY CS,CZTB,CZTB,71667,6048268,Canada,ON,48.3694,-89.3272,airport,geomet,MSC
CZUB,TUKTOYAKTUK,CZUB,CZUB,71985,2203914,Canada,NT,69.435544,-133.020801,airport,geomet,MSC
CZUM,Churchill Falls,CZUM,CZUM,71002,8501131,Canada,NL,53.5619,-64.1064,airport,geomet,NAV CANADA
CZVL,Edmonton/Villeneuve,CZVL,CZVL,71664,3012229,Canada,AB,53.6683,-113.856,airport,geomet,NAV CANADA
CZVM,QIKIQTARJUAQ CLIMATE,CZVM,CZVM,71357,2400573,Canada,NU,67.547377,-64.033079,airport,geomet,MSC
CZWN,WAINWRIGHT CFB AIRFIELD 21,CZWN,CZWN,71118,301S001,Canada,AB,52.8294,-111.0956,airport,geomet,MSC
CZZJ,EDSON CLIMATE,CZZJ,CZZJ,71156,3062246,Canada,AB,53.577502,-116.456625,airport,geomet,MSC
DAF,Klondike FC,DAF,DAF,,YT-DCS-WFM_DAF,Canada,YT,64.0467694,-139.1142889,airport,geomet,MSC
DAI,Daisy Lake,DAI,DAI,,BC-Hydro_DAI,Canada,BC,49.97469167,-123.1366861,airport,geomet,MSC
DAL,Duncan River above Lardeau River,DAL,DAL,,BC-Hydro_DAL,Canada,BC,50.245018,-116.952653,airport,geomet,MSC
DBC2,Duncan River below B.B. Creek 2,DBC2,DBC2,,BC-Hydro_DBC2,Canada,BC,50.63817222,-117.0484222,airport,geomet,MSC
DBUR,Delburne AGCM,DBUR,DBUR,71014,AB-MAI_DBUR,Canada,AB,52.1828,-113.1757,airport,geomet,MSC
DBY,Darby,DBY,DBY,,ON-MNRF-AFFES_DBY,Canada,ON,48.5772,-92.2914,airport,geomet,MSC
DCD2,Duncan Lake Dam 2,DCD2,DCD2,,BC-Hydro_DCD2,Canada,BC,50.238797,-116.971606,airport,geomet,MSC
DCH,Dunchurch,DCH,DCH,,ON-MNRF-AFFES_DCH,Canada,ON,45.6587,-79.8125,airport,geomet,MSC
DEAW,Deadwood AGCM,DEAW,DEAW,,AB-MAI_DEAW,Canada,AB,56.7154,-117.5435,airport,geomet,MSC
DEE,Deer Lake,DEE,DEE,,ON-MNRF-AFFES_DEE,Canada,ON,52.6557,-94.06,airport,geomet,MSC
DELB,Del Bonita AGDM,DELB,DELB,71224,AB-MAI_DELB,Canada,AB,49.05,-112.8099,airport,geomet,MSC
DEWY,Dewberry AGCM,DEWY,DEWY,71359,AB-MAI_DEWY,Canada,AB,53.6593,-110.5876,airport,geomet,MSC
DHA,Diamond Hills Auto,DHA,DHA,,AB-MAF_DHA,Canada,AB,52.6215,-115.0934,airport,geomet,MSC
DIK,Dickson Lake,DIK,DIK,,BC-Hydro_DIK,Canada,BC,49.31670436,-122.0696495,airport,geomet,MSC
DING,Dingee Brook,DING,DING,,NB-DNRED_DING,Canada,NB,46.98166667,-67.12833333,airport,geomet,MSC
DIVDE,Divide,DIVDE,DIVDE,,SK-SPSA-WMB_DIVDE,Canada,SK,53.885,-108.4072,airport,geomet,MSC
DIX,Dixon Lake,DIX,DIX,,ON-MNRF-AFFES_DIX,Canada,ON,47.2779,-83.9013,airport,geomet,MSC
DLU,Downton Lake Upper,DLU,DLU,,BC-Hydro_DLU,Canada,BC,50.85979167,-123.1836333,airport,geomet,MSC
DMA,Deer Mountain Auto,DMA,DMA,,AB-MAF_DMA,Canada,AB,54.9134,-115.1621,airport,geomet,MSC
DOL,Downie Slide Lower,DOL,DOL,,BC-Hydro_DOL,Canada,BC,51.511984,-118.529865,airport,geomet,MSC
DON,Columbia River at Donald,DON,DON,,BC-Hydro_DON,Canada,BC,51.48368056,-117.1810139,airport,geomet,MSC
DOR,Dorion,DOR,DOR,,ON-MNRF-AFFES_DOR,Canada,ON,48.8421,-88.6064,airport,geomet,MSC
DOREL,Dore Lake,DOREL,DOREL,,SK-SPSA-WMB_DOREL,Canada,SK,54.7797,-107.0841,airport,geomet,MSC
DPRE,Dupre LITE,DPRE,DPRE,71414,AB-MAI_DPRE,Canada,AB,54.3628,-110.88,airport,geomet,MSC
DRU,Drury Creek,DRU,DRU,,YT-DCS-WFM_DRU,Canada,YT,62.200433,-134.388509,airport,geomet,MSC
DRYAD,DRYAD POINT,DRYAD,DRYAD,,1062544,Canada,BC,52.185,-128.112,airport,geomet,MSC
DUB,Dubreuiville,DUB,DUB,,ON-MNRF-AFFES_DUB,Canada,ON,48.3247,-84.7356,airport,geomet,MSC
DUCK,Duck Lake AGCM,DUCK,DUCK,,AB-MAI_DUCK,Canada,AB,54.6864,-113.9389,airport,geomet,MSC
DUCKM,Duck Mountain,DUCKM,DUCKM,,SK-SPSA-WMB_DUCKM,Canada,SK,51.6358,-101.6392,airport,geomet,MSC
DUNG,Dungarvon,DUNG,DUNG,,NB-DNRED_DUNG,Canada,NB,46.717,-66.30666667,airport,geomet,MSC
DVL,Devious Lake,DVL,DVL,,ON-MNRF-AFFES_DVL,Canada,ON,49.198,-87.7644,airport,geomet,MSC
DWL,Dowling Creek,DWL,DWL,,BC-Hydro_DWL,Canada,BC,55.82508333,-122.43625,airport,geomet,MSC
DYM,Dyment,DYM,DYM,,ON-MNRF-AFFES_DYM,Canada,ON,49.6077,-92.2864,airport,geomet,MSC
E1,Wildhay Auto,E1,E1,,AB-MAF_E1,Canada,AB,53.8614,-117.5583,airport,geomet,MSC
E5,Grande Cache Auto,E5,E5,,AB-MAF_E5,Canada,AB,53.9165,-118.8666,airport,geomet,MSC
E7,Entrance Auto,E7,E7,,AB-MAF_E7,Canada,AB,53.3799,-117.7012,airport,geomet,MSC
EAA,Eagle Auto,EAA,EAA,,AB-MAF_EAA,Canada,AB,54.4569,-116.4409,airport,geomet,MSC
EAC,East Creek,EAC,EAC,,BC-Hydro_EAC,Canada,BC,50.6396,-116.9297333,airport,geomet,MSC
EAGL,Eaglesham AGCM,EAGL,EAGL,71461,AB-MAI_EAGL,Canada,AB,55.8081,-117.8866,airport,geomet,MSC
EBC,East Balsam Creek,EBC,EBC,,ON-MNRF-AFFES_EBC,Canada,ON,46.4598,-79.1677,airport,geomet,MSC
EBCAM,EB Cambell,EBCAM,EBCAM,,SK-SPSA-WMB_EBCAM,Canada,SK,53.6886,-103.3394,airport,geomet,MSC
ECA,Economy Creek Auto,ECA,ECA,,AB-MAF_ECA,Canada,AB,54.7916,-118.2348,airport,geomet,MSC
ECHT,Enchant 2 AGCM,ECHT,ECHT,71518,AB-MAI_ECHT,Canada,AB,50.179,-112.4137,airport,geomet,MSC
ECL,Elk River above Upper Campbell Lake,ECL,ECL,,BC-Hydro_ECL,Canada,BC,49.85804722,-125.8132639,airport,geomet,MSC
EDA,Edra Auto,EDA,EDA,,AB-MAF_EDA,Canada,AB,57.8479,-113.2525,airport,geomet,MSC
EDGE,Edgerton AGCM,EDGE,EDGE,71360,AB-MAI_EDGE,Canada,AB,52.7778,-110.4328,airport,geomet,MSC
EGG ISLAND,EGG ISLAND,EGG ISLAND,EGG ISLAND,,1062646,Canada,BC,51.2472,-127.8354,airport,geomet,MSC
EGL,Eagle Lake,EGL,EGL,,ON-MNRF-AFFES_EGL,Canada,ON,45.9805,-79.4595,airport,geomet,MSC
EHA,Enilda  Auto,EHA,EHA,,AB-MAF_EHA,Canada,AB,55.319,-116.197,airport,geomet,MSC
ELA,Ells River Auto,ELA,ELA,,AB-MAF_ELA,Canada,AB,57.2061,-112.3133,airport,geomet,MSC
ELANE,Elane Lake,ELANE,ELANE,,SK-SPSA-WMB_ELANE,Canada,SK,54.41518,-106.34772,airport,geomet,MSC
ENG,English River,ENG,ENG,,ON-MNRF-AFFES_ENG,Canada,ON,49.2301,-90.9048,airport,geomet,MSC
ENTRANCE,ENTRANCE ISLAND,ENTRANCE,ENTRANCE,,102BFHH,Canada,BC,49.2089,-123.8089,airport,geomet,MSC
EPF,Eagle Plains Fire,EPF,EPF,,YT-DCS-WFM_EPF,Canada,YT,66.37212,-136.71748,airport,geomet,MSC
ESTEVAN,ESTEVAN POINT,ESTEVAN,ESTEVAN,,1032730,Canada,BC,49.3835,-126.5508,airport,geomet,MSC
ETZI,Etzikom AGCM,ETZI,ETZI,71409,AB-MAI_ETZI,Canada,AB,49.5528,-111.0543,airport,geomet,MSC
EULAS,Eulas Lake,EULAS,EULAS,,SK-SPSA-WMB_EULAS,Canada,SK,55.94102,-105.66502,airport,geomet,MSC
EUTK,Eutsuk,EUTK,EUTK,,RioTinto_EUTK,Canada,BC,53.23395,-126.1132667,airport,geomet,MSC
EVBR,Evansburg 2 AGCM,EVBR,EVBR,71481,AB-MAI_EVBR,Canada,AB,53.6381,-115.0624,airport,geomet,MSC
F1,Picadelly Auto,F1,F1,,AB-MAF_F1,Canada,AB,57.6509,-114.5273,airport,geomet,MSC
F2,Ponderosa Auto,F2,F2,,AB-MAF_F2,Canada,AB,59.2115,-117.063,airport,geomet,MSC
F3,Lambert Auto,F3,F3,,AB-MAF_F3,Canada,AB,58.0347,-114.1414,airport,geomet,MSC
F4,Whitesands Auto,F4,F4,,AB-MAF_F4,Canada,AB,59.4311,-114.9027,airport,geomet,MSC
F5,Bistcho Lake Auto,F5,F5,,AB-MAF_F5,Canada,AB,59.912,-118.9631,airport,geomet,MSC
FAIR,Fairview AGDM,FAIR,FAIR,71347,AB-MAI_FAIR,Canada,AB,56.0815,-118.4395,airport,geomet,MSC
FAQ,Fauquier Water Treatment Plant,FAQ,FAQ,,BC-Hydro_FAQ,Canada,BC,49.864182,-118.074228,airport,geomet,MSC
FARM,Lethbridge Demo Farm IMCIN,FARM,FARM,71509,AB-MAI_FARM,Canada,AB,49.6867,-112.7449,airport,geomet,MSC
FDK,Fredrickson Lake,FDK,FDK,,BC-Hydro_FDK,Canada,BC,56.948458,-126.520716,airport,geomet,MSC
FER,Fernie,FER,FER,,BC-Hydro_FER,Canada,BC,49.48825,-115.0726111,airport,geomet,MSC
FERI,Ferintosh AGCM,FERI,FERI,71673,AB-MAI_FERI,Canada,AB,52.7438,-112.858,airport,geomet,MSC
FGA,Foggy Mountain Auto,FGA,FGA,,AB-MAF_FGA,Canada,AB,58.686,-114.9947,airport,geomet,MSC
FIN,Finlay River above Akie River,FIN,FIN,,BC-Hydro_FIN,Canada,BC,57.12506389,-125.2498861,airport,geomet,MSC
FINC,Fincastle IMCIN,FINC,FINC,71535,AB-MAI_FINC,Canada,AB,49.8023,-112.0459,airport,geomet,MSC
FINN,Finnegan AGCM,FINN,FINN,,AB-MAI_FINN,Canada,AB,51.0532,-112.0974,airport,geomet,MSC
FLA,Footner Lake Auto,FLA,FLA,,AB-MAF_FLA,Canada,AB,58.6109,-117.16,airport,geomet,MSC
FLCRN,Fort a la Corne,FLCRN,FLCRN,,SK-SPSA-WMB_FLCRN,Canada,SK,53.2483,-104.8417,airport,geomet,MSC
FLD,Field,FLD,FLD,,ON-MNRF-AFFES_FLD,Canada,ON,46.5286,-80.0286,airport,geomet,MSC
FLEE,Fleet AGCM,FLEE,FLEE,,AB-MAI_FLEE,Canada,AB,52.0411,-111.8133,airport,geomet,MSC
FLK,Floe Lake,FLK,FLK,,BC-Hydro_FLK,Canada,BC,51.05991667,-116.1371167,airport,geomet,MSC
FLL,Fred Laing Lower,FLL,FLL,,BC-Hydro_FLL,Canada,BC,52.05381,-118.58594,airport,geomet,MSC
FLOR,Florenceville,FLOR,FLOR,,NB-DNRED_FLOR,Canada,NB,46.4863,-67.5857,airport,geomet,MSC
FLTST,Flatstone Lake,FLTST,FLTST,,SK-SPSA-WMB_FLTST,Canada,SK,56.14248,-107.96567,airport,geomet,MSC
FMI,Forty Mile,FMI,FMI,,YT-DCS-WFM_FMI,Canada,YT,64.3729389,-140.5827472,airport,geomet,MSC
FNA,Felton Creek Auto,FNA,FNA,,AB-MAF_FNA,Canada,AB,53.27,-117.204,airport,geomet,MSC
FOA,Fontas Auto,FOA,FOA,,AB-MAF_FOA,Canada,AB,57.7803,-119.5015,airport,geomet,MSC
FOL,Foylette,FOL,FOL,,ON-MNRF-AFFES_FOL,Canada,ON,48.309,-82.2655,airport,geomet,MSC
FONDL,Fond du Lac,FONDL,FONDL,,SK-SPSA-WMB_FONDL,Canada,SK,59.38845,-107.28655,airport,geomet,MSC
FORE,Foremost AGDM,FORE,FORE,71225,AB-MAI_FORE,Canada,AB,49.4833,-111.4861,airport,geomet,MSC
FOT,Fort Frances,FOT,FOT,,ON-MNRF-AFFES_FOT,Canada,ON,48.61,-93.4272,airport,geomet,MSC
FPA,Frying Pan Auto,FPA,FPA,,AB-MAF_FPA,Canada,AB,54.4651,-118.2203,airport,geomet,MSC
FRAN,St. Francis AGCM,FRAN,FRAN,,AB-MAI_FRAN,Canada,AB,53.2948,-114.3201,airport,geomet,MSC
FRNCS,Francis,FRNCS,FRNCS,,SK-SPSA-WMB_FRNCS,Canada,SK,50.11521667,-103.8981056,airport,geomet,MSC
FSA,Fish Creek Auto,FSA,FSA,,AB-MAF_FSA,Canada,AB,53.492,-117.647,airport,geomet,MSC
FSV,Fort Severn,FSV,FSV,,ON-MNRF-AFFES_FSV,Canada,ON,56.0191,-87.6805,airport,geomet,MSC
FTA,Flat Top Auto,FTA,FTA,,AB-MAF_FTA,Canada,AB,55.1457,-114.8153,airport,geomet,MSC
FTAS,Fort Assiniboine AGCM,FTAS,FTAS,71483,AB-MAI_FTAS,Canada,AB,54.4104,-114.7692,airport,geomet,MSC
FTH,Fort Hope,FTH,FTH,,ON-MNRF-AFFES_FTH,Canada,ON,51.5614,-87.9069,airport,geomet,MSC
FTMC,Fort Macleod AGCM,FTMC,FTMC,71789,AB-MAI_FTMC,Canada,AB,49.7858,-113.3796,airport,geomet,MSC
FURG,Forestburg AGCM,FURG,FURG,71674,AB-MAI_FURG,Canada,AB,52.5484,-112.1234,airport,geomet,MSC
FW001,14G,FW001,FW001,,BC-CRD_FW001,Canada,BC,48.49416667,-123.614722,airport,geomet,MSC
FW003,31N,FW003,FW003,,BC-CRD_FW003,Canada,BC,48.52944444,-123.6386111,airport,geomet,MSC
FW004,4RW6,FW004,FW004,,BC-CRD_FW004,Canada,BC,48.58583333,-123.7511111,airport,geomet,MSC
FW005,Mt McDonald,FW005,FW005,,BC-CRD_FW005,Canada,BC,48.44194444,-123.5688889,airport,geomet,MSC
FW006,Sooke Dam,FW006,FW006,,BC-CRD_FW006,Canada,BC,48.51611111,-123.7005556,airport,geomet,MSC
FW007,Martin's Gulch,FW007,FW007,,BC-CRD_FW007,Canada,BC,48.51611111,-123.7644444,airport,geomet,MSC
FW008,North Basin,FW008,FW008,,BC-CRD_FW008,Canada,BC,48.57222222,-123.7068056,airport,geomet,MSC
FW009,Chris Creek,FW009,FW009,,BC-CRD_FW009,Canada,BC,48.58027778,-123.8405556,airport,geomet,MSC
G1,Kakwa Auto,G1,G1,,AB-MAF_G1,Canada,AB,54.175,-119.0592,airport,geomet,MSC
G2,Mistanusk Auto,G2,G2,,AB-MAF_G2,Canada,AB,54.5928,-120.0092,airport,geomet,MSC
GAL,Galloway Lake,GAL,GAL,,ON-MNRF-AFFES_GAL,Canada,ON,44.805,-78.3692,airport,geomet,MSC
GAM,Gameland Tower,GAM,GAM,,ON-MNRF-AFFES_GAM,Canada,ON,48.837,-94.4002,airport,geomet,MSC
GARSN,Garson,GARSN,GARSN,,SK-SPSA-WMB_GARSN,Canada,SK,56.2322,-109.6678,airport,geomet,MSC
GEIKO,Geike River,GEIKO,GEIKO,,SK-SPSA-WMB_GEIKO,Canada,SK,57.7085,-103.95008,airport,geomet,MSC
GFA,Grave Flats Auto,GFA,GFA,,AB-MAF_GFA,Canada,AB,52.8879,-116.9918,airport,geomet,MSC
GHA,Ghost Lake Auto,GHA,GHA,,AB-MAF_GHA,Canada,AB,51.2053,-114.7712,airport,geomet,MSC
GILT,Gilt Edge North AGCM,GILT,GILT,71791,AB-MAI_GILT,Canada,AB,53.071,-110.621,airport,geomet,MSC
GLAC,La Glace AGCM,GLAC,GLAC,71543,AB-MAI_GLAC,Canada,AB,55.4219,-119.2547,airport,geomet,MSC
GLAD,Gladstone AGCM,GLAD,GLAD,,AB-MAI_GLAD,Canada,AB,52.9875,-112.2783,airport,geomet,MSC
GLD2,Gold River Below Ucona River 2,GLD2,GLD2,,BC-Hydro_GLD2,Canada,BC,49.703221,-126.11102,airport,geomet,MSC
GLEI,Gleichen AGCM,GLEI,GLEI,71498,AB-MAI_GLEI,Canada,AB,50.9345,-112.9408,airport,geomet,MSC
GLEN,Glenevis AGCM,GLEN,GLEN,71500,AB-MAI_GLEN,Canada,AB,53.8326,-114.539,airport,geomet,MSC
GLP,Camp 603,GLP,GLP,,ON-MNRF-AFFES_GLP,Canada,ON,49.8582,-90.1953,airport,geomet,MSC
GOC,Gold Creek,GOC,GOC,,BC-Hydro_GOC,Canada,BC,49.44655556,-122.4773611,airport,geomet,MSC
GOG,Gogama,GOG,GOG,,ON-MNRF-AFFES_GOG,Canada,ON,47.7568,-81.6707,airport,geomet,MSC
GOL2,Goldstream River Below Old Camp Creek 2,GOL2,GOL2,,BC-Hydro_GOL2,Canada,BC,51.669195,-118.596055,airport,geomet,MSC
GOOS,Gooseberry Lake AGCM,GOOS,GOOS,,AB-MAI_GOOS,Canada,AB,52.1131,-110.8025,airport,geomet,MSC
GREEN,Green Lake Tower,GREEN,GREEN,,SK-SPSA-WMB_GREEN,Canada,SK,54.45642,-107.95688,airport,geomet,MSC
GRLK,Grassy Lake IMCIN,GRLK,GRLK,71788,AB-MAI_GRLK,Canada,AB,49.8737,-111.7328,airport,geomet,MSC
GRN,Green Mountain,GRN,GRN,,BC-Hydro_GRN,Canada,BC,50.79563333,-122.9245417,airport,geomet,MSC
GRP,Glacier NP Rogers Pass Lower,GRP,GRP,,BC-Hydro_GRP,Canada,BC,51.27011667,-117.509425,airport,geomet,MSC
GRY,Grey Trout,GRY,GRY,,ON-MNRF-AFFES_GRY,Canada,ON,49.0325,-92.1314,airport,geomet,MSC
GRYGT,Grygat Lake,GRYGT,GRYGT,,SK-SPSA-WMB_GRYGT,Canada,SK,57.7781,-109.4361,airport,geomet,MSC
GTA,Gift Lake Auto,GTA,GTA,,AB-MAF_GTA,Canada,AB,55.9012,-115.76,airport,geomet,MSC
GWTR,Greenwater Park,GWTR,GWTR,,SK-SPSA-WMB_GWTR,Canada,SK,52.4928,-103.5556,airport,geomet,MSC
HALK,Halkirk AGCM,HALK,HALK,71792,AB-MAI_HALK,Canada,AB,52.1166,-112.1641,airport,geomet,MSC
HAND,Hand Hills AGCM,HAND,HAND,,AB-MAI_HAND,Canada,AB,51.4525,-112.1352,airport,geomet,MSC
HAS,Hasselburg,HAS,HAS,,YT-DCS-WFM_HAS,Canada,YT,60.6470722,-129.8749556,airport,geomet,MSC
HAULT,Haultain River,HAULT,HAULT,,SK-SPSA-WMB_HAULT,Canada,SK,56.19277,-106.57713,airport,geomet,MSC
HAWK,Hawk Hills AGCM,HAWK,HAWK,71507,AB-MAI_HAWK,Canada,AB,57.2647,-117.2977,airport,geomet,MSC
HBN,Haliburton,HBN,HBN,,ON-MNRF-AFFES_HBN,Canada,ON,45.11195,-78.64694,airport,geomet,MSC
HBTNK,Hudson Bay Tanker Base,HBTNK,HBTNK,,SK-SPSA-WMB_HBTNK,Canada,SK,52.81308,-102.31952,airport,geomet,MSC
HEA,Hearst,HEA,HEA,,ON-MNRF-AFFES_HEA,Canada,ON,49.7088,-83.6947,airport,geomet,MSC
HEAT,Heath Steele,HEAT,HEAT,,NB-DNRED_HEAT,Canada,NB,47.30333333,-66.035,airport,geomet,MSC
HEMA,Hemaruka AGCM,HEMA,HEMA,71793,AB-MAI_HEMA,Canada,AB,51.7799,-111.212,airport,geomet,MSC
HEN,Henderson,HEN,HEN,,YT-DCS-WFM_HEN,Canada,YT,63.5916667,-138.9507139,airport,geomet,MSC
HESP,Hespero AGCM,HESP,HESP,71540,AB-MAI_HESP,Canada,AB,52.2468,-114.4465,airport,geomet,MSC
HFF,Halfway River near Farrell Creek,HFF,HFF,,BC-Hydro_HFF,Canada,BC,56.25071944,-121.6283528,airport,geomet,MSC
HFG,Halfway River above Graham River,HFG,HFG,,BC-Hydro_HFG,Canada,BC,56.50833611,-122.2410972,airport,geomet,MSC
HHA,Hawk Hills Auto,HHA,HHA,,AB-MAF_HHA,Canada,AB,57.6568,-117.4232,airport,geomet,MSC
HIK,Hicks Lake,HIK,HIK,,ON-MNRF-AFFES_HIK,Canada,ON,48.8451,-89.1168,airport,geomet,MSC
HJF,Haines Junction,HJF,HJF,,YT-DCS-WFM_HJF,Canada,YT,60.7728722,-137.5758472,airport,geomet,MSC
HKA,Hotchkiss Auto,HKA,HKA,,AB-MAF_HKA,Canada,AB,57.3339,-118.9593,airport,geomet,MSC
HLA,Heart Lake Auto,HLA,HLA,,AB-MAF_HLA,Canada,AB,54.915,-111.34,airport,geomet,MSC
HLDFT,Holdfast,HLDFT,HLDFT,,SK-SPSA-WMB_HLDFT,Canada,SK,50.97886111,-105.4839444,airport,geomet,MSC
HOLD,Holden AGDM,HOLD,HOLD,71227,AB-MAI_HOLD,Canada,AB,53.1852,-112.2462,airport,geomet,MSC
HOR,Hornepayne,HOR,HOR,,ON-MNRF-AFFES_HOR,Canada,ON,49.1891,-84.7641,airport,geomet,MSC
HORN,Hornes Gulch,HORN,HORN,,NB-DNRED_HORN,Canada,NB,47.83333333,-67.91,airport,geomet,MSC
HPRA,High Prairie AGDM,HPRA,HPRA,71226,AB-MAI_HPRA,Canada,AB,55.3949,-116.4831,airport,geomet,MSC
HRN,Horn Creek,HRN,HRN,,BC-Hydro_HRN,Canada,BC,56.73476667,-123.606,airport,geomet,MSC
HST,Hillsport,HST,HST,,ON-MNRF-AFFES_HST,Canada,ON,49.4514,-85.5478,airport,geomet,MSC
HUA,Huckleberry Auto,HUA,HUA,,AB-MAF_HUA,Canada,AB,53.981,-118.18,airport,geomet,MSC
HUGH,Hughenden AGCM,HUGH,HUGH,71794,AB-MAI_HUGH,Canada,AB,52.5782,-110.7837,airport,geomet,MSC
HUR2,Hurley River Below Lone Goat Creek 2,HUR2,HUR2,,BC-Hydro_HUR2,Canada,BC,50.73111,-122.9423867,airport,geomet,MSC
HUSS,Hussar AGDM,HUSS,HUSS,71344,AB-MAI_HUSS,Canada,AB,51.1911,-112.5027,airport,geomet,MSC
HY002,ALBION HILLS,HY002,HY002,,TRCA_HY002,Canada,ON,43.924959,-79.840204,airport,geomet,MSC
HY008,BRICKWORKS,HY008,HY008,,TRCA_HY008,Canada,ON,43.684574,-79.366203,airport,geomet,MSC
HY009,BROCK WEST,HY009,HY009,,TRCA_HY009,Canada,ON,43.865149,-79.095091,airport,geomet,MSC
HY011,BRUCES MILL,HY011,HY011,,TRCA_HY011,Canada,ON,43.94637,-79.3419,airport,geomet,MSC
HY021,DUFFERIN RESERVOIR,HY021,HY021,,TRCA_HY021,Canada,ON,43.831949,-79.4792,airport,geomet,MSC
HY027,G ROSS LORD DAM,HY027,HY027,,TRCA_HY027,Canada,ON,43.771348,-79.46123,airport,geomet,MSC
HY031,Survey Mountain,HY031,HY031,,BC-CRD_HY031,Canada,BC,48.55916667,-123.7991667,airport,geomet,MSC
HY033,HEART LAKE,HY033,HY033,,TRCA_HY033,Canada,ON,43.739263,-79.789526,airport,geomet,MSC
HY036,KENNEDY PUMP STATION,HY036,HY036,,TRCA_HY036,Canada,ON,43.818582,-79.306037,airport,geomet,MSC
HY038,EAST HUMBER AT MILL RD,HY038,HY038,,TRCA_HY038,Canada,ON,43.903027,-79.611741,airport,geomet,MSC
HY041,LAIDLAW PRECIP,HY041,HY041,,TRCA_HY041,Canada,ON,43.796955,-79.759685,airport,geomet,MSC
HY043,LITTLE ROUGE AT 16TH,HY043,HY043,,TRCA_HY043,Canada,ON,43.907953,-79.21623,airport,geomet,MSC
HY044,MILNE DAM,HY044,HY044,,TRCA_HY044,Canada,ON,43.868553,-79.261736,airport,geomet,MSC
HY046,MISSISSAUGA WORKS YARD,HY046,HY046,,TRCA_HY046,Canada,ON,43.691005,-79.659823,airport,geomet,MSC
HY050,HIGHLAND CR AT MORNINGSIDE,HY050,HY050,,TRCA_HY050,Canada,ON,43.778248,-79.191611,airport,geomet,MSC
HY055,RESTORATION SERVICES,HY055,HY055,,TRCA_HY055,Canada,ON,43.825716,-79.603137,airport,geomet,MSC
HY060,STOUFFVILLE DAM,HY060,HY060,,TRCA_HY060,Canada,ON,43.977561,-79.250142,airport,geomet,MSC
HY067,WEST HUMBER AT HWY 7,HY067,HY067,,TRCA_HY067,Canada,ON,43.758289,-79.678969,airport,geomet,MSC
HY069,YORK PUMP STATION,HY069,HY069,,TRCA_HY069,Canada,ON,43.916657,-79.47464,airport,geomet,MSC
HY070,YORK WORKS YARD,HY070,HY070,,TRCA_HY070,Canada,ON,43.884282,-79.382514,airport,geomet,MSC
HY083,OAK RIDGES,HY083,HY083,,TRCA_HY083,Canada,ON,43.943614,-79.455833,airport,geomet,MSC
HY086,RL CLARK WTP,HY086,HY086,,TRCA_HY086,Canada,ON,43.594192,-79.51951294,airport,geomet,MSC
HY087,WESTMOUNT PARK,HY087,HY087,,TRCA_HY087,Canada,ON,43.68721111,-79.51887778,airport,geomet,MSC
HY088,PIONEER VILLAGE,HY088,HY088,,TRCA_HY088,Canada,ON,43.77338333,-79.51685,airport,geomet,MSC
HY094,BROADLANDS,HY094,HY094,,TRCA_HY094,Canada,ON,43.74588889,-79.3227,airport,geomet,MSC
HY099,RATHWOOD,HY099,HY099,,TRCA_HY099,Canada,ON,43.628955,-79.630337,airport,geomet,MSC
HY102,PETTICOAT CA,HY102,HY102,,TRCA_HY102,Canada,ON,43.803808,-79.110319,airport,geomet,MSC
HY121,BALSAM ROAD AT 407,HY121,HY121,,TRCA_HY121,Canada,ON,43.947564,-79.042655,airport,geomet,MSC
HY122,DURHAM WORKS YARD,HY122,HY122,,TRCA_HY122,Canada,ON,43.897997,-79.032779,airport,geomet,MSC
HZNMR,Hazenmore,HZNMR,HZNMR,,SK-SPSA-WMB_HZNMR,Canada,SK,49.66191667,-107.1570556,airport,geomet,MSC
IGN,Ignace,IGN,IGN,,ON-MNRF-AFFES_IGN,Canada,ON,49.4055,-91.6342,airport,geomet,MSC
ILCR2,Ile a la Crosse (Site 2),ILCR2,ILCR2,,SK-SPSA-WMB_ILCR2,Canada,SK,55.48408,-107.93069,airport,geomet,MSC
ILF,Island Falls,ILF,ILF,,ON-MNRF-AFFES_ILF,Canada,ON,49.5777,-81.3755,airport,geomet,MSC
IMA,Imperial Auto,IMA,IMA,,AB-MAF_IMA,Canada,AB,54.4666,-115.5722,airport,geomet,MSC
IML-10,Old Harry,IML-10,IML-10,,DFO_IML-10,Canada,QC,48.0,-60.5,airport,geomet,MSC
IML-14,Banc des Orphelins,IML-14,IML-14,,DFO_IML-14,Canada,QC,48.133333,-62.7,airport,geomet,MSC
IML-7,Gaspe Stream,IML-7,IML-7,4400482,DFO_IML-7,Canada,QC,49.241667,-66.2,airport,geomet,MSC
IML-BA,American Bank,IML-BA,IML-BA,4400483,DFO_IML-BA,Canada,QC,48.583333,-63.883333,airport,geomet,MSC
ING,Ingenika River above Swannell River,ING,ING,,BC-Hydro_ING,Canada,BC,56.730907,-125.103396,airport,geomet,MSC
IRO,Iron Creek,IRO,IRO,,YT-DCS-WFM_IRO,Canada,YT,60.0041667,-127.9274167,airport,geomet,MSC
IRVI,Irvine AGCM,IRVI,IRVI,71795,AB-MAI_IRVI,Canada,AB,49.9893,-110.2615,airport,geomet,MSC
IVORY,IVORY ISLAND,IVORY,IVORY,,1063690,Canada,BC,52.2697,-128.4067,airport,geomet,MSC
JAK,Jakes Corner,JAK,JAK,,YT-DCS-WFM_JAK,Canada,YT,60.339333,-133.9846667,airport,geomet,MSC
JANLK,Jan Lake,JANLK,JANLK,,SK-SPSA-WMB_JANLK,Canada,SK,54.8433,-102.8163,airport,geomet,MSC
JEA,Jean Lake Auto,JEA,JEA,,AB-MAF_JEA,Canada,AB,57.4974,-113.8835,airport,geomet,MSC
JEAN,Jean Cote AGCM,JEAN,JEAN,71541,AB-MAI_JEAN,Canada,AB,55.9129,-117.1198,airport,geomet,MSC
JHL,Johanson Lake,JHL,JHL,,BC-Hydro_JHL,Canada,BC,56.605415,-126.19401,airport,geomet,MSC
JHT,John Hart Substation,JHT,JHT,,BC-Hydro_JHT,Canada,BC,50.04136944,-125.3076167,airport,geomet,MSC
JOA,Johnson Lake Auto,JOA,JOA,,AB-MAF_JOA,Canada,AB,57.5749,-110.3288,airport,geomet,MSC
JOB,Job Lake,JOB,JOB,,ON-MNRF-AFFES_JOB,Canada,ON,51.5095,-94.6807,airport,geomet,MSC
KAA,Kakwa Tower Auto,KAA,KAA,,AB-MAF_KAA,Canada,AB,54.4209,-118.9822,airport,geomet,MSC
KAB,Kabitotikwia Lake,KAB,KAB,,ON-MNRF-AFFES_KAB,Canada,ON,49.5998,-89.1799,airport,geomet,MSC
KABQ,"Albuquerque Intl, NM, US",KABQ,KABQ,,,USA,,35.0395,-106.6064,airport,avwx,aviationweather.gov
KAGO,Kagoot Brook,KAGO,KAGO,,NB-DNRED_KAGO,Canada,NB,47.23333333,-66.57166667,airport,geomet,MSC
KAP,Kapuskasing,KAP,KAP,,ON-MNRF-AFFES_KAP,Canada,ON,49.4179,-82.4664,airport,geomet,MSC
KAS,Kasabonika A,KAS,KAS,,ON-MNRF-AFFES_KAS,Canada,ON,53.5272,-88.6395,airport,geomet,MSC
KATL,"Atlanta/Hartsfield-Jackson Intl, GA, US",KATL,KATL,,,USA,,33.6407,-84.4277,airport,avwx,aviationweather.gov
KAZ,Kaza Lake,KAZ,KAZ,,BC-Hydro_KAZ,Canada,BC,56.02119167,-126.2975972,airport,geomet,MSC
KBA,Kirby Lake Auto,KBA,KBA,,AB-MAF_KBA,Canada,AB,55.3585,-110.645,airport,geomet,MSC
KBOI,"Boise Arpt, ID, US",KBOI,KBOI,,,USA,,43.5647,-116.2228,airport,avwx,aviationweather.gov
KCLE,"Cleveland/Hopkins Intl, OH, US",KCLE,KCLE,,,USA,,41.4117,-81.8498,airport,avwx,aviationweather.gov
KDCA,"Washington/Reagan-National Arpt, VA, US",KDCA,KDCA,,,USA,,38.8521,-77.0377,airport,avwx,aviationweather.gov
KDEN,"Denver Intl, CO, US",KDEN,KDEN,,,USA,,39.8561,-104.6737,airport,avwx,aviationweather.gov
KDFW,"Dallas-Ft Worth Intl, TX, US",KDFW,KDFW,,,USA,,32.8975,-97.038,airport,avwx,aviationweather.gov
KDTW,"Detroit/Metro Wayne Cnty, MI, US",KDTW,KDTW,,,USA,,42.2124,-83.3534,airport,avwx,aviationweather.gov
KEA,Keg Auto,KEA,KEA,,AB-MAF_KEA,Canada,AB,57.6404,-118.3527,airport,geomet,MSC
KEELY,Keely Lake,KEELY,KEELY,,SK-SPSA-WMB_KEELY,Canada,SK,54.875,-108.2513,airport,geomet,MSC
KEGR,Keg River AGCM,KEGR,KEGR,,AB-MAI_KEGR,Canada,AB,57.7876,-117.6767,airport,geomet,MSC
KENN,Kenny Dam,KENN,KENN,,RioTinto_KENN,Canada,BC,53.5803,-124.94605,airport,geomet,MSC
KEOM,Keoma AGCM,KEOM,KEOM,,AB-MAI_KEOM,Canada,AB,51.1906,-113.6306,airport,geomet,MSC
KES,Kesagami,KES,KES,,ON-MNRF-AFFES_KES,Canada,ON,49.7975,-80.2292,airport,geomet,MSC
KESS,Kessler AGCM,KESS,KESS,71796,AB-MAI_KESS,Canada,AB,52.2902,-111.1132,airport,geomet,MSC
KEY,Keystone Creek,KEY,KEY,,BC-Hydro_KEY,Canada,BC,51.41128889,-118.3606556,airport,geomet,MSC
KFAR,"Fargo/Hector Intl, ND, US",KFAR,KFAR,,,USA,,46.9245,-96.8158,airport,avwx,aviationweather.gov
KIAD,"Washington/Dulles Intl, VA, US",KIAD,KIAD,,,USA,,38.8951,-77.4373,airport,avwx,aviationweather.gov
KIAH,"Houston/Bush Intl, TX, US",KIAH,KIAH,,,USA,,29.9844,-95.3368,airport,avwx,aviationweather.gov
KIL,Killarney Park,KIL,KIL,,ON-MNRF-AFFES_KIL,Canada,ON,46.0173,-81.3849,airport,geomet,MSC
KILL,Killam AGDM,KILL,KILL,71228,AB-MAI_KILL,Canada,AB,52.8475,-111.8723,airport,geomet,MSC
KINI,Kinikinik AGCM,KINI,KINI,,AB-MAI_KINI,Canada,AB,54.5633,-112.9812,airport,geomet,MSC
KINS,Kinsella Research,KINS,KINS,,AB-MAI_KINS,Canada,AB,53.0469,-111.5473,airport,geomet,MSC
KIO,Kiosk,KIO,KIO,,ON-MNRF-AFFES_KIO,Canada,ON,46.1518,-78.9246,airport,geomet,MSC
KIRR,Kirriemuir AGCM,KIRR,KIRR,,AB-MAI_KIRR,Canada,AB,51.9133,-110.3592,airport,geomet,MSC
KITS,Kitscoty AGCM,KITS,KITS,71797,AB-MAI_KITS,Canada,AB,53.3534,-110.4161,airport,geomet,MSC
KJFK,"New York/JF Kennedy Intl, NY, US",KJFK,KJFK,,,USA,,40.6413,-73.7781,airport,avwx,aviationweather.gov
KLAX,"Los Angeles Intl, CA, US",KLAX,KLAX,,,USA,,33.9425,-118.4081,airport,avwx,aviationweather.gov
KLGA,"New York/La Guardia Arpt, NY, US",KLGA,KLGA,,,USA,,40.7769,-73.874,airport,avwx,aviationweather.gov
KLK,Kirkland Lake,KLK,KLK,,ON-MNRF-AFFES_KLK,Canada,ON,48.1192,-80.0879,airport,geomet,MSC
KLNTN,Klintonel,KLNTN,KLNTN,,SK-SPSA-WMB_KLNTN,Canada,SK,49.67711111,-108.9346667,airport,geomet,MSC
KMA,Kimiwan Auto,KMA,KMA,,AB-MAF_KMA,Canada,AB,55.994,-116.6066,airport,geomet,MSC
KMCI,"Kansas City Intl, MO, US",KMCI,KMCI,,,USA,,39.2976,-94.7139,airport,avwx,aviationweather.gov
KMCO,"Orlando Intl, FL, US",KMCO,KMCO,,,USA,,28.4294,-81.3089,airport,avwx,aviationweather.gov
KMSO,"Missoula Intl, MT, US",KMSO,KMSO,,,USA,,46.9164,-113.8899,airport,avwx,aviationweather.gov
KMSP,"Minneapolis-St Paul Intl, MN, US",KMSP,KMSP,,,USA,,44.882,-93.2169,airport,avwx,aviationweather.gov
KNG,Kingfisher Lake,KNG,KNG,,ON-MNRF-AFFES_KNG,Canada,ON,53.0127,-89.8548,airport,geomet,MSC
KORD,"Chicago/O'Hare Intl, IL, US",KORD,KORD,,,USA,,41.9742,-87.9073,airport,avwx,aviationweather.gov
KPDX,"Portland Intl, OR, US",KPDX,KPDX,,,USA,,45.5887,-122.5975,airport,avwx,aviationweather.gov
KRDU,"Raleigh-Durham Intl, NC, US",KRDU,KRDU,,,USA,,35.8776,-78.7875,airport,avwx,aviationweather.gov
KRN,Kearns Lake,KRN,KRN,,ON-MNRF-AFFES_KRN,Canada,ON,49.4893,-89.9955,airport,geomet,MSC
KRSN,"Ruston Rgnl, LA, US",KRSN,KRSN,,,USA,,32.51,-92.6428,airport,avwx,aviationweather.gov
KSEA,"Seattle-Tacoma Intl, WA, US",KSEA,KSEA,,,USA,,47.4502,-122.3088,airport,avwx,aviationweather.gov
KSH,Khashahpiwi Tower,KSH,KSH,,ON-MNRF-AFFES_KSH,Canada,ON,48.2364,-91.4938,airport,geomet,MSC
KSPK,"Spanish Fork Muni, UT, US",KSPK,KSPK,,,USA,,40.1121,-111.6559,airport,avwx,aviationweather.gov
KSTL,"St Louis/Lambert Intl, MO, US",KSTL,KSTL,,,USA,,38.7469,-90.37,airport,avwx,aviationweather.gov
KWA,Kwadacha North,KWA,KWA,,BC-Hydro_KWA,Canada,BC,57.62333333,-125.0731667,airport,geomet,MSC
L1,Bovine Creek Auto,L1,L1,,AB-MAF_L1,Canada,AB,56.1077,-112.5494,airport,geomet,MSC
L2,Ground Zero Auto,L2,L2,,AB-MAF_L2,Canada,AB,55.0053,-110.6079,airport,geomet,MSC
L3,Dunkirk Auto,L3,L3,,AB-MAF_L3,Canada,AB,56.7683,-112.4878,airport,geomet,MSC
L5,Keane Auto,L5,L5,,AB-MAF_L5,Canada,AB,58.3094,-110.2822,airport,geomet,MSC
LAC,Ear Falls,LAC,LAC,,ON-MNRF-AFFES_LAC,Canada,ON,50.678,-93.1212,airport,geomet,MSC
LALC2,La Loche (Site 2),LALC2,LALC2,,SK-SPSA-WMB_LALC2,Canada,SK,56.48528,-109.4208,airport,geomet,MSC
LANGARA,LANGARA,LANGARA,LANGARA,71899,1054500,Canada,BC,54.2551,-133.058,airport,geomet,MSC
LATH,Lathom AGCM,LATH,LATH,,AB-MAI_LATH,Canada,AB,50.6004,-112.2903,airport,geomet,MSC
LBC,Lake Labitiche,LBC,LBC,,ON-MNRF-AFFES_LBC,Canada,ON,46.8644,-82.2017,airport,geomet,MSC
LBEAR,Little Bear lake,LBEAR,LBEAR,,SK-SPSA-WMB_LBEAR,Canada,SK,54.2747,-104.4153,airport,geomet,MSC
LCU,Lamont Creek Upper,LCU,LCU,,BC-Hydro_LCU,Canada,BC,49.581909,-122.314283,airport,geomet,MSC
LDEN,Linden AGCM,LDEN,LDEN,71035,AB-MAI_LDEN,Canada,AB,51.6191,-113.6558,airport,geomet,MSC
LEED,Leedale AGDM,LEED,LEED,71565,AB-MAI_LEED,Canada,AB,52.5531,-114.4725,airport,geomet,MSC
LEGA,Legal AGCM,LEGA,LEGA,71544,AB-MAI_LEGA,Canada,AB,54.003,-113.4744,airport,geomet,MSC
LENNARD,LENNARD ISLAND,LENNARD,LENNARD,,1034600,Canada,BC,49.1105,-125.9233,airport,geomet,MSC
LGA,Legend Auto,LGA,LGA,,AB-MAF_LGA,Canada,AB,57.4504,-112.8793,airport,geomet,MSC
LINA,St. Lina AGCM,LINA,LINA,71548,AB-MAI_LINA,Canada,AB,54.2823,-111.4515,airport,geomet,MSC
LIND,Lindbergh AGDM,LIND,LIND,71567,AB-MAI_LIND,Canada,AB,53.943,-110.5789,airport,geomet,MSC
LLDM,Lloydminster LITE,LLDM,LLDM,,AB-MAI_LLDM,Canada,AB,53.3581,-110.0253,airport,geomet,MSC
LLK,Lost Lake,LLK,LLK,,ON-MNRF-AFFES_LLK,Canada,ON,47.69,-80.6382,airport,geomet,MSC
LMA,Leismer Auto,LMA,LMA,,AB-MAF_LMA,Canada,AB,55.6897,-111.2847,airport,geomet,MSC
LOA,Lovett Auto,LOA,LOA,,AB-MAF_LOA,Canada,AB,53.0311,-116.662,airport,geomet,MSC
LODG,Lodge Creek AGCM,LODG,LODG,,AB-MAI_LODG,Canada,AB,49.4577,-110.3412,airport,geomet,MSC
LOO,Loon Lake,LOO,LOO,,ON-MNRF-AFFES_LOO,Canada,ON,47.4256,-79.8079,airport,geomet,MSC
LOONL,Loon Lake,LOONL,LOONL,,SK-SPSA-WMB_LOONL,Canada,SK,54.0258,-109.1847,airport,geomet,MSC
LST,Williston Lake at Lost Cabin Creek,LST,LST,,BC-Hydro_LST,Canada,BC,56.04997,-123.74819,airport,geomet,MSC
LUNT,Lunts Brook,LUNT,LUNT,,NB-DNRED_LUNT,Canada,NB,47.50833333,-68.215,airport,geomet,MSC
MAN,Manitouwadge,MAN,MAN,,ON-MNRF-AFFES_MAN,Canada,ON,49.0852,-85.8541,airport,geomet,MSC
MANB,Manyberries AGCM,MANB,MANB,71051,AB-MAI_MANB,Canada,AB,49.3638,-110.6781,airport,geomet,MSC
MANN,Manning AGDM,MANN,MANN,71229,AB-MAI_MANN,Canada,AB,56.9738,-117.4508,airport,geomet,MSC
MAS,Massey,MAS,MAS,,ON-MNRF-AFFES_MAS,Canada,ON,46.2145,-82.0664,airport,geomet,MSC
MASI,Masinasin AGDM,MASI,MASI,71345,AB-MAI_MASI,Canada,AB,49.1368,-111.6518,airport,geomet,MSC
MBA,Mayberne Auto,MBA,MBA,,AB-MAF_MBA,Canada,AB,53.86,-116.658,airport,geomet,MSC
MCD,MacDowell Lake,MCD,MCD,,ON-MNRF-AFFES_MCD,Canada,ON,52.2798,-92.5483,airport,geomet,MSC
MCINNES,MCINNES ISLAND,MCINNES,MCINNES,71897,1065010,Canada,BC,52.25,-128.75,airport,geomet,MSC
MCKNZ,Mackenzie Falls,MCKNZ,MCKNZ,,SK-SPSA-WMB_MCKNZ,Canada,SK,56.6672,-106.2061,airport,geomet,MSC
MCLNN,McLennan Lake,MCLNN,MCLNN,,SK-SPSA-WMB_MCLNN,Canada,SK,55.8167,-104.5508,airport,geomet,MSC
MCLRG,McClurg,MCLRG,MCLRG,,SK-SPSA-WMB_MCLRG,Canada,SK,55.17378,-106.70239,airport,geomet,MSC
MCQ,McQue Terrace,MCQ,MCQ,,BC-Hydro_MCQ,Canada,BC,56.9815,-123.4041667,airport,geomet,MSC
MCRA,McRae Lake,MCRA,MCRA,,NB-DNRED_MCRA,Canada,NB,47.685,-66.24333333,airport,geomet,MSC
MDA,Medicine Lake Auto,MDA,MDA,,AB-MAF_MDA,Canada,AB,52.8166,-114.8743,airport,geomet,MSC
MEA,Meakin,MEA,MEA,,ON-MNRF-AFFES_MEA,Canada,ON,47.0384,-82.8157,airport,geomet,MSC
MEAD,Meadow Brook,MEAD,MEAD,,NB-DNRED_MEAD,Canada,NB,46.44833333,-65.80333333,airport,geomet,MSC
MED,Medcalfe Lake,MED,MED,,ON-MNRF-AFFES_MED,Canada,ON,50.9576,-90.4218,airport,geomet,MSC
MERRY,MERRY ISLAND LIGHTSTATION,MERRY,MERRY,,1045100,Canada,BC,49.4675,-123.9125,airport,geomet,MSC
MILST,Milestone,MILST,MILST,,SK-SPSA-WMB_MILST,Canada,SK,49.93683333,-104.601,airport,geomet,MSC
MIS,Mission Ridge,MIS,MIS,,BC-Hydro_MIS,Canada,BC,50.76255556,-122.2076944,airport,geomet,MSC
MISTA,Mistatim,MISTA,MISTA,,SK-SPSA-WMB_MISTA,Canada,SK,52.95,-103.3755,airport,geomet,MSC
MLA,Medicine Lodge Auto,MLA,MLA,,AB-MAF_MLA,Canada,AB,53.552,-116.968,airport,geomet,MSC
MLNSA,Molanosa,MLNSA,MLNSA,,SK-SPSA-WMB_MLNSA,Canada,SK,54.4411,-105.5225,airport,geomet,MSC
MLP,McGillivray Pass,MLP,MLP,,BC-Hydro_MLP,Canada,BC,50.69855556,-122.625375,airport,geomet,MSC
MLPRK,Maple Creek,MLPRK,MLPRK,,SK-SPSA-WMB_MLPRK,Canada,SK,54.4061,-108.6428,airport,geomet,MSC
MNKTA,Mankota,MNKTA,MNKTA,,SK-SPSA-WMB_MNKTA,Canada,SK,49.32072222,-107.0157778,airport,geomet,MSC
MNS,Mount Sheba,MNS,MNS,,BC-Hydro_MNS,Canada,BC,54.52666667,-121.8041667,airport,geomet,MSC
MOA,Moberly Auto,MOA,MOA,,AB-MAF_MOA,Canada,AB,53.53,-118.018,airport,geomet,MSC
MOB,Moberly River near Fort St. John,MOB,MOB,,BC-Hydro_MOB,Canada,BC,56.092706,-121.366408,airport,geomet,MSC
MOC,Monkman Creek,MOC,MOC,,BC-Hydro_MOC,Canada,BC,54.72528056,-121.2316972,airport,geomet,MSC
MOL,Molson Creek,MOL,MOL,,BC-Hydro_MOL,Canada,BC,52.22055556,-118.2258333,airport,geomet,MSC
MOOSE,Moose Mountain Park,MOOSE,MOOSE,,SK-SPSA-WMB_MOOSE,Canada,SK,49.83493,-102.29232,airport,geomet,MSC
MOR,Morrissey Ridge,MOR,MOR,,BC-Hydro_MOR,Canada,BC,49.44702778,-114.973675,airport,geomet,MSC
MORR,Morrin AGDM,MORR,MORR,71257,AB-MAI_MORR,Canada,AB,51.66,-112.6746,airport,geomet,MSC
MOSS,Mossleigh AGCM,MOSS,MOSS,71057,AB-MAI_MOSS,Canada,AB,50.6726,-113.3487,airport,geomet,MSC
MOY,Moyie Mountain,MOY,MOY,,BC-Hydro_MOY,Canada,BC,49.251251,-115.773837,airport,geomet,MSC
MPA,Mountain Park Auto,MPA,MPA,,AB-MAF_MPA,Canada,AB,52.911,-117.281,airport,geomet,MSC
MQA,Muskwa  Auto,MQA,MQA,,AB-MAF_MQA,Canada,AB,56.0815,-114.6548,airport,geomet,MSC
MRA,Marten Mountain Auto,MRA,MRA,,AB-MAF_MRA,Canada,AB,55.4709,-114.787,airport,geomet,MSC
MRNM,Myrnam LITE,MRNM,MRNM,71065,AB-MAI_MRNM,Canada,AB,53.7081,-111.1331,airport,geomet,MSC
MSK,Muskwa-Kechika,MSK,MSK,,BC-Hydro_MSK,Canada,BC,56.781357,-123.10623,airport,geomet,MSC
MTC,Matachewan,MTC,MTC,,ON-MNRF-AFFES_MTC,Canada,ON,48.0165,-80.8491,airport,geomet,MSC
MTN,Marten River,MTN,MTN,,ON-MNRF-AFFES_MTN,Canada,ON,46.8493,-79.809,airport,geomet,MSC
MTR,Mount Revelstoke,MTR,MTR,,BC-Hydro_MTR,Canada,BC,51.03676,-118.151298,airport,geomet,MSC
MTWL,Mount Wells,MTWL,MTWL,,RioTinto_MTWL,Canada,BC,53.72923333,-126.4179333,airport,geomet,MSC
MUA,Muskeg Mountain Auto,MUA,MUA,,AB-MAF_MUA,Canada,AB,57.1353,-110.8942,airport,geomet,MSC
MULL,Mulligan Gulch,MULL,MULL,,NB-DNRED_MULL,Canada,NB,47.59333333,-66.63833333,airport,geomet,MSC
MUND,Mundare AGDM,MUND,MUND,71354,AB-MAI_MUND,Canada,AB,53.5606,-112.2961,airport,geomet,MSC
MVIL,Mannville AGCM,MVIL,MVIL,71047,AB-MAI_MVIL,Canada,AB,53.4557,-111.2555,airport,geomet,MSC
MYA,May Auto,MYA,MYA,,AB-MAF_MYA,Canada,AB,55.5623,-112.4049,airport,geomet,MSC
MYNRD,Maynard Lake,MYNRD,MYNRD,,SK-SPSA-WMB_MYNRD,Canada,SK,55.02335,-103.84157,airport,geomet,MSC
MYR,Myrt Lake,MYR,MYR,,ON-MNRF-AFFES_MYR,Canada,ON,48.4533,-90.7086,airport,geomet,MSC
NAG,Nagagami,NAG,NAG,,ON-MNRF-AFFES_NAG,Canada,ON,49.7721,-84.5564,airport,geomet,MSC
NAK,Nakina,NAK,NAK,,ON-MNRF-AFFES_NAK,Canada,ON,50.1646,-86.7999,airport,geomet,MSC
NAT,Nation River near the mouth,NAT,NAT,,BC-Hydro_NAT,Canada,BC,55.43404722,-123.6212389,airport,geomet,MSC
NBMU,Musquash,NBMU,NBMU,,NB-DNRED_NBMU,Canada,NB,45.37833333,-66.47833333,airport,geomet,MSC
NBOH,Oak Hill,NBOH,NBOH,,NB-DNRED_NBOH,Canada,NB,45.33666667,-67.33333333,airport,geomet,MSC
NBYL,St. Leonard,NBYL,NBYL,,NB-DNRED_NBYL,Canada,NB,47.15666667,-67.83166667,airport,geomet,MSC
NCL,North Crocker Lake,NCL,NCL,,ON-MNRF-AFFES_NCL,Canada,ON,48.6361,-85.3726,airport,geomet,MSC
NDE,New Denver East,NDE,NDE,,BC-Hydro_NDE,Canada,BC,49.996657,-117.358372,airport,geomet,MSC
NEIR,Nier AGDM,NEIR,NEIR,71495,AB-MAI_NEIR,Canada,AB,51.3693,-114.0994,airport,geomet,MSC
NEWS,New Sarepta AGCM,NEWS,NEWS,71067,AB-MAI_NEWS,Canada,AB,53.2624,-113.1651,airport,geomet,MSC
NIB,Summer Beaver A,NIB,NIB,,ON-MNRF-AFFES_NIB,Canada,ON,52.7125,-88.541,airport,geomet,MSC
NLENCL0001,Pippy Park in St. Johns,NLENCL0001,NLENCL0001,,NL-DECCM-WRMD_NLENCL0001,Canada,NL,47.58036,-52.73936,airport,geomet,MSC
NLENCL0002,Exploits River at Badger east of Stadium,NLENCL0002,NLENCL0002,,NL-DECCM-WRMD_NLENCL0002,Canada,NL,48.975,-56.03472,airport,geomet,MSC
NLENCL0003,Humber River at Humber Village Bridge,NLENCL0003,NLENCL0003,,NL-DECCM-WRMD_NLENCL0003,Canada,NL,49.98277,-57.76055,airport,geomet,MSC
NLENCL0004,Churchill River at end of Mud Lake Road,NLENCL0004,NLENCL0004,,NL-DECCM-WRMD_NLENCL0004,Canada,NL,53.33775,-60.18944,airport,geomet,MSC
NLENCL0005,Sandy Lake near Birchy Narrows (Camp 55),NLENCL0005,NLENCL0005,,NL-DECCM-WRMD_NLENCL0005,Canada,NL,49.27444,-56.85166,airport,geomet,MSC
NLENCL0006,Muskrat Falls MET,NLENCL0006,NLENCL0006,,NL-DECCM-WRMD_NLENCL0006,Canada,NL,53.24333,-60.75833,airport,geomet,MSC
NLENCL0007,Upper Humber River above Black Brook,NLENCL0007,NLENCL0007,,NL-DECCM-WRMD_NLENCL0007,Canada,NL,49.61833,-57.29472,airport,geomet,MSC
NLENCL0008,TLH between Churchill Falls and Lab City,NLENCL0008,NLENCL0008,,NL-DECCM-WRMD_NLENCL0008,Canada,NL,53.35972,-65.56138,airport,geomet,MSC
NLENCL0009,Metchin River near TLH,NLENCL0009,NLENCL0009,,NL-DECCM-WRMD_NLENCL0009,Canada,NL,53.43611,-62.23361,airport,geomet,MSC
NLENCL0010,Exploits below Noel Paul's Brook MET,NLENCL0010,NLENCL0010,,NL-DECCM-WRMD_NLENCL0010,Canada,NL,48.84467,-56.26941,airport,geomet,MSC
NLENCL0011,Mud Lake Road MET,NLENCL0011,NLENCL0011,,NL-DECCM-WRMD_NLENCL0011,Canada,NL,53.33525,-60.18986,airport,geomet,MSC
NMA,Nose Mountain Auto,NMA,NMA,,AB-MAF_NMA,Canada,AB,54.5514,-119.5801,airport,geomet,MSC
NOA,Notikewin Auto,NOA,NOA,,AB-MAF_NOA,Canada,AB,56.869,-118.599,airport,geomet,MSC
NON,Nonwatin,NON,NON,,ON-MNRF-AFFES_NON,Canada,ON,49.2342,-88.7462,airport,geomet,MSC
NOOTKA,NOOTKA LIGHTSTATION,NOOTKA,NOOTKA,,1035614,Canada,BC,49.6,-126.6167,airport,geomet,MSC
NORTH-AJAX,North Ajax,NORTH-AJAX,NORTH-AJAX,4600302,DFO_NORTH-AJAX,Canada,BC,49.731667,-124.774833,airport,geomet,MSC
NTY,North Tyaughton Creek,NTY,NTY,,BC-Hydro_NTY,Canada,BC,51.147525,-122.7937528,airport,geomet,MSC
NU,Nursery,NU,NU,,YT-DCS-WFM_NU,Canada,YT,60.8506611,-135.2121278,airport,geomet,MSC
OBA,Oba,OBA,OBA,,ON-MNRF-AFFES_OBA,Canada,ON,49.0223,-84.0777,airport,geomet,MSC
OGI,Ogoki Camp,OGI,OGI,,ON-MNRF-AFFES_OGI,Canada,ON,50.7658,-87.8571,airport,geomet,MSC
OGP,Ogoki Post A,OGP,OGP,,ON-MNRF-AFFES_OGP,Canada,ON,51.6572,-85.904,airport,geomet,MSC
OKE,Oke,OKE,OKE,,ON-MNRF-AFFES_OKE,Canada,ON,48.9584,-81.9676,airport,geomet,MSC
OLA,Otter Lakes Auto,OLA,OLA,,AB-MAF_OLA,Canada,AB,56.6974,-115.9231,airport,geomet,MSC
OLDS,Olds College AGDM,OLDS,OLDS,71258,AB-MAI_OLDS,Canada,AB,51.7586,-114.0846,airport,geomet,MSC
OLIV,Oliver AGDM,OLIV,OLIV,71351,AB-MAI_OLIV,Canada,AB,53.6466,-113.3546,airport,geomet,MSC
OSL,Osilinka River near End Lake,OSL,OSL,,BC-Hydro_OSL,Canada,BC,56.12661389,-124.8006972,airport,geomet,MSC
OTTER,Otter,OTTER,OTTER,,SK-SPSA-WMB_OTTER,Canada,SK,55.5794,-104.7855,airport,geomet,MSC
OYEN,Oyen AGDM,OYEN,OYEN,71342,AB-MAI_OYEN,Canada,AB,51.3797,-110.3552,airport,geomet,MSC
P1,Shell Hamberg,P1,P1,,AB-MAF_P1,Canada,AB,57.3511,-119.7606,airport,geomet,MSC
P2,Jackpine Auto,P2,P2,,AB-MAF_P2,Canada,AB,56.8808,-116.5592,airport,geomet,MSC
PAA,Panny Auto,PAA,PAA,,AB-MAF_PAA,Canada,AB,57.178,-114.614,airport,geomet,MSC
PACHENA,PACHENA POINT,PACHENA,PACHENA,,1035940,Canada,BC,48.7228,-125.0972,airport,geomet,MSC
PAK,Pack River at outlet of McLeod Lake,PAK,PAK,,BC-Hydro_PAK,Canada,BC,54.99717778,-123.0364472,airport,geomet,MSC
PAKO,Pakowki Lake AGCM,PAKO,PAKO,71070,AB-MAI_PAKO,Canada,AB,49.2248,-111.1262,airport,geomet,MSC
PANPE,PA National Park East,PANPE,PANPE,,SK-SPSA-WMB_PANPE,Canada,SK,54.17215,-105.97279,airport,geomet,MSC
PAR,Parsnip Upper,PAR,PAR,,BC-Hydro_PAR,Canada,BC,54.60555556,-122.1375833,airport,geomet,MSC
PARRH,Parr Hill,PARRH,PARRH,,SK-SPSA-WMB_PARRH,Canada,SK,52.28567,-102.0525,airport,geomet,MSC
PATR,Patricia AGCM,PATR,PATR,,AB-MAI_PATR,Canada,AB,50.7402,-111.621,airport,geomet,MSC
PAUL,St. Paul AGDM,PAUL,PAUL,71275,AB-MAI_PAUL,Canada,AB,54.011,-111.2719,airport,geomet,MSC
PDA,Petitot Auto,PDA,PDA,,AB-MAF_PDA,Canada,AB,59.5226,-119.6076,airport,geomet,MSC
PE,Pelly Farm,PE,PE,,YT-DCS-WFM_PE,Canada,YT,62.830278,-137.311083,airport,geomet,MSC
PEA,Peawanuck,PEA,PEA,,ON-MNRF-AFFES_PEA,Canada,ON,54.9898,-85.4406,airport,geomet,MSC
PEOR,Peoria AGDM,PEOR,PEOR,71348,AB-MAI_PEOR,Canada,AB,55.6212,-118.293,airport,geomet,MSC
PER,Perrault Falls,PER,PER,,ON-MNRF-AFFES_PER,Canada,ON,50.2731,-93.3365,airport,geomet,MSC
PIBR,Pibroch AGCM,PIBR,PIBR,,AB-MAI_PIBR,Canada,AB,54.3083,-113.8208,airport,geomet,MSC
PIN,Pine Lake,PIN,PIN,,ON-MNRF-AFFES_PIN,Canada,ON,49.2426,-79.9152,airport,geomet,MSC
PINE ISLAND,PINE ISLAND,PINE ISLAND,PINE ISLAND,,1026170,Canada,BC,50.9758,-127.7281,airport,geomet,MSC
PINEH,Pinehouse,PINEH,PINEH,,SK-SPSA-WMB_PINEH,Canada,SK,55.51932,-106.59858,airport,geomet,MSC
PINH,Pinhorn AGCM,PINH,PINH,,AB-MAI_PINH,Canada,AB,49.029,-111.0252,airport,geomet,MSC
PKA,Pink Mountain Alpine,PKA,PKA,,BC-Hydro_PKA,Canada,BC,57.06166667,-122.8647222,airport,geomet,MSC
PLCNA,Pelican Narrows,PLCNA,PLCNA,,SK-SPSA-WMB_PLCNA,Canada,SK,55.1889,-102.945,airport,geomet,MSC
PLE,Plevna,PLE,PLE,,ON-MNRF-AFFES_PLE,Canada,ON,44.9191,-76.9357,airport,geomet,MSC
PLEA,Pleasant View AGCM,PLEA,PLEA,,AB-MAI_PLEA,Canada,AB,54.9639,-113.3208,airport,geomet,MSC
PLL,Philip Lake,PLL,PLL,,BC-Hydro_PLL,Canada,BC,55.1238,-123.897927,airport,geomet,MSC
PMD2,Portage Mountain Development 2,PMD2,PMD2,,BC-Hydro_PMD2,Canada,BC,56.0131,-122.1829,airport,geomet,MSC
PMZA-RIKI,Rimouski,PMZA-RIKI,PMZA-RIKI,4400481,DFO_PMZA-RIKI,Canada,QC,48.666667,-68.583333,airport,geomet,MSC
PMZA-VAS,Shediac Valley,PMZA-VAS,PMZA-VAS,4400485,DFO_PMZA-VAS,Canada,QC,47.783333,-64.033333,airport,geomet,MSC
PNF,Petawawa,PNF,PNF,,ON-MNRF-AFFES_PNF,Canada,ON,45.9934,-77.4385,airport,geomet,MSC
PNK,Pink Mountain,PNK,PNK,,BC-Hydro_PNK,Canada,BC,57.00196667,-122.3535,airport,geomet,MSC
POA,Ponton Auto,POA,POA,,AB-MAF_POA,Canada,AB,58.9319,-116.2207,airport,geomet,MSC
POLL,Pollockville AGDM,POLL,POLL,71259,AB-MAI_POLL,Canada,AB,51.1254,-111.7052,airport,geomet,MSC
POND,Mount Pondosy,POND,POND,,RioTinto_POND,Canada,BC,53.16476667,-126.8755167,airport,geomet,MSC
POP,Poplar Hill,POP,POP,,ON-MNRF-AFFES_POP,Canada,ON,52.1136,-94.2611,airport,geomet,MSC
PRCPN,Porcupine Hills,PRCPN,PRCPN,,SK-SPSA-WMB_PRCPN,Canada,SK,52.6317,-101.8283,airport,geomet,MSC
PRS,Parsnip River above Misinchinka River,PRS,PRS,,BC-Hydro_PRS,Canada,BC,55.08346944,-122.9161,airport,geomet,MSC
PSA,Pass Creek Auto,PSA,PSA,,AB-MAF_PSA,Canada,AB,54.2289,-116.84,airport,geomet,MSC
PSKWA,Puskwakau River,PSKWA,PSKWA,,SK-SPSA-WMB_PSKWA,Canada,SK,54.51,-103.525,airport,geomet,MSC
PTL,Portage Lake,PTL,PTL,,ON-MNRF-AFFES_PTL,Canada,ON,49.0695,-86.6619,airport,geomet,MSC
PUA,Puskwaskau Auto,PUA,PUA,,AB-MAF_PUA,Canada,AB,55.2191,-117.4933,airport,geomet,MSC
PUL,Pulpit Lake,PUL,PUL,,BC-Hydro_PUL,Canada,BC,57.54858333,-126.7483139,airport,geomet,MSC
PULTENEY,PULTENEY POINT,PULTENEY,PULTENEY,,1026550,Canada,BC,50.6306,-127.155,airport,geomet,MSC
PYA,Fort Chipewyan Auto,PYA,PYA,,AB-MAF_PYA,Canada,AB,58.7684,-111.1061,airport,geomet,MSC
PYN,Pine Pass,PYN,PYN,,BC-Hydro_PYN,Canada,BC,55.353,-122.6373333,airport,geomet,MSC
QIN2,Quinsam River at Argonaut Bridge 2,QIN2,QIN2,,BC-Hydro_QIN2,Canada,BC,49.929453,-125.509496,airport,geomet,MSC
QNTON,Quinton,QNTON,QNTON,,SK-SPSA-WMB_QNTON,Canada,SK,51.15766667,-104.4038333,airport,geomet,MSC
QRK,Quirke Lake,QRK,QRK,,ON-MNRF-AFFES_QRK,Canada,ON,46.4967,-82.6096,airport,geomet,MSC
QUAR,Quarryville,QUAR,QUAR,,NB-DNRED_QUAR,Canada,NB,46.825,-65.77166667,airport,geomet,MSC
QUATSINO,QUATSINO LIGHTSTATION,QUATSINO,QUATSINO,,1036572,Canada,BC,50.4411,-128.0325,airport,geomet,MSC
QUI,Quiet Lake,QUI,QUI,,YT-DCS-WFM_QUI,Canada,YT,61.1507,-133.081207,airport,geomet,MSC
R1,Clearwater Auto,R1,R1,,AB-MAF_R1,Canada,AB,51.9874,-115.24,airport,geomet,MSC
R2,Ram Falls Auto,R2,R2,,AB-MAF_R2,Canada,AB,52.0877,-115.8442,airport,geomet,MSC
R3,Elk River Auto,R3,R3,,AB-MAF_R3,Canada,AB,52.9689,-115.8647,airport,geomet,MSC
R4,Kootenay Plains Auto,R4,R4,,AB-MAF_R4,Canada,AB,52.0621,-116.4128,airport,geomet,MSC
RABTH,Rabbit Hill,RABTH,RABTH,,SK-SPSA-WMB_RABTH,Canada,SK,54.3392,-107.1953,airport,geomet,MSC
RADVL,Radville,RADVL,RADVL,,SK-SPSA-WMB_RADVL,Canada,SK,49.49416667,-104.2790833,airport,geomet,MSC
RAI,Rainbow,RAI,RAI,,YT-DCS-WFM_RAI,Canada,YT,60.6286694,-137.2819361,airport,geomet,MSC
RAIN,Rainier AGCM,RAIN,RAIN,,AB-MAI_RAIN,Canada,AB,50.3667,-112.0999,airport,geomet,MSC
RALS,Ralston AGCM,RALS,RALS,,AB-MAI_RALS,Canada,AB,50.0991,-111.2133,airport,geomet,MSC
RAN,Ranger Lake,RAN,RAN,,ON-MNRF-AFFES_RAN,Canada,ON,46.872,-83.6114,airport,geomet,MSC
RAYM,Raymond IMCIN,RAYM,RAYM,71536,AB-MAI_RAYM,Canada,AB,49.4871,-112.6754,airport,geomet,MSC
RBA,Rainbow Lake Auto,RBA,RBA,,AB-MAF_RBA,Canada,AB,58.4969,-119.4103,airport,geomet,MSC
RCYL,Rocky Lane AGCM,RCYL,RCYL,,AB-MAI_RCYL,Canada,AB,58.4518,-116.4806,airport,geomet,MSC
RDWY,Radway LITE,RDWY,RDWY,71545,AB-MAI_RDWY,Canada,AB,54.0181,-112.9767,airport,geomet,MSC
REA,Red Earth Auto,REA,REA,,AB-MAF_REA,Canada,AB,56.6606,-115.114,airport,geomet,MSC
REC,Rees Creek,REC,REC,,BC-Hydro_REC,Canada,BC,49.60536111,-125.2881667,airport,geomet,MSC
REDI,Redwater Industrial,REDI,REDI,,AB-MAI_REDI,Canada,AB,53.8433,-113.0991,airport,geomet,MSC
RHA,Round Hill Auto,RHA,RHA,,AB-MAF_RHA,Canada,AB,55.3016,-111.9951,airport,geomet,MSC
RIA,Richardson  Auto,RIA,RIA,,AB-MAF_RIA,Canada,AB,57.89,-110.971,airport,geomet,MSC
RIBS,Ribstone South AGCM,RIBS,RIBS,71089,AB-MAI_RIBS,Canada,AB,52.587,-110.3429,airport,geomet,MSC
RICH,Rich Lake AGDM,RICH,RICH,71349,AB-MAI_RICH,Canada,AB,54.5012,-111.6914,airport,geomet,MSC
RIVE,Rivercourse AGCM,RIVE,RIVE,71102,AB-MAI_RIVE,Canada,AB,53.0189,-110.102,airport,geomet,MSC
RKA,Rock Island Lake Auto,RKA,RKA,,AB-MAF_RKA,Canada,AB,55.3264,-113.4604,airport,geomet,MSC
RNB95,Route 95 / Route 540,RNB95,RNB95,,NB-DTI_RNB95,Canada,NB,46.1553,-67.7079,airport,geomet,MSC
RNBAR,Aroostook River,RNBAR,RNBAR,,NB-DTI_RNBAR,Canada,NB,46.8186,-67.7338,airport,geomet,MSC
RNBBAN,New Bandon,RNBBAN,RNBBAN,,NB-DTI_RNBBAN,Canada,NB,46.51048,-66.23289,airport,geomet,MSC
RNBBAT,Bathurst,RNBBAT,RNBBAT,,NB-DTI_RNBBAT,Canada,NB,47.59347,-65.65654,airport,geomet,MSC
RNBBL,Blackville,RNBBL,RNBBL,,NB-DTI_RNBBL,Canada,NB,46.70877,-65.8576,airport,geomet,MSC
RNBBLA,Blacklands,RNBBLA,RNBBLA,,NB-DTI_RNBBLA,Canada,NB,47.95682,-66.24298,airport,geomet,MSC
RNBBO,Bouctouche,RNBBO,RNBBO,,NB-DTI_RNBBO,Canada,NB,46.48028,-64.73545,airport,geomet,MSC
RNBCL,Copp Loop Rd.,RNBCL,RNBCL,,NB-DTI_RNBCL,Canada,NB,45.98995,-64.1432,airport,geomet,MSC
RNBCP,Cap Pele,RNBCP,RNBCP,,NB-DTI_RNBCP,Canada,NB,46.19616,-64.24735,airport,geomet,MSC
RNBCPV,Camp Petersville,RNBCPV,RNBCPV,,NB-DTI_RNBCPV,Canada,NB,45.57228,-66.38157,airport,geomet,MSC
RNBDB,Route 148 - Durham Bridge,RNBDB,RNBDB,,NB-DTI_RNBDB,Canada,NB,46.1236,-66.6111,airport,geomet,MSC
RNBDI,Dieppe,RNBDI,RNBDI,,NB-DTI_RNBDI,Canada,NB,46.12817,-64.68122,airport,geomet,MSC
RNBDIG,Digdeguash,RNBDIG,RNBDIG,,NB-DTI_RNBDIG,Canada,NB,45.16238,-66.92628,airport,geomet,MSC
RNBFR,Flume Ridge Rd.,RNBFR,RNBFR,,NB-DTI_RNBFR,Canada,NB,45.5003,-67.1104,airport,geomet,MSC
RNBGB,Grand Bay,RNBGB,RNBGB,,NB-DTI_RNBGB,Canada,NB,45.266,-66.20357,airport,geomet,MSC
RNBGW,Glenwood,RNBGW,RNBGW,,NB-DTI_RNBGW,Canada,NB,47.8508,-67.0064,airport,geomet,MSC
RNBLAV,Lavillette,RNBLAV,RNBLAV,,NB-DTI_RNBLAV,Canada,NB,47.2481,-65.39857,airport,geomet,MSC
RNBLP,Lepreau,RNBLP,RNBLP,,NB-DTI_RNBLP,Canada,NB,45.1638,-66.4866,airport,geomet,MSC
RNBMC,Moosehorn Creek,RNBMC,RNBMC,,NB-DTI_RNBMC,Canada,NB,45.61568,-65.71388,airport,geomet,MSC
RNBMD,Meductic,RNBMD,RNBMD,,NB-DTI_RNBMD,Canada,NB,46.0098,-67.536,airport,geomet,MSC
RNBME,Memramcook,RNBME,RNBME,,NB-DTI_RNBME,Canada,NB,45.99447,-64.49977,airport,geomet,MSC
RNBMF,Mont Farlagne,RNBMF,RNBMF,,NB-DTI_RNBMF,Canada,NB,47.419,-68.3841,airport,geomet,MSC
RNBMG,McGivney,RNBMG,RNBMG,,NB-DTI_RNBMG,Canada,NB,46.3328,-66.5738,airport,geomet,MSC
RNBMI,Miramichi,RNBMI,RNBMI,,NB-DTI_RNBMI,Canada,NB,47.00625,-65.42122,airport,geomet,MSC
RNBPE,Penobsquis,RNBPE,RNBPE,,NB-DTI_RNBPE,Canada,NB,45.8035,-65.3035,airport,geomet,MSC
RNBPR,Pennfield Ridge,RNBPR,RNBPR,,NB-DTI_RNBPR,Canada,NB,45.12318,-66.67247,airport,geomet,MSC
RNBQH,Quisibis Hill,RNBQH,RNBQH,,NB-DTI_RNBQH,Canada,NB,47.2886,-68.0402,airport,geomet,MSC
RNBQU,Quispamsis,RNBQU,RNBQU,,NB-DTI_RNBQU,Canada,NB,45.37718,-65.98008,airport,geomet,MSC
RNBSA,Sackville,RNBSA,RNBSA,,NB-DTI_RNBSA,Canada,NB,45.88695,-64.31842,airport,geomet,MSC
RNBSB,Shediac Bridge,RNBSB,RNBSB,,NB-DTI_RNBSB,Canada,NB,46.28228,-64.58332,airport,geomet,MSC
RNBSJ,Saint John West,RNBSJ,RNBSJ,,NB-DTI_RNBSJ,Canada,NB,45.23067,-66.14673,airport,geomet,MSC
RNBSM,St. Margaret's,RNBSM,RNBSM,,NB-DTI_RNBSM,Canada,NB,46.91048,-65.2062,airport,geomet,MSC
RNBSTH,Stonehaven,RNBSTH,RNBSTH,,NB-DTI_RNBSTH,Canada,NB,47.74276,-65.37048,airport,geomet,MSC
RNBSTM,Saint Martin,RNBSTM,RNBSTM,,NB-DTI_RNBSTM,Canada,NB,47.5594,-67.3909,airport,geomet,MSC
RNBTS,Tracadie-Sheila,RNBTS,RNBTS,,NB-DTI_RNBTS,Canada,NB,47.47486,-64.91283,airport,geomet,MSC
RNBUC,Upper Cape Rd.,RNBUC,RNBUC,,NB-DTI_RNBUC,Canada,NB,46.0958,-63.93868,airport,geomet,MSC
RNBWE,Welsford,RNBWE,RNBWE,,NB-DTI_RNBWE,Canada,NB,45.44255,-66.33047,airport,geomet,MSC
RNBWG,Waweig,RNBWG,RNBWG,,NB-DTI_RNBWG,Canada,NB,45.2043,-67.1215,airport,geomet,MSC
RNSAM,Amherst,RNSAM,RNSAM,,NS-DPW_RNSAM,Canada,NS,45.84,-64.24,airport,geomet,MSC
RNSAV,Avonport,RNSAV,RNSAV,,NS-DPW_RNSAV,Canada,NS,45.0698,-64.2213,airport,geomet,MSC
RNSBD,Bedford,RNSBD,RNSBD,,NS-DPW_RNSBD,Canada,NS,44.7466,-63.6552,airport,geomet,MSC
RNSBL,Trunk 12,RNSBL,RNSBL,,NS-DPW_RNSBL,Canada,NS,44.8926,-64.5313,airport,geomet,MSC
RNSBU,Bucklaw,RNSBU,RNSBU,,NS-DPW_RNSBU,Canada,NS,46.0238,-60.9742,airport,geomet,MSC
RNSBV,Beechville,RNSBV,RNSBV,,NS-DPW_RNSBV,Canada,NS,44.6449,-63.6619,airport,geomet,MSC
RNSCA,Canso Causeway,RNSCA,RNSCA,,NS-DPW_RNSCA,Canada,NS,45.6474,-61.4142,airport,geomet,MSC
RNSCB,Coldbrook,RNSCB,RNSCB,,NS-DPW_RNSCB,Canada,NS,45.0799,-64.5799,airport,geomet,MSC
RNSCH,Cochrane Hill,RNSCH,RNSCH,,NS-DPW_RNSCH,Canada,NS,45.2456,-62.0171,airport,geomet,MSC
RNSCO,Cornwallis,RNSCO,RNSCO,,NS-DPW_RNSCO,Canada,NS,44.6271,-65.6125,airport,geomet,MSC
RNSCP,Westchester,RNSCP,RNSCP,,NS-DPW_RNSCP,Canada,NS,45.5733,-63.7131,airport,geomet,MSC
RNSDV,Devon,RNSDV,RNSDV,,NS-DPW_RNSDV,Canada,NS,44.9166,-63.4006,airport,geomet,MSC
RNSEB,East Bay,RNSEB,RNSEB,,NS-DPW_RNSEB,Canada,NS,46.0116,-60.3846,airport,geomet,MSC
RNSFM,French Mountain,RNSFM,RNSFM,,NS-DPW_RNSFM,Canada,NS,46.7323,-60.8442,airport,geomet,MSC
RNSGV,Granite Village,RNSGV,RNSGV,,NS-DPW_RNSGV,Canada,NS,43.85872,-64.98975,airport,geomet,MSC
RNSHF,Hemford,RNSHF,RNSHF,,NS-DPW_RNSHF,Canada,NS,44.51,-64.78,airport,geomet,MSC
RNSHU,Hubbards,RNSHU,RNSHU,,NS-DPW_RNSHU,Canada,NS,44.6365,-64.079,airport,geomet,MSC
RNSIC,Irish Cove,RNSIC,RNSIC,,NS-DPW_RNSIC,Canada,NS,45.8151,-60.6936,airport,geomet,MSC
RNSKE,Kelly Lake,RNSKE,RNSKE,,NS-DPW_RNSKE,Canada,NS,44.84833145,-63.56583023,airport,geomet,MSC
RNSKI,Kingston,RNSKI,RNSKI,,NS-DPW_RNSKI,Canada,NS,44.9972,-64.947,airport,geomet,MSC
RNSKM,Kelly's Mountain,RNSKM,RNSKM,,NS-DPW_RNSKM,Canada,NS,46.2507,-60.5245,airport,geomet,MSC
RNSLC,Lake Charlotte,RNSLC,RNSLC,,NS-DPW_RNSLC,Canada,NS,44.76766,-62.93173,airport,geomet,MSC
RNSLE,Lake Echo,RNSLE,RNSLE,,NS-DPW_RNSLE,Canada,NS,44.7126,-63.3945,airport,geomet,MSC
RNSLQ,Lequille,RNSLQ,RNSLQ,,NS-DPW_RNSLQ,Canada,NS,44.7486,-65.3715,airport,geomet,MSC
RNSLV,Lornevale,RNSLV,RNSLV,,NS-DPW_RNSLV,Canada,NS,45.47096,-63.64841,airport,geomet,MSC
RNSMA,Mabou,RNSMA,RNSMA,,NS-DPW_RNSMA,Canada,NS,46.10337,-61.3567,airport,geomet,MSC
RNSME,Meteghan,RNSME,RNSME,,NS-DPW_RNSME,Canada,NS,44.2155,-66.1051,airport,geomet,MSC
RNSMF,Milford,RNSMF,RNSMF,,NS-DPW_RNSMF,Canada,NS,45.0552,-63.443683,airport,geomet,MSC
RNSMH,Marshy Hope,RNSMH,RNSMH,,NS-DPW_RNSMH,Canada,NS,45.59,-62.199999,airport,geomet,MSC
RNSMO,Monastery,RNSMO,RNSMO,,NS-DPW_RNSMO,Canada,NS,45.613,-61.63,airport,geomet,MSC
RNSMT,Mount Thom,RNSMT,RNSMT,,NS-DPW_RNSMT,Canada,NS,45.4919,-62.9985,airport,geomet,MSC
RNSMU,Mount Uniake,RNSMU,RNSMU,,NS-DPW_RNSMU,Canada,NS,44.844,-63.8055,airport,geomet,MSC
RNSMW,Mt William Road,RNSMW,RNSMW,,NS-DPW_RNSMW,Canada,NS,45.58,-62.689999,airport,geomet,MSC
RNSNS,North Sydney,RNSNS,RNSNS,,NS-DPW_RNSNS,Canada,NS,46.2,-60.27999,airport,geomet,MSC
RNSON,Truro,RNSON,RNSON,,NS-DPW_RNSON,Canada,NS,45.38736,-63.332829,airport,geomet,MSC
RNSPB,Portabello,RNSPB,RNSPB,,NS-DPW_RNSPB,Canada,NS,44.743,-63.5606,airport,geomet,MSC
RNSPC,Pictou Causeway,RNSPC,RNSPC,,NS-DPW_RNSPC,Canada,NS,45.6667,-62.7276,airport,geomet,MSC
RNSPG,Pubwash,RNSPG,RNSPG,,NS-DPW_RNSPG,Canada,NS,45.87948,-63.83214,airport,geomet,MSC
RNSPU,Pubnico,RNSPU,RNSPU,,NS-DPW_RNSPU,Canada,NS,43.6609,-65.7031,airport,geomet,MSC
RNSRB,River Bourgeois,RNSRB,RNSRB,,NS-DPW_RNSRB,Canada,NS,45.64126,-60.96385,airport,geomet,MSC
RNSSI,Seal Island,RNSSI,RNSSI,,NS-DPW_RNSSI,Canada,NS,46.2335,-60.4905,airport,geomet,MSC
RNSSM,South Mountain,RNSSM,RNSSM,,NS-DPW_RNSSM,Canada,NS,46.8421,-60.3949,airport,geomet,MSC
RNSSP,Spring Hill,RNSSP,RNSSP,,NS-DPW_RNSSP,Canada,NS,45.6915,-64.0051,airport,geomet,MSC
RNSSW,St. Andrews,RNSSW,RNSSW,,NS-DPW_RNSSW,Canada,NS,45.5555,-61.8889,airport,geomet,MSC
RNSTN,Tantallon,RNSTN,RNSTN,,NS-DPW_RNSTN,Canada,NS,44.7106,-63.8999,airport,geomet,MSC
RNSTR,Trafalgar,RNSTR,RNSTR,,NS-DPW_RNSTR,Canada,NS,45.288852,-62.65987,airport,geomet,MSC
RNSVI,Viewmount,RNSVI,RNSVI,,NS-DPW_RNSVI,Canada,NS,45.0861,-64.5313,airport,geomet,MSC
RNSWA,Waverley,RNSWA,RNSWA,,NS-DPW_RNSWA,Canada,NS,44.80633,-63.60207,airport,geomet,MSC
RNSWE,Weymouth,RNSWE,RNSWE,,NS-DPW_RNSWE,Canada,NS,44.44,-66.0,airport,geomet,MSC
RNSYA,Yarmouth,RNSYA,RNSYA,,NS-DPW_RNSYA,Canada,NS,43.9849,-66.1225,airport,geomet,MSC
ROBI,Robinson Tower,ROBI,ROBI,,NB-DNRED_ROBI,Canada,NB,47.69666667,-67.18833333,airport,geomet,MSC
ROLL,Rolling Hills AGCM,ROLL,ROLL,71105,AB-MAI_ROLL,Canada,AB,50.2651,-111.7011,airport,geomet,MSC
RONCR01,CR-1 Fort Erie,RONCR01,RONCR01,,ON_MTO_CR-01,Canada,ON,42.91021,-78.92794,airport,geomet,MSC
RONCR02,CR-2 Severn Bridge,RONCR02,RONCR02,,ON_MTO_CR-02,Canada,ON,44.74539,-79.34373,airport,geomet,MSC
RONCR04,CR-4 Bradford,RONCR04,RONCR04,,ON_MTO_CR-04,Canada,ON,44.14879,-79.64198,airport,geomet,MSC
RONCR05,CR-5 Thornton,RONCR05,RONCR05,,ON_MTO_CR-05,Canada,ON,44.30122,-79.68367,airport,geomet,MSC
RONCR06,CR-6 Thorold Tunnel,RONCR06,RONCR06,,ON_MTO_CR-06,Canada,ON,43.11577,-79.19092,airport,geomet,MSC
RONCR07,CR-7 Ostryhon Corners,RONCR07,RONCR07,,ON_MTO_CR-07,Canada,ON,42.89118,-79.36625,airport,geomet,MSC
RONCR08,CR-8 Burlington,RONCR08,RONCR08,,ON_MTO_CR-08,Canada,ON,43.30917,-79.803,airport,geomet,MSC
RONCR09,CR-9 Beamsville,RONCR09,RONCR09,,ON_MTO_CR-09,Canada,ON,43.18889,-79.48119,airport,geomet,MSC
RONCR10,CR-10 Ancaster,RONCR10,RONCR10,,ON_MTO_CR-10,Canada,ON,43.21133,-79.96817,airport,geomet,MSC
RONCR11,CR-11 Etobicoke,RONCR11,RONCR11,,ON_MTO_CR-11,Canada,ON,43.679,-79.57753,airport,geomet,MSC
RONCR13,CR-13 Mississauga,RONCR13,RONCR13,,ON_MTO_CR-13,Canada,ON,43.55521,-79.61126,airport,geomet,MSC
RONCR14,CR-14 Gormley,RONCR14,RONCR14,,ON_MTO_CR-14,Canada,ON,43.99538,-79.39522,airport,geomet,MSC
RONCR15,CR-15 Woodbridge,RONCR15,RONCR15,,ON_MTO_CR-15,Canada,ON,43.79456,-79.53942,airport,geomet,MSC
RONCR16,CR-16 King City,RONCR16,RONCR16,,ON_MTO_CR-16,Canada,ON,43.93903,-79.56995,airport,geomet,MSC
RONCR17,CR-17 Scarborough,RONCR17,RONCR17,,ON_MTO_CR-17,Canada,ON,43.77745,-79.27547,airport,geomet,MSC
RONCR18,CR-18 Whitby,RONCR18,RONCR18,,ON_MTO_CR-18,Canada,ON,43.86936,-78.9015,airport,geomet,MSC
RONCR19,CR-19 Newtonville,RONCR19,RONCR19,,ON_MTO_CR-19,Canada,ON,43.93584,-78.46915,airport,geomet,MSC
RONCR20,CR-20 Cannington,RONCR20,RONCR20,,ON_MTO_CR-20,Canada,ON,44.37253,-79.10743,airport,geomet,MSC
RONCR21,CR-21 Edenvale,RONCR21,RONCR21,,ON_MTO_CR-21,Canada,ON,44.46524,-79.86849,airport,geomet,MSC
RONCR22,CR-22 Welland River Bridge,RONCR22,RONCR22,,ON_MTO_CR-22,Canada,ON,43.046878,-79.122036,airport,geomet,MSC
RONCR23,CR-23 Hwy 404/401,RONCR23,RONCR23,,ON_MTO_CR-23,Canada,ON,43.77,-79.33861,airport,geomet,MSC
RONCR26,CR-26 Port Perry,RONCR26,RONCR26,,ON_MTO_CR-26,Canada,ON,44.10583,-78.91666,airport,geomet,MSC
RONCR27,CR-27 Campbellville,RONCR27,RONCR27,,ON_MTO_CR-27,Canada,ON,43.5037,-79.95725,airport,geomet,MSC
RONCR28,CR-28 Clappison's Corners,RONCR28,RONCR28,,ON_MTO_CR-28,Canada,ON,43.3102778,-79.9144445,airport,geomet,MSC
RONCR29,CR-29 Waubaushene,RONCR29,RONCR29,,ON_MTO_CR-29,Canada,ON,44.74699,-79.70215,airport,geomet,MSC
RONCR30,CR-30 East Gwilimbury,RONCR30,RONCR30,,ON_MTO_CR-30,Canada,ON,44.177535,-79.448063,airport,geomet,MSC
RONER02,ER-2 Ashton Overpass,RONER02,RONER02,,ON_MTO_ER-02,Canada,ON,45.17901,-76.04695556,airport,geomet,MSC
RONER03,ER-3 Prescott 401/416,RONER03,RONER03,,ON_MTO_ER-03,Canada,ON,44.74868367,-75.48874722,airport,geomet,MSC
RONER05,ER-5 Napanee,RONER05,RONER05,,ON_MTO_ER-05,Canada,ON,44.27127083,-76.92141111,airport,geomet,MSC
RONER06,ER-6 Grafton,RONER06,RONER06,,ON_MTO_ER-06,Canada,ON,44.004508,-78.02619167,airport,geomet,MSC
RONER07,ER-7 Trenton,RONER07,RONER07,,ON_MTO_ER-07,Canada,ON,44.127769,-77.59431111,airport,geomet,MSC
RONER08,ER-8 Morrisburg,RONER08,RONER08,,ON_MTO_ER-08,Canada,ON,44.9176995,-75.19698333,airport,geomet,MSC
RONER09,ER-9 Kingston,RONER09,RONER09,,ON_MTO_ER-09,Canada,ON,44.28667083,-76.57147222,airport,geomet,MSC
RONER10,ER-10 Brockville,RONER10,RONER10,,ON_MTO_ER-10,Canada,ON,44.61277367,-75.68375278,airport,geomet,MSC
RONER11,ER-11 Renfrew,RONER11,RONER11,,ON_MTO_ER-11,Canada,ON,45.48486317,-76.651625,airport,geomet,MSC
RONER12,ER-12 Petawawa,RONER12,RONER12,,ON_MTO_ER-12,Canada,ON,45.88784067,-77.30774444,airport,geomet,MSC
RONER13,ER-13 Cornwall,RONER13,RONER13,,ON_MTO_ER-13,Canada,ON,45.05265783,-74.77493889,airport,geomet,MSC
RONER14,ER-14 Curry Hill,RONER14,RONER14,,ON_MTO_ER-14,Canada,ON,45.19166133,-74.38253889,airport,geomet,MSC
RONER15,ER-15 Vankleek Hill,RONER15,RONER15,,ON_MTO_ER-15,Canada,ON,45.56435833,-74.50019444,airport,geomet,MSC
RONER16,ER-16 Casselman,RONER16,RONER16,,ON_MTO_ER-16,Canada,ON,45.30329217,-75.10064167,airport,geomet,MSC
RONER17,ER-17 Otter Lake,RONER17,RONER17,,ON_MTO_ER-17,Canada,ON,44.77900783,-76.11031111,airport,geomet,MSC
RONER19,ER-19 Bancroft,RONER19,RONER19,,ON_MTO_ER-19,Canada,ON,45.063754,-77.82680833,airport,geomet,MSC
RONER20,ER-20 Villiers,RONER20,RONER20,,ON_MTO_ER-20,Canada,ON,44.32964633,-78.13503056,airport,geomet,MSC
RONER21,ER-21 Landsdowne,RONER21,RONER21,,ON_MTO_ER-21,Canada,ON,44.37805633,-76.00755556,airport,geomet,MSC
RONER22,ER-22 Arnprior (Madawaska),RONER22,RONER22,,ON_MTO_ER-22,Canada,ON,45.41994367,-76.34523056,airport,geomet,MSC
RONER23,ER-23 Salmon River,RONER23,RONER23,,ON_MTO_ER-23,Canada,ON,44.22886,-77.178575,airport,geomet,MSC
RONER24,ER-24 Wilno,RONER24,RONER24,,ON_MTO_ER-24,Canada,ON,45.527589,-77.504085,airport,geomet,MSC
RONER25,ER-25 Marmora,RONER25,RONER25,,ON_MTO_ER-25,Canada,ON,44.46033333,-77.7623,airport,geomet,MSC
RONER26,ER-26 Kaladar,RONER26,RONER26,,ON_MTO_ER-26,Canada,ON,44.62436667,-77.14778333,airport,geomet,MSC
RONER27,ER-27 Maberly,RONER27,RONER27,,ON_MTO_ER-27,Canada,ON,44.835206,-76.5501,airport,geomet,MSC
RONER29,ER-29 Apsley,RONER29,RONER29,,ON_MTO_ER-29,Canada,ON,44.76596667,-78.09301667,airport,geomet,MSC
RONER30,ER-30 Denbigh,RONER30,RONER30,,ON_MTO_ER-30,Canada,ON,45.14276667,-77.26488333,airport,geomet,MSC
RONER31,ER-31 Madawaska,RONER31,RONER31,,ON_MTO_ER-31,Canada,ON,45.49953333,-78.02021667,airport,geomet,MSC
RONER32,ER-32 Rideau River,RONER32,RONER32,,ON_MTO_ER-32,Canada,ON,45.082,-75.63441667,airport,geomet,MSC
RONER33,ER-33 Jordon Lake,RONER33,RONER33,,ON_MTO_ER-33,Canada,ON,44.77897,-77.61997,airport,geomet,MSC
RONER34,ER-34 Tapley Quarter Line,RONER34,RONER34,,ON_MTO_ER-34,Canada,ON,44.15403,-78.49382,airport,geomet,MSC
RONER35,ER-35 Brighton,RONER35,RONER35,,ON_MTO_ER-35,Canada,ON,44.074847,-77.769183,airport,geomet,MSC
RONER36,ER-36 Rawdon Creek,RONER36,RONER36,,ON_MTO_ER-36,Canada,ON,44.32689,-77.47079,airport,geomet,MSC
RONER38,ER-38 Lindsay,RONER38,RONER38,,ON_MTO_ER-38,Canada,ON,44.3479,-78.8043,airport,geomet,MSC
RONER39,ER-39 Bloomfield,RONER39,RONER39,,ON_MTO_ER-39,Canada,ON,43.988056,-77.250556,airport,geomet,MSC
RONER40,ER-40 Sandhurst Shores,RONER40,RONER40,,ON_MTO_ER-40,Canada,ON,44.134914,-76.861502,airport,geomet,MSC
RONER41,ER-41 Ottawa,RONER41,RONER41,,ON_MTO_ER-41,Canada,ON,45.3413,-75.8146,airport,geomet,MSC
RONER42,ER-42 Essonville,RONER42,RONER42,,ON_MTO_ER-42,Canada,ON,45.00488,-78.30544,airport,geomet,MSC
RONNE04,NE-04 Devon,RONNE04,RONNE04,,ON_MTO_NE-04,Canada,ON,47.749845,-83.388921,airport,geomet,MSC
RONNE05,NE-05 Cheminis,RONNE05,RONNE05,,ON_MTO_NE-05,Canada,ON,48.143923,-79.530334,airport,geomet,MSC
RONNE06,NE-06 North Bay,RONNE06,RONNE06,,ON_MTO_NE-06,Canada,ON,46.332266,-79.485733,airport,geomet,MSC
RONNE07,NE-07 Port Loring,RONNE07,RONNE07,,ON_MTO_NE-07,Canada,ON,45.90339,-80.10554,airport,geomet,MSC
RONNE08,NE-08 Killarney Park,RONNE08,RONNE08,,ON_MTO_NE-08,Canada,ON,46.01215,-81.39783,airport,geomet,MSC
RONNE09,NE-09 Moonbeam,RONNE09,RONNE09,,ON_MTO_NE-09,Canada,ON,49.355038,-82.199946,airport,geomet,MSC
RONNE10,NE-10 Ameson,RONNE10,RONNE10,,ON_MTO_NE-10,Canada,ON,49.756486,-84.95731,airport,geomet,MSC
RONNE11,NE-11 Shilington,RONNE11,RONNE11,,ON_MTO_NE-11,Canada,ON,48.53792,-80.678195,airport,geomet,MSC
RONNE12,NE-12 Gore Bay,RONNE12,RONNE12,,ON_MTO_NE-12,Canada,ON,45.896252,-82.455185,airport,geomet,MSC
RONNE13,NE-13 Bruce Mines,RONNE13,RONNE13,,ON_MTO_NE-13,Canada,ON,46.301797,-83.781564,airport,geomet,MSC
RONNE14,NE-14 Blind River,RONNE14,RONNE14,,ON_MTO_NE-14,Canada,ON,46.18402,-82.88433,airport,geomet,MSC
RONNR01,NR-1 Parry Sound,RONNR01,RONNR01,,ON_MTO_NR-01,Canada,ON,45.33142,-79.96399,airport,geomet,MSC
RONNR01P,NR-01P French River - Pilot,RONNR01P,RONNR01P,,ON_MTO_NR-01P,Canada,ON,46.017385,-80.58241,airport,geomet,MSC
RONNR02,NR-2 Bissett Creek,RONNR02,RONNR02,,ON_MTO_NR-02,Canada,ON,46.22347,-78.06786,airport,geomet,MSC
RONNR02P,NR-02P Point Aux Baril - Pilot,RONNR02P,RONNR02P,,ON_MTO_NR-02P,Canada,ON,45.567729,-80.329512,airport,geomet,MSC
RONNR03,NR-3 Crooked Bay,RONNR03,RONNR03,,ON_MTO_NR-03,Canada,ON,44.91844,-79.774711,airport,geomet,MSC
RONNR03P,NR-03P Tornado Road - Pilot,RONNR03P,RONNR03P,,ON_MTO_NR-03P,Canada,ON,45.90435,-80.101527,airport,geomet,MSC
RONNR04,NR-4 Utterson,RONNR04,RONNR04,,ON_MTO_NR-04,Canada,ON,45.21542,-79.31329,airport,geomet,MSC
RONNR04P,NR-04P Levack - Pilot,RONNR04P,RONNR04P,,ON_MTO_NR-04P,Canada,ON,46.601257,-81.404897,airport,geomet,MSC
RONNR05,NR-5 Naiscoot River,RONNR05,RONNR05,,ON_MTO_NR-05,Canada,ON,45.65745,-80.41116,airport,geomet,MSC
RONNR05P,NR-05P South Baymouth - Pilot,RONNR05P,RONNR05P,,ON_MTO_NR-05P,Canada,ON,45.571481,-82.014158,airport,geomet,MSC
RONNR06,NR-6 Manitoulin Island,RONNR06,RONNR06,,ON_MTO_NR-06,Canada,ON,45.87356,-81.85032,airport,geomet,MSC
RONNR06P,NR-06P Meldrum Bay - Pilot,RONNR06P,RONNR06P,,ON_MTO_NR-06P,Canada,ON,45.921642,-83.115982,airport,geomet,MSC
RONNR07,NR-7 Sudbury,RONNR07,RONNR07,,ON_MTO_NR-07,Canada,ON,46.43512,-80.96954,airport,geomet,MSC
RONNR08,NR-8 Sturgeon Falls,RONNR08,RONNR08,,ON_MTO_NR-08,Canada,ON,46.36931,-79.74506,airport,geomet,MSC
RONNR08P,NR-08P Phillips Creek - Pilot,RONNR08P,RONNR08P,,ON_MTO_NR-08P,Canada,ON,46.35423,-83.474651,airport,geomet,MSC
RONNR09,NR-9 Temagami,RONNR09,RONNR09,,ON_MTO_NR-09,Canada,ON,47.10735,-79.7934,airport,geomet,MSC
RONNR09P,NR-09P Hwy 101/547 - Pilot,RONNR09P,RONNR09P,,ON_MTO_NR-09P,Canada,ON,48.045142,-84.549216,airport,geomet,MSC
RONNR10,NR-10 Nagagami river,RONNR10,RONNR10,,ON_MTO_NR-10,Canada,ON,49.77201,-84.53846,airport,geomet,MSC
RONNR10P,NR-10P Hwy 101/651 - Pilot,RONNR10P,RONNR10P,,ON_MTO_NR-10P,Canada,ON,47.951514,-84.208668,airport,geomet,MSC
RONNR11,NR-11 Webbwood,RONNR11,RONNR11,,ON_MTO_NR-11,Canada,ON,46.28467,-81.7725,airport,geomet,MSC
RONNR11P,NR-11P Leeburn - Pilot,RONNR11P,RONNR11P,,ON_MTO_NR-11P,Canada,ON,46.4654583,-83.80981944,airport,geomet,MSC
RONNR12,NR-12 Hagar,RONNR12,RONNR12,,ON_MTO_NR-12,Canada,ON,46.44907,-80.37595,airport,geomet,MSC
RONNR12P,NR-12P Searchmont - Pilot,RONNR12P,RONNR12P,,ON_MTO_NR-12P,Canada,ON,46.7498889,-84.06759722,airport,geomet,MSC
RONNR13,NR-13 Trout Creek,RONNR13,RONNR13,,ON_MTO_NR-13,Canada,ON,46.00765,-79.35603,airport,geomet,MSC
RONNR13P,NR-13P St. Joseph Island - Pilot,RONNR13P,RONNR13P,,ON_MTO_NR-13P,Canada,ON,46.188042,-83.979109,airport,geomet,MSC
RONNR14,NR-14 Marten River,RONNR14,RONNR14,,ON_MTO_NR-14,Canada,ON,46.74035,-79.80747,airport,geomet,MSC
RONNR14P,NR-14P Hornepayne - Pilot,RONNR14P,RONNR14P,,ON_MTO_NR-14P,Canada,ON,49.2298194,-84.77198056,airport,geomet,MSC
RONNR15,NR-15 Mattawa,RONNR15,RONNR15,,ON_MTO_NR-15,Canada,ON,46.31008,-78.65948,airport,geomet,MSC
RONNR16,NR-16 New Liskeard,RONNR16,RONNR16,,ON_MTO_NR-16,Canada,ON,47.52927,-79.67508,airport,geomet,MSC
RONNR17,NR-17 Departure Lake,RONNR17,RONNR17,,ON_MTO_NR-17,Canada,ON,49.28928,-81.78548,airport,geomet,MSC
RONNR18,NR-18 South Y,RONNR18,RONNR18,,ON_MTO_NR-18,Canada,ON,47.97108,-80.01793,airport,geomet,MSC
RONNR19,NR-19 Lowther,RONNR19,RONNR19,,ON_MTO_NR-19,Canada,ON,49.5537,-83.0064,airport,geomet,MSC
RONNR20,NR-20 Porquis Junction,RONNR20,RONNR20,,ON_MTO_NR-20,Canada,ON,48.77271,-80.82426,airport,geomet,MSC
RONNR21,NR-21 Ramore,RONNR21,RONNR21,,ON_MTO_NR-21,Canada,ON,48.40943,-80.3175,airport,geomet,MSC
RONNR22,NR-22 Montreal River Hill,RONNR22,RONNR22,,ON_MTO_NR-22,Canada,ON,47.34734,-84.62497,airport,geomet,MSC
RONNR23,NR-23 Burk's Falls,RONNR23,RONNR23,,ON_MTO_NR-23,Canada,ON,45.61605,-79.41654,airport,geomet,MSC
RONNR24,NR-24 Red Rock Lake,RONNR24,RONNR24,,ON_MTO_NR-24,Canada,ON,47.72447,-84.81211,airport,geomet,MSC
RONNR25,NR-25 Elliot Lake,RONNR25,RONNR25,,ON_MTO_NR-25,Canada,ON,46.21203,-82.57362,airport,geomet,MSC
RONNR26,NR-26 Dubreuilville Corners,RONNR26,RONNR26,,ON_MTO_NR-26,Canada,ON,48.28092,-84.88618,airport,geomet,MSC
RONNR27,NR-27 Goulais River,RONNR27,RONNR27,,ON_MTO_NR-27,Canada,ON,46.67181,-84.33547,airport,geomet,MSC
RONNR28,NR-28 Desbarats,RONNR28,RONNR28,,ON_MTO_NR-28,Canada,ON,46.33743,-84.01036,airport,geomet,MSC
RONNR30,NR-30 Benny,RONNR30,RONNR30,,ON_MTO_NR-30,Canada,ON,46.86491667,-81.62956667,airport,geomet,MSC
RONNR31,NR-31 Maple Ridge,RONNR31,RONNR31,,ON_MTO_NR-31,Canada,ON,46.27866667,-83.42896667,airport,geomet,MSC
RONNR34,NR-34 White River,RONNR34,RONNR34,,ON_MTO_NR-34,Canada,ON,48.61696667,-85.33088333,airport,geomet,MSC
RONNR36,NR-36 Hearst,RONNR36,RONNR36,,ON_MTO_NR-36,Canada,ON,49.71425,-83.8187,airport,geomet,MSC
RONNR37,NR-37 Buskegau River,RONNR37,RONNR37,,ON_MTO_NR-37,Canada,ON,49.05843333,-81.24535,airport,geomet,MSC
RONNR38,NR-38 Timmins,RONNR38,RONNR38,,ON_MTO_NR-38,Canada,ON,48.3835833,-81.571216,airport,geomet,MSC
RONNR39,NR-39 Gogama,RONNR39,RONNR39,,ON_MTO_NR-39,Canada,ON,47.70147,-81.73285,airport,geomet,MSC
RONNR40,NR-40 Mattawasaga River,RONNR40,RONNR40,,ON_MTO_NR-40,Canada,ON,48.52893333,-79.62366667,airport,geomet,MSC
RONNR44,NR-44 Smoke Creek,RONNR44,RONNR44,,ON_MTO_NR-44,Canada,ON,45.51585,-78.71775,airport,geomet,MSC
RONNR45,NR-45 Boshkung Lake,RONNR45,RONNR45,,ON_MTO_NR-45,Canada,ON,45.0457,-78.7187,airport,geomet,MSC
RONNR47,NR-47 Muskoka Falls,RONNR47,RONNR47,,ON_MTO_NR-47,Canada,ON,45.00285,-79.30194,airport,geomet,MSC
RONNR49,NR-49 Batchawana Bay,RONNR49,RONNR49,,ON_MTO_NR-49,Canada,ON,47.03291,-84.78077,airport,geomet,MSC
RONNW01,NW-1 Vermilion Bay,RONNW01,RONNW01,,ON_MTO_NW-01,Canada,ON,49.85134,-93.4291,airport,geomet,MSC
RONNW01P,NW-01P Pickle Lake - Pilot,RONNW01P,RONNW01P,,ON_MTO_NW-01P,Canada,ON,51.480051,-90.161573,airport,geomet,MSC
RONNW02,NW-02 Nipigon,RONNW02,RONNW02,,ON_MTO_NW-02,Canada,ON,49.02088,-88.243179,airport,geomet,MSC
RONNW02P,NW-02P O'Connor - Pilot,RONNW02P,RONNW02P,,ON_MTO_NW-02P,Canada,ON,48.383664,-89.700999,airport,geomet,MSC
RONNW03,NW-03 Thunder Bay,RONNW03,RONNW03,,ON_MTO_NW-03,Canada,ON,48.405651,-89.287172,airport,geomet,MSC
RONNW03P,NW-03P Bergland - Pilot,RONNW03P,RONNW03P,,ON_MTO_NW-03P,Canada,ON,48.942576,-94.38786,airport,geomet,MSC
RONNW04,NW-4 Rush Bay,RONNW04,RONNW04,,ON_MTO_NW-04,Canada,ON,49.72437,-94.94845,airport,geomet,MSC
RONNW05,NW-5 Ignace-West,RONNW05,RONNW05,,ON_MTO_NW-05,Canada,ON,49.46072,-91.87811,airport,geomet,MSC
RONNW06,NW-6 Huronian,RONNW06,RONNW06,,ON_MTO_NW-06,Canada,ON,48.65394,-90.41919,airport,geomet,MSC
RONNW07,NW-7 Gorge Creek,RONNW07,RONNW07,,ON_MTO_NW-07,Canada,ON,49.30305,-88.09916,airport,geomet,MSC
RONNW08,NW-8 Pearl,RONNW08,RONNW08,,ON_MTO_NW-08,Canada,ON,48.66418,-88.65769,airport,geomet,MSC
RONNW09,NW-9 Longlac,RONNW09,RONNW09,,ON_MTO_NW-09,Canada,ON,49.79317,-86.31769,airport,geomet,MSC
RONNW10,NW-10 Manitouwadge Corners,RONNW10,RONNW10,,ON_MTO_NW-10,Canada,ON,48.70417,-85.85834,airport,geomet,MSC
RONNW14,NW-14 Raith,RONNW14,RONNW14,,ON_MTO_NW-14,Canada,ON,48.89988,-90.00229,airport,geomet,MSC
RONNW15,NW-15 Seine River,RONNW15,RONNW15,,ON_MTO_NW-15,Canada,ON,48.73493,-92.2846,airport,geomet,MSC
RONNW16,NW-16 Pigeon River,RONNW16,RONNW16,,ON_MTO_NW-16,Canada,ON,48.0523,-89.54055,airport,geomet,MSC
RONNW17,NW-17 English River,RONNW17,RONNW17,,ON_MTO_NW-17,Canada,ON,49.23187,-90.96603,airport,geomet,MSC
RONNW18,NW-18 Rainy River,RONNW18,RONNW18,,ON_MTO_NW-18,Canada,ON,48.72242,-94.47468,airport,geomet,MSC
RONNW19,NW-19 Gravel River,RONNW19,RONNW19,,ON_MTO_NW-19,Canada,ON,48.92083,-87.77083,airport,geomet,MSC
RONNW20,NW-20 Sioux Narrows,RONNW20,RONNW20,,ON_MTO_NW-20,Canada,ON,49.44753,-94.00313,airport,geomet,MSC
RONNW21,NW-21 Sapawe,RONNW21,RONNW21,,ON_MTO_NW-21,Canada,ON,48.75332,-91.3355,airport,geomet,MSC
RONNW24,NW-24 Sistonens,RONNW24,RONNW24,,ON_MTO_NW-24,Canada,ON,48.53376667,-89.64311667,airport,geomet,MSC
RONNW25,NW-25 Rock Point,RONNW25,RONNW25,,ON_MTO_NW-25,Canada,ON,49.70618333,-87.38045,airport,geomet,MSC
RONNW26,NW-26 Flynn Lake Tower,RONNW26,RONNW26,,ON_MTO_NW-26,Canada,ON,49.80038333,-85.7119,airport,geomet,MSC
RONNW27,NW-27 Steel River,RONNW27,RONNW27,,ON_MTO_NW-27,Canada,ON,48.7769,-86.8856,airport,geomet,MSC
RONNW28,NW-28 Noden Causeway,RONNW28,RONNW28,,ON_MTO_NW-28,Canada,ON,48.65266,-93.30688,airport,geomet,MSC
RONNW29,NW-29 Perrault Falls,RONNW29,RONNW29,,ON_MTO_NW-29,Canada,ON,50.194775,-93.207611,airport,geomet,MSC
RONNW30,NW-30 HWY527 @ Lasseter Lake,RONNW30,RONNW30,,ON_MTO_NW-30,Canada,ON,48.849909,-89.122107,airport,geomet,MSC
RONNW31,NW-31 Emo,RONNW31,RONNW31,,ON_MTO_NW-31,Canada,ON,48.64343,-93.915874,airport,geomet,MSC
RONSW01,WR-1 Allenford,RONSW01,RONSW01,,ON_MTO_SW-01,Canada,ON,44.53017,-81.20883,airport,geomet,MSC
RONSW02,WR-2 Elginfield,RONSW02,RONSW02,,ON_MTO_SW-02,Canada,ON,43.15078,-81.34683,airport,geomet,MSC
RONSW03,WR-3 Kitchener,RONSW03,RONSW03,,ON_MTO_SW-03,Canada,ON,43.43562,-80.4564,airport,geomet,MSC
RONSW04,WR-4 Guelph,RONSW04,RONSW04,,ON_MTO_SW-04,Canada,ON,43.4499,-80.14992,airport,geomet,MSC
RONSW05,WR-5 Ostrander,RONSW05,RONSW05,,ON_MTO_SW-05,Canada,ON,42.90857,-80.76068,airport,geomet,MSC
RONSW06,WR-6 Port Elgin,RONSW06,RONSW06,,ON_MTO_SW-06,Canada,ON,44.390132,-81.4236,airport,geomet,MSC
RONSW07,WR-7 Putnam Scale,RONSW07,RONSW07,,ON_MTO_SW-07,Canada,ON,42.97263,-80.97228,airport,geomet,MSC
RONSW08,WR-8 Seaforth,RONSW08,RONSW08,,ON_MTO_SW-08,Canada,ON,43.56605,-81.42234,airport,geomet,MSC
RONSW09,WR-9 Strathroy,RONSW09,RONSW09,,ON_MTO_SW-09,Canada,ON,42.95455,-81.5285,airport,geomet,MSC
RONSW10,WR-10 Tower Line,RONSW10,RONSW10,,ON_MTO_SW-10,Canada,ON,43.124,-80.69433,airport,geomet,MSC
RONSW12,WR-12 Amberley,RONSW12,RONSW12,,ON_MTO_SW-12,Canada,ON,44.01407,-81.71066,airport,geomet,MSC
RONSW13,WR-13 Mount Forest,RONSW13,RONSW13,,ON_MTO_SW-13,Canada,ON,43.94754,-80.71629,airport,geomet,MSC
RONSW17,WR-17 Orangeville,RONSW17,RONSW17,,ON_MTO_SW-17,Canada,ON,43.97064,-80.11068,airport,geomet,MSC
RONSW18,WR-18 St. George,RONSW18,RONSW18,,ON_MTO_SW-18,Canada,ON,43.24242,-80.29077,airport,geomet,MSC
RONSW19,WR-19 Windsor,RONSW19,RONSW19,,ON_MTO_SW-19,Canada,ON,42.24194,-82.91183,airport,geomet,MSC
RONSW21,WR-21 Wallaceburg,RONSW21,RONSW21,,ON_MTO_SW-21,Canada,ON,42.54792,-82.36372,airport,geomet,MSC
RONSW22,WR-22 Rodney,RONSW22,RONSW22,,ON_MTO_SW-22,Canada,ON,42.5965,-81.65468,airport,geomet,MSC
RONSW23,WR-23 Southwold,RONSW23,RONSW23,,ON_MTO_SW-23,Canada,ON,42.8171,-81.315,airport,geomet,MSC
RONSW24,WR-24 Sarnia,RONSW24,RONSW24,,ON_MTO_SW-24,Canada,ON,42.99243,-82.17643,airport,geomet,MSC
RONSW25,WR-25 Durham,RONSW25,RONSW25,,ON_MTO_SW-25,Canada,ON,44.05002,-80.79426,airport,geomet,MSC
RONSW26,WR-26 Gowanstown,RONSW26,RONSW26,,ON_MTO_SW-26,Canada,ON,43.79166,-80.90575,airport,geomet,MSC
RONSW27,WR-27 Grand Bend,RONSW27,RONSW27,,ON_MTO_SW-27,Canada,ON,43.33296,-81.7395,airport,geomet,MSC
RONSW28,WR-28 Cambridge,RONSW28,RONSW28,,ON_MTO_SW-28,Canada,ON,43.40299,-80.37574,airport,geomet,MSC
RONSW29,WR-29 Southampton,RONSW29,RONSW29,,ON_MTO_SW-29,Canada,ON,44.45581,-81.37394,airport,geomet,MSC
RONSW30,WR-30 Stratford,RONSW30,RONSW30,,ON_MTO_SW-30,Canada,ON,43.3284,-81.019383,airport,geomet,MSC
RONSW32,WR-32 Flesherton,RONSW32,RONSW32,,ON_MTO_SW-32,Canada,ON,44.289,-80.599,airport,geomet,MSC
RONSW33,WR-33 Crane River,RONSW33,RONSW33,,ON_MTO_SW-33,Canada,ON,45.15331667,-81.48031667,airport,geomet,MSC
RONSW35,WR-35 Leamington,RONSW35,RONSW35,,ON_MTO_SW-35,Canada,ON,42.06726667,-82.61918333,airport,geomet,MSC
RONSW36,WR-36 Cayuga,RONSW36,RONSW36,,ON_MTO_SW-36,Canada,ON,42.968369,-79.777589,airport,geomet,MSC
RONSW38,WR-38 Meaford,RONSW38,RONSW38,,ON_MTO_SW-38,Canada,ON,44.6084,-80.6572,airport,geomet,MSC
RONSW39,WR-39 Tilbury,RONSW39,RONSW39,,ON_MTO_SW-39,Canada,ON,42.275,-82.4044,airport,geomet,MSC
RONSW40,WR-40 Fergus,RONSW40,RONSW40,,ON_MTO_SW-40,Canada,ON,43.73525,-80.420667,airport,geomet,MSC
RONWR15,WR-15 Hwy 3 Windsor,RONWR15,RONWR15,,ON_MTO_WR-15,Canada,ON,42.257099,-83.038269,airport,geomet,MSC
RONWR16,WR-16 Simcoe,RONWR16,RONWR16,,ON_MTO_WR-16,Canada,ON,42.838808,-80.343266,airport,geomet,MSC
RONWR42,WR-42 Goderich,RONWR42,RONWR42,,ON_MTO_WR-42,Canada,ON,43.77603,-81.69945,airport,geomet,MSC
RONWR43,WR-43 Collingwood,RONWR43,RONWR43,,ON_MTO_WR-43,Canada,ON,44.52575,-80.32541,airport,geomet,MSC
ROSA,Rosalind AGCM,ROSA,ROSA,71202,AB-MAI_ROSA,Canada,AB,52.7922,-112.4222,airport,geomet,MSC
ROSE,Rosemary IMCIN,ROSE,ROSE,71537,AB-MAI_ROSE,Canada,AB,50.8344,-112.0573,airport,geomet,MSC
RPEBO,Bonshaw,RPEBO,RPEBO,,PE-DTI_RPEBO,Canada,PE,46.21042,-63.33889,airport,geomet,MSC
RPEBS,Blue Shank Rd.,RPEBS,RPEBS,,PE-DTI_RPEBS,Canada,PE,46.41988,-63.59692,airport,geomet,MSC
RPEPC,Pooles Corner,RPEPC,RPEPC,,PE-DTI_RPEPC,Canada,PE,46.2107,-62.6525,airport,geomet,MSC
RPESP,St. Peters,RPESP,RPESP,,PE-DTI_RPESP,Canada,PE,46.41588,-62.61556,airport,geomet,MSC
RPEWI,West Isle,RPEWI,RPEWI,,PE-DTI_RPEWI,Canada,PE,46.81474,-64.14285,airport,geomet,MSC
RR,Ross River,RR,RR,,YT-DCS-WFM_RR,Canada,YT,61.9734,-132.4222,airport,geomet,MSC
RTH,Raith,RTH,RTH,,ON-MNRF-AFFES_RTH,Canada,ON,48.7854,-89.8863,airport,geomet,MSC
RUF,Rufus,RUF,RUF,,ON-MNRF-AFFES_RUF,Canada,ON,49.119,-82.9167,airport,geomet,MSC
RYCR,Rycroft AGCM,RYCR,RYCR,71546,AB-MAI_RYCR,Canada,AB,55.7768,-118.6681,airport,geomet,MSC
S1,Salteaux Auto,S1,S1,,AB-MAF_S1,Canada,AB,54.9161,-114.7814,airport,geomet,MSC
S2,Marten Hills Auto,S2,S2,,AB-MAF_S2,Canada,AB,55.5264,-114.5569,airport,geomet,MSC
S4,Kinuso Auto,S4,S4,,AB-MAF_S4,Canada,AB,55.3031,-115.4917,airport,geomet,MSC
S5,Loon River Auto,S5,S5,,AB-MAF_S5,Canada,AB,57.1443,-115.0798,airport,geomet,MSC
S6,Wabasca Auto,S6,S6,,AB-MAF_S6,Canada,AB,55.9627,-113.8254,airport,geomet,MSC
S7,Chip Alpac,S7,S7,,AB-MAF_S7,Canada,AB,56.5276,-113.4688,airport,geomet,MSC
SAA,Saddle Hills Auto,SAA,SAA,,AB-MAF_SAA,Canada,AB,55.623,-119.7165,airport,geomet,MSC
SAC,Sachigo A,SAC,SAC,,ON-MNRF-AFFES_SAC,Canada,ON,53.8892,-92.1896,airport,geomet,MSC
SAND,Sandy Lake AGCM,SAND,SAND,,AB-MAI_SAND,Canada,AB,53.8514,-111.8353,airport,geomet,MSC
SAVA,Savanna AGCM,SAVA,SAVA,71547,AB-MAI_SAVA,Canada,AB,56.0761,-119.3449,airport,geomet,MSC
SBD2,Salmon River below Campbell Lake Diversion 2,SBD2,SBD2,,BC-Hydro_SBD2,Canada,BC,50.093478,-125.669929,airport,geomet,MSC
SBR,Smith Bay Road,SBR,SBR,,ON-MNRF-AFFES_SBR,Canada,ON,45.9097,-80.3608,airport,geomet,MSC
SCARLETT,SCARLETT POINT,SCARLETT,SCARLETT,,1027121,Canada,BC,50.8607,-127.6133,airport,geomet,MSC
SCHU,Schuler AGDM,SCHU,SCHU,71269,AB-MAI_SCHU,Canada,AB,50.3072,-110.0905,airport,geomet,MSC
SCU,Succour Creek,SCU,SCU,,BC-Hydro_SCU,Canada,BC,51.716141,-117.541639,airport,geomet,MSC
SCUA,Edmonton South Campus UA,SCUA,SCUA,,AB-MAI_SCUA,Canada,AB,53.4901,-113.5378,airport,geomet,MSC
SDA,Swan Dive Auto,SDA,SDA,,AB-MAF_SDA,Canada,AB,54.7283,-115.3556,airport,geomet,MSC
SDL,Shaw Dam Lake,SDL,SDL,,ON-MNRF-AFFES_SDL,Canada,ON,46.358,-83.5833,airport,geomet,MSC
SDY,Sandy Lake A,SDY,SDY,,ON-MNRF-AFFES_SDY,Canada,ON,53.0618,-93.3436,airport,geomet,MSC
SDYBY,Sandy Bay,SDYBY,SDYBY,,SK-SPSA-WMB_SDYBY,Canada,SK,55.55712,-102.4439,airport,geomet,MSC
SEA,Sheep River Auto,SEA,SEA,,AB-MAF_SEA,Canada,AB,50.6392,-114.5068,airport,geomet,MSC
SEDA,Sedalia AGCM,SEDA,SEDA,71399,AB-MAI_SEDA,Canada,AB,51.5905,-110.7547,airport,geomet,MSC
SEP,Separation FAB,SEP,SEP,,ON-MNRF-AFFES_SEP,Canada,ON,50.2382,-94.4768,airport,geomet,MSC
SEVE,Seven Persons IMCIN,SEVE,SEVE,71525,AB-MAI_SEVE,Canada,AB,49.9183,-110.9149,airport,geomet,MSC
SHA,Strachan,SHA,SHA,,AB-MAF_SHA,Canada,AB,52.2367,-115.1967,airport,geomet,MSC
SHEN,Sheerness AGCM,SHEN,SHEN,,AB-MAI_SHEN,Canada,AB,51.4628,-111.6464,airport,geomet,MSC
SHH,Shalalth,SHH,SHH,,BC-Hydro_SHH,Canada,BC,50.72756111,-122.2502306,airport,geomet,MSC
SHNVN,Shaunavon,SHNVN,SHNVN,,SK-SPSA-WMB_SHNVN,Canada,SK,49.69802778,-108.5090833,airport,geomet,MSC
SHON,Shonts AGCM,SHON,SHON,71405,AB-MAI_SHON,Canada,AB,53.3325,-112.5395,airport,geomet,MSC
SIA,Simonette Auto,SIA,SIA,,AB-MAF_SIA,Canada,AB,54.229,-118.406,airport,geomet,MSC
SIM,Mount Sima,SIM,SIM,,YT-DCS-WFM_SIM,Canada,YT,60.604349,-135.06246,airport,geomet,MSC
SIO,Sioux Lookout,SIO,SIO,,ON-MNRF-AFFES_SIO,Canada,ON,50.1658,-91.8101,airport,geomet,MSC
SKI,Sikanni Lake,SKI,SKI,,BC-Hydro_SKI,Canada,BC,57.26375556,-124.1319806,airport,geomet,MSC
SLA,Slate Falls,SLA,SLA,,ON-MNRF-AFFES_SLA,Canada,ON,51.1301,-91.6588,airport,geomet,MSC
SLK,St. Leon Creek,SLK,SLK,,BC-Hydro_SLK,Canada,BC,50.43417222,-117.7012139,airport,geomet,MSC
SMO,Smokey Falls,SMO,SMO,,ON-MNRF-AFFES_SMO,Canada,ON,50.0609,-82.168,airport,geomet,MSC
SMOK,Smoky Lake AGDM,SMOK,SMOK,71274,AB-MAI_SMOK,Canada,AB,54.2648,-112.5041,airport,geomet,MSC
SNA,Snuff Mountain Auto,SNA,SNA,,AB-MAF_SNA,Canada,AB,54.6783,-117.5387,airport,geomet,MSC
SNISB,South Nisbet,SNISB,SNISB,,SK-SPSA-WMB_SNISB,Canada,SK,53.01122,-106.29005,airport,geomet,MSC
SOC,Socket Lake,SOC,SOC,,ON-MNRF-AFFES_SOC,Canada,ON,50.7787,-91.7912,airport,geomet,MSC
SOCP,Social Plains AGCM,SOCP,SOCP,,AB-MAI_SOCP,Canada,AB,50.732,-110.2147,airport,geomet,MSC
SOU,South Bay Mine,SOU,SOU,,ON-MNRF-AFFES_SOU,Canada,ON,51.1148,-92.6822,airport,geomet,MSC
SPA,Salt Prairie Auto,SPA,SPA,,AB-MAF_SPA,Canada,AB,55.6608,-115.8323,airport,geomet,MSC
SPCRV,Spruce River,SPCRV,SPCRV,,SK-SPSA-WMB_SPCRV,Canada,SK,53.5856,-106.0645,airport,geomet,MSC
SPON,Spondin AGCM,SPON,SPON,71413,AB-MAI_SPON,Canada,AB,51.816,-111.6826,airport,geomet,MSC
SQA,Sandy Lake Auto,SQA,SQA,,AB-MAF_SQA,Canada,AB,55.8215,-113.67,airport,geomet,MSC
SRA,Sand River Auto,SRA,SRA,,AB-MAF_SRA,Canada,AB,54.6469,-110.9817,airport,geomet,MSC
STA,Stony Mountain Auto,STA,STA,,AB-MAF_STA,Canada,AB,56.3897,-111.2807,airport,geomet,MSC
STAL,St. Albert Research,STAL,STAL,,AB-MAI_STAL,Canada,AB,53.692,-113.6196,airport,geomet,MSC
STAN,Standard AGCM,STAN,STAN,71440,AB-MAI_STAN,Canada,AB,51.2284,-112.9821,airport,geomet,MSC
STET,Stettler AGDM,STET,STET,71289,AB-MAI_STET,Canada,AB,52.347,-112.5955,airport,geomet,MSC
STG,Stringer Lake,STG,STG,,ON-MNRF-AFFES_STG,Canada,ON,50.0646,-80.8291,airport,geomet,MSC
STPL,St. Paul,STPL,STPL,,NB-DNRED_STPL,Canada,NB,46.36,-64.97333333,airport,geomet,MSC
STRA,Strathmore IMCIN,STRA,STRA,71526,AB-MAI_STRA,Canada,AB,51.0387,-113.2897,airport,geomet,MSC
STU,Sturgeon Lake,STU,STU,,ON-MNRF-AFFES_STU,Canada,ON,49.802,-91.1838,airport,geomet,MSC
STURT,Stuart,STURT,STURT,,SK-SPSA-WMB_STURT,Canada,SK,54.23,-104.8908,airport,geomet,MSC
STV,Stave River Upper,STV,STV,,BC-Hydro_STV,Canada,BC,49.622163,-122.404569,airport,geomet,MSC
STW,Stewart Crossing,STW,STW,,YT-DCS-WFM_STW,Canada,YT,63.373831,-136.675598,airport,geomet,MSC
SUA,Shunda Auto,SUA,SUA,,AB-MAF_SUA,Canada,AB,52.494,-115.7538,airport,geomet,MSC
SUNN,Sunnynook AGCM,SUNN,SUNN,,AB-MAI_SUNN,Canada,AB,51.3009,-111.3882,airport,geomet,MSC
SUZ,Suez Crossing,SUZ,SUZ,,ON-MNRF-AFFES_SUZ,Canada,ON,46.6679,-80.9199,airport,geomet,MSC
SVA,Steen River Auto,SVA,SVA,,AB-MAF_SVA,Canada,AB,59.6345,-117.7886,airport,geomet,MSC
SVB,Savant Base,SVB,SVB,,ON-MNRF-AFFES_SVB,Canada,ON,50.2876,-90.657,airport,geomet,MSC
SWA,Sweathouse Auto,SWA,SWA,,AB-MAF_SWA,Canada,AB,54.8989,-116.7519,airport,geomet,MSC
SWEET,Sweetgrass Landing,SWEET,SWEET,,SK-SPSA-WMB_SWEET,Canada,SK,58.8529,-111.997,airport,geomet,MSC
SWI,Swift River,SWI,SWI,,YT-DCS-WFM_SWI,Canada,YT,60.00265,-131.1893,airport,geomet,MSC
SWW,Silver Water Wheel,SWW,SWW,,ON-MNRF-AFFES_SWW,Canada,ON,50.1319,-92.7364,airport,geomet,MSC
SXN,Sioux Narrows,SXN,SXN,,ON-MNRF-AFFES_SXN,Canada,ON,49.3971,-94.0729,airport,geomet,MSC
T001,Robson Square,T001,T001,,BC-MVRD_T001,Canada,BC,49.2823,-123.1219,airport,geomet,MSC
T004,Kensington Park,T004,T004,,BC-MVRD_T004,Canada,BC,49.2792,-122.9707,airport,geomet,MSC
T006,Second Narrows,T006,T006,,BC-MVRD_T006,Canada,BC,49.3015,-123.0204,airport,geomet,MSC
T009,Rocky Point Park,T009,T009,,BC-MVRD_T009,Canada,BC,49.2809,-122.8493,airport,geomet,MSC
T012,Chilliwack Airport,T012,T012,,BC-MVRD_T012,Canada,BC,49.1558,-121.9403,airport,geomet,MSC
T013,North Delta,T013,T013,,BC-MVRD_T013,Canada,BC,49.1583,-122.9017,airport,geomet,MSC
T014,Burnaby Mountain,T014,T014,,BC-MVRD_T014,Canada,BC,49.2798,-122.9223,airport,geomet,MSC
T015,Surrey East,T015,T015,,BC-MVRD_T015,Canada,BC,49.133219,-122.695491,airport,geomet,MSC
T017,Richmond South,T017,T017,,BC-MVRD_T017,Canada,BC,49.1414,-123.1082,airport,geomet,MSC
T018,Burnaby South,T018,T018,,BC-MVRD_T018,Canada,BC,49.2152,-122.9857,airport,geomet,MSC
T020,Pitt Meadows,T020,T020,,BC-MVRD_T020,Canada,BC,49.2452,-122.7089,airport,geomet,MSC
T022,Burmount,T022,T022,,BC-MVRD_T022,Canada,BC,49.2667,-122.9355,airport,geomet,MSC
T023,Capitol Hill,T023,T023,,BC-MVRD_T023,Canada,BC,49.2879,-122.9856,airport,geomet,MSC
T024,Burnaby North,T024,T024,,BC-MVRD_T024,Canada,BC,49.2875,-123.008,airport,geomet,MSC
T026,Mahon Park,T026,T026,,BC-MVRD_T026,Canada,BC,49.324,-123.0835,airport,geomet,MSC
T027,Langley,T027,T027,,BC-MVRD_T027,Canada,BC,49.0956,-122.5671,airport,geomet,MSC
T029,Hope Airport,T029,T029,,BC-MVRD_T029,Canada,BC,49.3699,-121.4991,airport,geomet,MSC
T030,Maple Ridge,T030,T030,,BC-MVRD_T030,Canada,BC,49.2149,-122.5821,airport,geomet,MSC
T031,YVR,T031,T031,,BC-MVRD_T031,Canada,BC,49.1863,-123.1524,airport,geomet,MSC
T032,Coquitlam,T032,T032,,BC-MVRD_T032,Canada,BC,49.2883,-122.7916,airport,geomet,MSC
T033,Abbotsford,T033,T033,,BC-MVRD_T033,Canada,BC,49.0426,-122.3098,airport,geomet,MSC
T035,Horseshoe Bay,T035,T035,,BC-MVRD_T035,Canada,BC,49.3686,-123.2767,airport,geomet,MSC
T038,Annacis Island,T038,T038,,BC-MVRD_T038,Canada,BC,49.1657,-122.9607,airport,geomet,MSC
T039,Tsawwassen,T039,T039,,BC-MVRD_T039,Canada,BC,49.0099,-123.082,airport,geomet,MSC
T043,Mission,T043,T043,,BC-MVRD_T043,Canada,BC,49.14149,-122.311078,airport,geomet,MSC
T044,Agassiz,T044,T044,,BC-MVRD_T044,Canada,BC,49.23800761,-121.762264,airport,geomet,MSC
T045,Abbotsford Airport,T045,T045,,BC-MVRD_T045,Canada,BC,49.0215,-122.3265,airport,geomet,MSC
T046,Sapperton Park,T046,T046,,BC-MVRD_T046,Canada,BC,49.227045,-122.894487,airport,geomet,MSC
TAHL,Tahtsa Lake,TAHL,TAHL,,RioTinto_TAHL,Canada,BC,53.58741667,-127.6505667,airport,geomet,MSC
TAHW,Tahtsa Intake,TAHW,TAHW,,RioTinto_TAHW,Canada,BC,53.66222222,-127.1508333,airport,geomet,MSC
TAPO,Apohaqui,TAPO,TAPO,,NB-DNRED_TAPO,Canada,NB,45.6967,-65.59,airport,geomet,MSC
TATAK,Tatakoose,TATAK,TATAK,,SK-SPSA-WMB_TATAK,Canada,SK,54.5627,-109.60423,airport,geomet,MSC
TAWA,Tawatinaw AGCM,TAWA,TAWA,71549,AB-MAI_TAWA,Canada,AB,54.2999,-113.5203,airport,geomet,MSC
TAWL,Alward,TAWL,TAWL,,NB-DNRED_TAWL,Canada,NB,46.1811,-65.4179,airport,geomet,MSC
TBAN,Bantalor,TBAN,TBAN,,NB-DNRED_TBAN,Canada,NB,46.2183,-66.425,airport,geomet,MSC
TC,Tom Creek,TC,TC,,YT-DCS-WFM_TC,Canada,YT,60.278084,-128.982302,airport,geomet,MSC
TEEP,Teepee Creek AGCM,TEEP,TEEP,71690,AB-MAI_TEEP,Canada,AB,55.3524,-118.4076,airport,geomet,MSC
THERI,Theri Lake,THERI,THERI,,SK-SPSA-WMB_THERI,Canada,SK,58.45833,-104.44255,airport,geomet,MSC
THOR,Thorsby AGCM,THOR,THOR,71504,AB-MAI_THOR,Canada,AB,53.2174,-113.8948,airport,geomet,MSC
THRE,Three Hills AGCM,THRE,THRE,71249,AB-MAI_THRE,Canada,AB,51.7673,-113.2058,airport,geomet,MSC
THU,Thunder Bay,THU,THU,,ON-MNRF-AFFES_THU,Canada,ON,48.3684,-89.3925,airport,geomet,MSC
TIDE,Tide Lake AGCM,TIDE,TIDE,,AB-MAI_TIDE,Canada,AB,50.4557,-111.3214,airport,geomet,MSC
TIM,Timmins,TIM,TIM,,ON-MNRF-AFFES_TIM,Canada,ON,48.4997,-81.1788,airport,geomet,MSC
TMA,Trout Moutain Auto,TMA,TMA,,AB-MAF_TMA,Canada,AB,56.796,-114.42,airport,geomet,MSC
TNS,Townsend,TNS,TNS,,BC-Hydro_TNS,Canada,BC,56.83,-122.2397222,airport,geomet,MSC
TOCKR,Tocker Tower,TOCKR,TOCKR,,SK-SPSA-WMB_TOCKR,Canada,SK,56.8083,-109.1333,airport,geomet,MSC
TOMA,Tomahawk AGDM,TOMA,TOMA,71566,AB-MAI_TOMA,Canada,AB,53.4394,-114.7183,airport,geomet,MSC
TOMP,Tompkins Landing AGCM,TOMP,TOMP,,AB-MAI_TOMP,Canada,AB,58.0208,-116.848,airport,geomet,MSC
TORCH,Torch River,TORCH,TORCH,,SK-SPSA-WMB_TORCH,Canada,SK,53.70114,-103.91791,airport,geomet,MSC
TPA,Teepee Lake Auto,TPA,TPA,,AB-MAF_TPA,Canada,AB,56.4582,-114.1184,airport,geomet,MSC
TRA,Lake Travers,TRA,TRA,,ON-MNRF-AFFES_TRA,Canada,ON,45.9549,-78.0723,airport,geomet,MSC
TRACY,Tracey,TRACY,TRACY,,SK-SPSA-WMB_TRACY,Canada,SK,54.6656,-105.9019,airport,geomet,MSC
TRADE,Trade Lake,TRADE,TRADE,,SK-SPSA-WMB_TRADE,Canada,SK,55.39997,-103.83393,airport,geomet,MSC
TRAV,Travers AGCM,TRAV,TRAV,71848,AB-MAI_TRAV,Canada,AB,50.3038,-112.8626,airport,geomet,MSC
TRIAL IS,TRIAL ISLAND,TRIAL IS,TRIAL IS,71034,1018238,Canada,BC,48.3951,-123.3049,airport,geomet,MSC
TRIPLE,TRIPLE ISLAND,TRIPLE,TRIPLE,,1068250,Canada,BC,54.2947,-130.8803,airport,geomet,MSC
TRNLK,Turnor Lake,TRNLK,TRNLK,,SK-SPSA-WMB_TRNLK,Canada,SK,56.39908,-108.9349,airport,geomet,MSC
TRT,Trout Lake,TRT,TRT,,ON-MNRF-AFFES_TRT,Canada,ON,51.1901,-93.6221,airport,geomet,MSC
TSA,Tershishner Auto,TSA,TSA,,AB-MAF_TSA,Canada,AB,52.3367,-116.3573,airport,geomet,MSC
TSAWWASSEN,TSAWWASSEN FERRY,TSAWWASSEN,TSAWWASSEN,,1108290,Canada,BC,49.0047,-123.1328,airport,geomet,MSC
TSY,Tsaydaychi Lake,TSY,TSY,,BC-Hydro_TSY,Canada,BC,55.41635,-124.763,airport,geomet,MSC
TTA,Talbot Lake Auto,TTA,TTA,,AB-MAF_TTA,Canada,AB,57.3487,-115.6564,airport,geomet,MSC
TUC,Tuchitua,TUC,TUC,,YT-DCS-WFM_TUC,Canada,YT,60.9267194,-129.2193444,airport,geomet,MSC
TULL,Tulliby Lake AGCM,TULL,TULL,71857,AB-MAI_TULL,Canada,AB,53.6644,-110.0809,airport,geomet,MSC
TWI,Twinkle Lake,TWI,TWI,,ON-MNRF-AFFES_TWI,Canada,ON,47.1748,-80.4355,airport,geomet,MSC
TWNLK,Twin Lake,TWNLK,TWNLK,,SK-SPSA-WMB_TWNLK,Canada,SK,53.48217,-102.29633,airport,geomet,MSC
TWOH,Two Hills AGDM,TWOH,TWOH,71276,AB-MAI_TWOH,Canada,AB,53.6252,-111.6781,airport,geomet,MSC
TYA,Tony Auto,TYA,TYA,,AB-MAF_TYA,Canada,AB,54.4054,-117.4915,airport,geomet,MSC
UCE,Upper Campbell Lake near Elk River Road,UCE,UCE,,BC-Hydro_UCE,Canada,BC,49.972611,-125.584418,airport,geomet,MSC
USHTA,Ushta,USHTA,USHTA,,SK-SPSA-WMB_USHTA,Canada,SK,52.2611,-102.6361,airport,geomet,MSC
VALL,Valleyview AGDM,VALL,VALL,71277,AB-MAI_VALL,Canada,AB,55.0978,-117.1987,airport,geomet,MSC
VBW,Vermillion Bay West,VBW,VBW,,ON-MNRF-AFFES_VBW,Canada,ON,49.8778,-93.4286,airport,geomet,MSC
VERG,Verger AGCM,VERG,VERG,,AB-MAI_VERG,Canada,AB,50.8952,-111.9551,airport,geomet,MSC
VERM,Vermilion AGDM,VERM,VERM,71278,AB-MAI_VERM,Canada,AB,53.3438,-110.8818,airport,geomet,MSC
VGA,Vega Auto,VGA,VGA,,AB-MAF_VGA,Canada,AB,54.4284,-114.4295,airport,geomet,MSC
VIKI,Viking AGCM,VIKI,VIKI,71888,AB-MAI_VIKI,Canada,AB,53.1822,-111.7316,airport,geomet,MSC
VIMY,Vimy,VIMY,VIMY,,SK-SPSA-WMB_VIMY,Canada,SK,53.8275,-107.5472,airport,geomet,MSC
W1,Freeman Auto,W1,W1,,AB-MAF_W1,Canada,AB,54.5691,-115.3822,airport,geomet,MSC
W2,Eta Lake Auto,W2,W2,,AB-MAF_W2,Canada,AB,53.1834,-115.6887,airport,geomet,MSC
W3,Meekwap Auto,W3,W3,,AB-MAF_W3,Canada,AB,54.6249,-116.6597,airport,geomet,MSC
W4,Windfall Auto,W4,W4,,AB-MAF_W4,Canada,AB,54.1919,-116.2422,airport,geomet,MSC
W5,Fox Creek Auto,W5,W5,,AB-MAF_W5,Canada,AB,54.3974,-116.8025,airport,geomet,MSC
W6,Timeu Creek Auto,W6,W6,,AB-MAF_W6,Canada,AB,54.66,-114.61,airport,geomet,MSC
W7,Berland Hills Auto,W7,W7,,AB-MAF_W7,Canada,AB,54.1466,-117.8901,airport,geomet,MSC
WAA,Waiparous Auto,WAA,WAA,,AB-MAF_WAA,Canada,AB,51.4128,-115.0898,airport,geomet,MSC
WADDY,Waddy Lake,WADDY,WADDY,,SK-SPSA-WMB_WADDY,Canada,SK,56.1751,-103.8828,airport,geomet,MSC
WAH,Wahleach Reservoir Intake,WAH,WAH,,BC-Hydro_WAH,Canada,BC,49.23123333,-121.61955,airport,geomet,MSC
WAPAW,Wapawekka Lake,WAPAW,WAPAW,,SK-SPSA-WMB_WAPAW,Canada,SK,54.9763,-104.6983,airport,geomet,MSC
WARD,Wardlow AGCM,WARD,WARD,,AB-MAI_WARD,Canada,AB,50.9482,-111.5628,airport,geomet,MSC
WARN,Warner AGCM,WARN,WARN,,AB-MAI_WARN,Canada,AB,49.2829,-112.1605,airport,geomet,MSC
WASKS,Waskesiu,WASKS,WASKS,,SK-SPSA-WMB_WASKS,Canada,SK,53.8817,-106.1275,airport,geomet,MSC
WATAP,Watapi,WATAP,WATAP,,SK-SPSA-WMB_WATAP,Canada,SK,55.3308,-109.4913,airport,geomet,MSC
WATHA,Wathaman Lake,WATHA,WATHA,,SK-SPSA-WMB_WATHA,Canada,SK,57.0138,-103.624,airport,geomet,MSC
WBN,Webenville,WBN,WBN,,ON-MNRF-AFFES_WBN,Canada,ON,52.2176,-90.4575,airport,geomet,MSC
WCA,Whitecourt  Auto,WCA,WCA,,AB-MAF_WCA,Canada,AB,54.0325,-115.7208,airport,geomet,MSC
WCC,Wildcat Creek,WCC,WCC,,BC-Hydro_WCC,Canada,BC,51.69630278,-116.6294111,airport,geomet,MSC
WDA,Whitemud Auto,WDA,WDA,,AB-MAF_WDA,Canada,AB,56.4223,-118.0022,airport,geomet,MSC
WEA,Weagamow,WEA,WEA,,ON-MNRF-AFFES_WEA,Canada,ON,52.9442,-91.3124,airport,geomet,MSC
WEB,Webequie,WEB,WEB,,ON-MNRF-AFFES_WEB,Canada,ON,52.9631,-87.372,airport,geomet,MSC
WESTB,Cypress Hills West Block,WESTB,WESTB,,SK-SPSA-WMB_WESTB,Canada,SK,49.63497,-109.91962,airport,geomet,MSC
WETA,Wetaskiwin AGCM,WETA,WETA,71895,AB-MAI_WETA,Canada,AB,52.9804,-113.4442,airport,geomet,MSC
WFA,Whitefish Auto,WFA,WFA,,AB-MAF_WFA,Canada,AB,56.1834,-115.4729,airport,geomet,MSC
WGULL,White Gull,WGULL,WGULL,,SK-SPSA-WMB_WGULL,Canada,SK,53.8116,-104.562,airport,geomet,MSC
WHT,Whitewater Lake,WHT,WHT,,ON-MNRF-AFFES_WHT,Canada,ON,50.784,-89.3422,airport,geomet,MSC
WIL,Willow Creek,WIL,WIL,,YT-DCS-WFM_WIL,Canada,YT,63.009742,-136.468033,airport,geomet,MSC
WILDC,Wildcat,WILDC,WILDC,,SK-SPSA-WMB_WILDC,Canada,SK,53.0606,-102.4425,airport,geomet,MSC
WIMB,Wimborne AGCM,WIMB,WIMB,71904,AB-MAI_WIMB,Canada,AB,51.936,-113.5908,airport,geomet,MSC
WLU,Wahleach Lake Upper,WLU,WLU,,BC-Hydro_WLU,Canada,BC,49.23275,-121.5798833,airport,geomet,MSC
WMA,White Mountain Auto,WMA,WMA,,AB-MAF_WMA,Canada,AB,55.7131,-119.2498,airport,geomet,MSC
WOL,Wolf River Upper,WOL,WOL,,BC-Hydro_WOL,Canada,BC,49.70413889,-125.67925,airport,geomet,MSC
WON,Wonowon,WON,WON,,BC-Hydro_WON,Canada,BC,56.72895,-121.8047778,airport,geomet,MSC
WRA,Wandering River Auto,WRA,WRA,,AB-MAF_WRA,Canada,AB,55.2855,-112.4789,airport,geomet,MSC
WREN,Wrentham AGDM,WREN,WREN,71343,AB-MAI_WREN,Canada,AB,49.4952,-112.1116,airport,geomet,MSC
WRL,Ware Lower,WRL,WRL,,BC-Hydro_WRL,Canada,BC,57.40755556,-125.6773389,airport,geomet,MSC
WRU,Ware Upper,WRU,WRU,,BC-Hydro_WRU,Canada,BC,57.39618056,-125.7004694,airport,geomet,MSC
WUA,Wadlin Auto,WUA,WUA,,AB-MAF_WUA,Canada,AB,57.7771,-115.4556,airport,geomet,MSC
YAA,Yates Auto,YAA,YAA,,AB-MAF_YAA,Canada,AB,59.8959,-116.3472,airport,geomet,MSC
YAAFRA,Fraser,YAAFRA,YAAFRA,,YAA_YAAFRA,Canada,BC,59.715328,-135.050847,airport,geomet,MSC
YAAHP,Haines Pass,YAAHP,YAAHP,,YAA_YAAHP,Canada,BC,59.62182,-136.44297,airport,geomet,MSC
YAASUM,Summit Creek,YAASUM,YAASUM,,YAA_YAASUM,Canada,BC,59.702,-135.09,airport,geomet,MSC
YGS,Germansen Landing,YGS,YGS,,BC-Hydro_YGS,Canada,BC,55.78552778,-124.7014444,airport,geomet,MSC
YOUN,Youngstown AGCM,YOUN,YOUN,,AB-MAI_YOUN,Canada,AB,51.4906,-111.2237,airport,geomet,MSC
contrecoeur,Contrecoeur (ArcelorMittal),contrecoeur,contrecoeur,,POM_contrecoeur,Canada,QC,45.83245555,-73.281147,airport,geomet,MSC
quai_42,Quai 42,quai_42,quai_42,,POM_quai_42,Canada,QC,45.54225555,-73.53532777,airport,geomet,MSC
quai_55,Quai 55,quai_55,quai_55,,POM_quai_55,Canada,QC,45.55865,-73.525269,airport,geomet,MSC
quai_m3,Quai M-3,quai_m3,quai_m3,,POM_quai_m3,Canada,QC,45.4970111,-73.545,airport,geomet,MSC
terminal_cast,Terminal Cast,terminal_cast,terminal_cast,,POM_terminal_cast,Canada,QC,45.591869,-73.5059722,airport,geomet,MSC
